respid,price_ann_fair,price_ltci_fair,price_rmr_fair
87,17.579876496133178,0.08657939633099894,1.0697678747848268e-05
94,15.110513041814542,0.06093509724912874,0.0
109,15.010833785450938,0.2518232991037995,0.0
127,17.563668777282764,0.05914893828528457,0.0
159,17.339731693762417,0.24452740093941291,0.0
171,10.9546222788353,0.12934271493931007,0.0
222,12.948247402964821,0.20570502854795555,0.0
272,19.43988168591598,0.061604645880453696,0.00015171077426546866
346,19.72808610616235,0.05939009363881144,0.0
351,20.46116847857788,0.07628973067936781,0.0
366,15.992765415344198,0.0651790411906435,0.0009334432701539073
395,15.650243459376217,0.06782366193985874,0.0008308561529673808
406,15.384118700160744,0.05714517730514545,9.34638654517939e-05
415,14.85255488291951,0.12570401663818065,0.0022130117351687
417,17.732457206745,0.25133809232889237,0.0
426,16.287497234167912,0.11055626721604292,0.0
441,19.823549698908327,0.04839533794061049,0.00012174059814714517
442,20.88565874960051,0.06208801956132985,0.00011333456726877557
471,19.188891963379376,0.08011213710694694,0.0
486,16.088846754982235,0.28978827543218316,0.0003477236965165918
496,18.34579424176314,0.16522556193798246,0.0
504,20.096361635783435,0.07234321066651815,0.00010272032222022836
538,13.550295981932225,0.5660375592186454,0.00026738486996131605
549,17.040243489829397,0.07625372301686954,0.0
561,18.620032372488435,0.07408211962508406,0.00019276612887972872
577,15.459191310172265,0.076826661155645,0.00023315392200870332
626,11.185849218884218,0.16165533810712368,0.0
634,18.686542004325513,0.06792498134866053,0.0
646,11.401844539373377,0.2909875472988888,0.0
652,13.46509468264118,0.10012135916560143,0.0
674,15.773532923264764,0.06510097428211482,0.0003163074589630147
687,13.827745111479382,0.0890328135353259,0.0
697,10.999772123931976,0.13047152748257723,0.0
712,18.45048303634601,0.05012073530132964,0.004820947477954826
731,13.912404719592358,0.05684061781735379,0.0
738,19.40396740885883,0.0625004211276304,0.0
751,14.198421485293267,0.06454855962474096,0.0
793,13.107321790804994,0.10370036544307243,0.0011882026270022992
795,20.690509968490513,0.04833679318077503,0.0026509439102056238
817,21.862749528637018,0.07637016943704482,0.0
833,13.177836857310366,0.13489568523925413,0.0
864,20.245446726356203,0.06985040854167483,0.00010180784910683035
881,16.225180935685035,0.09761552457686112,0.00012466069008919075
897,15.297905209167261,0.10105815160432788,0.0
919,16.301125051904044,0.08383523128068215,7.927471825902622e-05
940,20.086742187501624,0.06034584385551201,0.0002952128631403136
941,16.737460365424024,0.0662949229679036,0.0010302364386208995
944,15.80402768775178,0.10296082194891101,0.0
950,18.260067722997295,0.05777823311442311,0.0011252600407718567
974,16.27717472018342,0.11549952517296326,0.0
983,10.82009632481806,0.2660749701493831,2.9980381969843116e-05
985,16.058707189755104,0.10956883666977588,0.00014766321566174353
990,11.179091025757389,0.13998150179627586,2.8736148364451073e-05
999,13.22957994326516,0.06354435436195814,0.0004608009450412226
1006,22.3596927627562,0.059947020833828385,0.0002521575107678237
1011,19.594268909665267,0.08833761066143528,0.001491012974933359
1014,17.78293748509378,0.07739536944138294,0.0004177891220794722
1019,13.314540619197471,0.080758590026255,0.001600340734645349
1031,18.959451730714925,0.10153054013873777,0.00015791956622903874
1033,14.514859082305726,0.07785226081417243,0.0024276005478484197
1035,16.770543862911964,0.07136559002372607,0.003002137268940563
1041,16.849743851784954,0.06856022426870353,0.0005788388715922895
1047,22.505450071368543,0.06153023202175378,0.00011430593888932796
1048,15.650177367631423,0.0779058572607488,0.0
1066,13.019836393308333,0.15275636395880962,0.0004261219866438571
1068,17.70595728438575,0.16528260114997134,0.0
1078,10.11419286710507,0.7199572226067572,0.0
1105,19.977196615618297,0.08273250913773751,0.0010147942188593597
1111,21.86160102023211,0.053802233296918044,0.0002690204521370801
1112,20.988753395273527,0.04200892087027804,0.010521319413395154
1114,18.346973026273428,0.077541556567411,0.00025555002363447893
1119,17.48806506434029,0.05437257778809776,0.000131031205191972
1145,14.902691533932163,0.08281993985086746,6.937615101624407e-05
1149,19.020639953177927,0.08725654431511859,0.0007228219670964172
1169,15.817181214708159,0.0948541137189266,0.0006802041175835672
1179,21.5068029341267,0.051689107466668716,0.0014406415336856168
1188,19.711879494505798,0.07265291576434167,0.000736308520247721
1200,18.07319109192393,0.07067325303615549,0.00042841404864009977
1209,20.46841298306459,0.07990371566312715,0.0
1211,15.845299248219478,0.08814270951076887,5.7094194430826805e-05
1212,15.33554063262717,0.08916299378271567,0.0005262119618942494
1227,16.066757701029417,0.09220060541556285,0.0
1238,20.68812184340114,0.05134896542060602,0.0
1248,12.293616084596371,0.178003698168262,0.0
1257,16.742541561213468,0.05657348457848369,0.0
1265,15.547015571891018,0.05907032012565467,0.0
1268,19.358097605475745,0.06941396759803677,0.0003929941425247123
1281,17.379813968343022,0.05029777465131887,0.0014136998633424104
1290,20.23764389271965,0.05596994620707475,0.00019402816019859688
1303,13.834286341268161,0.07415862276061563,0.0
1316,20.76493438991201,0.11036616265841293,0.0
1320,18.319049599138847,0.05358677501068561,0.00017995751487804174
1323,16.726071044714214,0.06637076424286702,2.5746126864643594e-05
1324,18.355701662323302,0.07014538462196501,0.001821349476462995
1332,17.892853831294506,0.06805801455508932,0.0
1355,16.74435849640854,0.09685357130782199,0.0
1364,21.362007786312123,0.044479615307802894,0.0
1370,15.085083669055965,0.07275613576079407,5.324970046838577e-05
1374,14.476398140802612,0.0609431341001416,0.000548083014570152
1389,13.784935277318269,0.10671454619875727,0.0
1404,15.041595431147393,0.07385091332290734,5.389150767847882e-05
1412,18.27968172536479,0.08587052280844772,0.00029778588447412644
1421,16.406431862391326,0.0983508663821532,0.00032866705105356035
1423,20.158549596337032,0.0691771871917503,0.0
1439,16.118835999804116,0.09289992710627909,0.0
1449,16.374034458628515,0.28010062443078415,0.0
1472,18.529034795440744,0.05088565891340374,0.0
1477,17.94433003164901,0.06584443012721185,0.0
1506,22.3793967303245,0.054130656782672315,0.0
1540,16.779371786120947,0.09649837508743249,0.0
1591,17.060340567657768,0.07403027777634491,0.0
1592,22.97866731884516,0.055487226452614856,0.0
1660,22.391721713302942,0.05693991647481275,0.0
1685,17.313902573760526,0.05126748280132041,0.0
1719,20.881735844123195,0.06514334115195002,0.00022372366267648348
1761,17.57220303807357,0.05298665831417078,0.001974646347208353
1771,18.629222722465958,0.0660853282150803,0.0
1788,20.771122274972846,0.0800017880037742,0.0
1799,17.071356128616706,0.06434143321876726,0.0013106860501109652
1805,19.186215093426405,0.06331435809175498,0.00012202082389262486
1842,19.721567711674144,0.058898481562029176,7.277010628039523e-05
1852,16.486978337463533,0.08375300844136524,0.0
1869,20.524572356390276,0.08896231719135432,0.0018853714295472906
1884,18.15114951827145,0.11962188487063007,0.0018128779200951098
1892,18.423102742032764,0.23755202396233252,0.00013048922588151167
1914,18.04306961528554,0.07297431140348068,0.0017616538104520136
1929,17.074721738706845,0.07226655287886075,0.0
1931,16.447077376628915,0.09916716604942685,0.0
1955,19.405636616838013,0.05374140955425319,0.0
1967,19.68039690389576,0.08217111673611631,0.0
1978,22.30015661581673,0.05451402604813961,0.0
2039,19.328176860715818,0.06582674183694906,2.8550975373238633e-06
2048,14.697208827100809,0.06683946720574148,0.0
2049,20.530663541742037,0.08424026862109414,0.0
2061,11.76455018278806,0.10383277744901007,9.075426370988244e-05
2086,14.775562938024079,0.06307431195026371,6.235247652709757e-05
2089,20.523942215168784,0.06192034963043697,0.0
2136,16.00034975437822,0.06796070897899079,0.0006549005318477927
2137,20.90587920371648,0.07871256680667747,0.0009626356287014588
2142,23.441229186250837,0.059900334797009215,0.0006339975106723286
2231,16.738004859051916,0.10203513531241191,0.0012001977675069522
2306,14.024149759036632,0.10696698721015704,0.0
2334,20.935431236881044,0.08734722791267192,0.0003725583760360628
2362,23.186900429201913,0.06515039499586833,5.456223645470084e-05
2365,15.801540450146744,0.13162745695279124,0.0001306597218323312
2367,20.766651218301902,0.08847712579246872,0.0010099727609046314
2371,16.420394439641804,0.07396286303062644,0.00022082699693220292
2392,17.068700771693248,0.08918141583082888,5.7240700492795436e-05
2398,17.655188472870268,0.06508934486123207,0.00011790372009923065
2436,13.901000377785651,0.10656655367448965,0.0
2442,14.828036637391738,0.08889714323487663,0.00019315842864870258
2447,12.660328079381712,0.174165221708325,5.175685539976262e-05
2454,16.501840777467812,0.15373981908992362,0.0
2457,14.806045346932414,0.0839338861183527,0.0007309273934900841
2465,11.536395537819633,0.20933284596877,0.0
2479,14.739420563960223,0.0481556094160001,0.0039507940926073945
2487,20.783134256306504,0.06012014173367432,5.7185254191976565e-05
2500,18.455204006934434,0.04955272561639661,0.0
2502,19.93016924342911,0.04810518622588947,0.0
2528,16.907351781211393,0.08864293399576208,0.00038892918243199653
2549,17.8862150398653,0.09784050153292577,0.00024270506600900695
2596,10.30777008692791,0.09370814673715161,0.00019091649256664477
2598,14.778856914910563,0.11034233523838967,0.0014261679318773482
2611,13.367392631253573,0.3075414246514492,0.0
2623,12.908111660678768,0.06381746071006894,0.0
2636,18.128339203858737,0.0704202395616176,8.14859015737062e-06
2659,13.729461538725266,0.12811803119532827,0.0
2676,18.47943009823643,0.07948467915755282,0.00012868224514790949
2685,14.715208169689214,0.10835563431668535,0.0002004629276485709
2686,19.421947925175573,0.07642172247918538,0.0010886729878431876
2709,12.314265708622939,0.07610041628610623,0.0
2726,14.50197230768679,0.35297981184372074,0.0
2728,14.655511477062285,0.13184922974132202,0.0
2745,16.766517443431145,0.07346728134332318,0.0
2758,19.856202090750006,0.10489885004801677,0.0
2768,13.939929450359783,0.14550039847321425,0.0
2783,14.847867273333376,0.29435083453146554,3.0626959546298546e-05
2804,13.29357951557446,0.10053378448803373,0.0
2829,14.372912784860116,0.10195795035869301,0.0
2866,17.668681500663475,0.22747808004765027,0.0007728966306140011
2868,12.733548908991692,0.10115408199591379,0.0
2869,14.936652621363613,0.11790952205760254,0.0012655534732794258
2870,17.88539214146815,0.07942558433982863,0.0
2874,11.58743780486051,0.1267686400584985,0.0
2877,17.531544722259717,0.08616042673496206,0.0
2894,15.22184037886498,0.12834844096812442,0.002067058468192416
2923,14.911858884684765,0.10472293861504847,2.0581125916188722e-05
2958,21.0317562855562,0.04815846677994498,0.0
3014,16.21780522206513,0.26985575287309993,0.0
3018,17.01764700531407,0.266563600155979,5.975545006662386e-05
3050,21.47632228737943,0.05794069466817208,0.0
3069,17.557219103194825,0.07671194174585816,4.642402225897565e-05
3076,15.328511469773709,0.05897312302092014,0.0018398904106856349
3098,14.33305599712869,0.09233974545258754,0.00014612357831656338
3103,16.849526927899916,0.06540291397902498,0.0
3104,19.262094544462823,0.05051555503016934,0.0
3105,16.08016200976458,0.09272615344223113,0.00016344540195336593
3127,16.74335754788454,0.0735540398548577,0.0
3136,18.60374443209146,0.07148547399604781,0.001115463663228448
3140,22.227039923267142,0.050496908500638975,9.740390616440545e-05
3144,12.890804901103781,0.06625632005648557,0.0
3145,14.728075917005553,0.09288909710426276,0.0
3153,17.511606188758787,0.05914020358624358,0.0
3160,8.829573181965147,0.26576755208607616,0.0004417131426173676
3197,15.918014055770746,0.112139059298826,0.002087392330953589
3198,18.57650601702488,0.05311661063150061,7.400933870341096e-06
3201,17.833082354134486,0.06611941004935433,0.0
3202,16.827335519934305,0.07704674121388135,0.0001552558018571291
3214,13.466395592497685,0.08107582525246053,0.0
3235,17.77244705140564,0.0775793167678185,0.0016978935964725985
3237,13.175705678313697,0.08022304592089799,0.0
3242,16.314730199088313,0.06291338903308247,0.0
3254,14.316366758638075,0.0625810867707924,0.0
3271,15.097743028985358,0.08312377258134711,4.160328172180457e-05
3274,16.389933778753914,0.08812975622061482,0.00263046929978082
3319,14.508483486048728,0.043207429646856754,0.0004433313669539833
3326,12.881372616056598,0.1839231237425037,0.0
3330,12.649935208672973,0.184595560985221,0.0
3338,14.738667802222976,0.0844114051986704,0.0
3340,15.069188403521316,0.09230940033622098,0.0
3343,21.51873299893769,0.05968548089826979,0.0
3362,18.03320991959763,0.055395106379760486,0.0004076882755205302
3365,14.956031619817237,0.05359632810829432,0.00016853418895452013
3381,21.19776375616294,0.04345035342246318,0.0
3390,12.059811645130711,0.282586518243728,0.0003115330775989539
3398,13.843252407700012,0.08600758707016722,0.0032014790389818053
3405,14.175303055459665,0.09472178819783361,0.0
3406,18.476523802986524,0.24808497866426305,0.00034318408555760696
3434,14.17245606188733,0.061322393553680486,1.4609015426685388e-05
3435,14.289905014383478,0.08397160408697714,0.0002110438193232326
3442,15.263816046394918,0.13486811404682658,0.0001777161857919318
3446,17.955715718649493,0.10409123499561156,0.0
3452,14.058408195179377,0.148812749741099,0.0001284756618550934
3457,21.857241527465177,0.04602725962528154,0.0
3474,18.79374689136908,0.26790144233217145,0.0
3488,16.056004432478716,0.09899717968229646,0.0
3491,19.762294722005322,0.04873068069022853,0.00010170424183464191
3501,15.11623191925618,0.08315688862623884,0.0
3505,16.198977946511008,0.10730819851599444,0.0006368123424113262
3522,17.081599039057412,0.05752912026422853,0.0002625921989732775
3531,14.560166168791264,0.09326831082619899,0.0006071449115565622
3532,19.844871790014974,0.0495229815867481,0.0005218021920222003
3541,18.488104323683945,0.11951784916336103,0.0
3550,15.62102970174157,0.0805692744793081,0.000830900829884584
3557,11.859315970973105,0.10623347472994914,0.0
3564,14.706164653906738,0.08061522925383599,1.2777537148828561e-05
3572,18.485583367347658,0.07222476537723911,0.0008241353960166501
3586,15.287622245023226,0.0664383154950525,8.871203643100055e-05
3587,17.02814625632477,0.09164858183361187,0.0
3601,17.595383735981535,0.10818977704327286,0.00021282616678519213
3631,18.17015842126134,0.08895755826671096,0.00012404606432745485
3633,20.152012212016285,0.051023195415636206,0.0
3642,17.963605191866222,0.06664145456924196,0.0
3656,21.729557386539767,0.04937572589501941,0.00019520449727649736
3663,17.058363407137303,0.11343679691251664,0.002322883049666337
3680,12.41201020042618,0.09456043821542322,0.0008452826727881981
3692,15.616552372657857,0.060239832582614415,0.000895371638904739
3695,13.876483980353518,0.09442905350885142,0.0011534575469756456
3698,15.69765543365925,0.05857885209693742,0.0
3699,16.479414437234514,0.09262244608700247,0.0
3715,15.682404884525084,0.12023114820951691,0.00016919848055086252
3721,21.407376754636378,0.045513330576660585,0.002596049353624758
3729,16.919611646457177,0.10972880387206932,0.0
3750,15.178793448164793,0.06699617093543792,0.00024856788515813797
3751,13.703079594476446,0.1205049716863831,0.00019377084325894944
3771,21.547145539905085,0.07739059972659021,0.0005381712859930423
3777,17.822217395835175,0.065707284291848,0.0
3785,14.957589934874736,0.11932069662944579,0.0
3795,6.040522923833947,0.5252698200334841,0.0
3802,17.025637970627333,0.11279133492510303,0.0
3807,15.882074935294618,0.07155119407126175,0.0025122206842805345
3822,18.091141854813653,0.06687937369935389,0.00036617248576582275
3826,11.42031552064157,0.3064483798086534,0.0
3899,19.081057091674282,0.05163616758452929,0.0
3908,12.345350459379718,0.12352965063987725,0.0002502572210869217
3910,12.844828520393932,0.1599431459996923,2.8245462779830463e-05
3914,18.05913629208962,0.045671780706242476,0.00010011380858877662
3924,18.166047415512775,0.10032169473559069,2.9243098839279972e-05
3926,15.37155394867164,0.08697792271660543,0.0
3930,17.210095033775644,0.04653717926533815,0.0
3931,16.989422774649412,0.08755730059483091,9.87345646748234e-05
3935,19.65775915632167,0.0581354667436008,3.085931372267046e-06
3944,14.57435099328381,0.06217482051458022,6.50484979677944e-05
3961,18.641103468031815,0.09098661550494372,0.0
3975,19.57491407109306,0.051431752724407996,0.0
3983,12.085996141963308,0.10450143386648539,5.63160355214082e-05
3996,21.06707698153303,0.19917300736466242,7.945038595554607e-05
4003,12.952313338094987,0.2584430173820215,0.0
4035,16.788085029344206,0.049912610621666756,0.0
4036,20.19868041263079,0.0695131980996315,0.0
4060,16.15755155833784,0.11184011898194325,0.0
4074,15.738487734752601,0.05735571840624138,3.3136881330999225e-05
4078,15.270347910107091,0.0588453575940446,2.856953152434718e-05
4085,14.104074836885388,0.12807537163614374,0.0
4096,13.973369988862155,0.05527600614618325,0.0
4111,18.907348800956893,0.09911856762516405,0.0
4113,13.701732775938243,0.06903051679634438,2.583371253695334e-05
4132,18.604918081024618,0.09596865207328065,0.0007398552466976774
4134,18.584634365307004,0.07567669851360205,0.0012331110000200734
4139,12.42908696576606,0.09124620919840953,0.00035997242119117527
4177,14.779677219395046,0.10541070976691831,0.0
4182,17.11339271634882,0.07412762961390278,0.0
4191,16.775316618476424,0.08718703268554272,0.0
4205,13.581594896345614,0.10700507966392168,0.00033870530417125016
4210,17.125017568143743,0.0446341900580078,0.003611655519776062
4212,15.844243048481099,0.07731185207228038,0.00010058165160744135
4221,14.818481619376664,0.06414417479131646,0.0
4231,21.570008376713297,0.062346300427375705,0.0
4232,17.329644554917262,0.12015935615322061,0.0
4249,19.384456899594056,0.047908986021670714,0.000397806794736244
4252,18.422964169405297,0.05037335638888379,0.0
4264,20.233368297767583,0.0956266599779912,0.0002337826059958414
4270,13.845420150966474,0.13731442897671342,0.0
4272,14.464216086057844,0.09086712560207422,0.0
4273,16.635809437035622,0.05912053210419866,0.0004459375620069986
4279,13.865360955870607,0.0845553963369578,0.0
4292,17.807635055926955,0.09332164420641864,3.552668821616891e-05
4309,16.60711249203365,0.12795393732707044,0.0
4334,16.011087792694603,0.06150940039636369,0.0
4352,18.152193162336165,0.05159992860754467,0.0
4369,19.827498540559805,0.06743878618114377,0.0005667214605725469
4389,15.48057790850296,0.14518417257727745,0.0016209202516175598
4392,20.702915413026584,0.05605863842067393,0.00010972970038483324
4394,11.577816146521991,1.5448955562133722,0.0
4412,16.75751445073184,0.07164629260765547,0.0
4503,17.03002306775105,0.10593350913558841,0.0024390523641819283
4537,16.379873295561048,0.15960481909681698,0.00023711564328942098
4542,16.497922681801974,0.07964109173638027,0.0
4547,12.739267359080733,0.153012916990165,1.783106893749404e-05
4551,13.437197572457269,0.10795754154937796,0.0
4585,14.890517697956993,0.13772279303209167,0.0007408232045884199
4587,20.764092786517704,0.10926313327337871,2.652400715372779e-05
4589,16.843395708110055,0.07315035971108803,8.600846439377896e-06
4620,13.596995087608136,0.09933090599397054,0.0
4622,16.863421729857052,0.06041210642875299,0.0
4654,16.89483152429775,0.05436404302192557,0.0031602609919422725
4670,13.79153107172398,0.07290009111875961,2.5099942517153952e-06
4673,22.133855104013318,0.08306137772174665,0.00015746582149898334
4697,14.952089292160789,0.09738274760327517,0.0006922453948953064
4701,19.13171132893429,0.04865122615924573,0.0
4722,14.039722421242182,0.20266577647110207,0.0
4727,17.83949881914049,0.056912218807583494,0.0
4736,16.537259973058084,0.07860981052584104,0.0
4738,18.59753158317823,0.04956769980443228,0.0009358295542510151
4746,20.910547131395735,0.04600205461089687,0.00023374251123520304
4775,10.321377966693802,0.16488717330715058,0.00033396270964827416
4815,13.251998979727428,0.11247971952445554,0.0
4816,13.790358883288082,0.07503833200995591,0.0
4826,20.62260348219771,0.07962335624298275,0.0
4868,13.787484190245667,0.06726194563750866,4.702343469641484e-05
4893,15.325149353947499,0.2799322490936147,0.0003430013863718525
4901,15.463366363823145,0.07694194484725389,0.0
4904,13.825944348805644,0.06699136803253673,0.0006787562382593849
4919,13.187098401847175,0.0676414166837991,0.0019406721508711715
4922,17.499776982827722,0.06512168546323444,0.0
4932,19.172969198351257,0.04933778365010732,0.0
4936,15.772756515032233,0.08373798061745608,0.00017710739095949668
4943,14.47424196317613,0.11023194322752276,0.0008916793878913918
4945,14.998249697357046,0.06676520591948475,0.0
4957,15.579261716468825,0.11300521336852946,0.0
4968,19.967023363172792,0.04483477410158368,0.0
4970,21.84624005473108,0.04755231591774227,0.0005334204200459253
4984,19.70306433068378,0.07122053690853547,0.001153076087908096
4991,12.021881176631668,0.13647774010870642,0.0005685366637886887
4995,12.570762430817325,0.12524241369103747,0.0
4998,12.745629488229056,0.2273520360715327,0.0007285538591590608
5000,21.93837030495548,0.05372577235653348,0.0
5015,17.606052373933448,0.09412954645492615,0.00010090870440785971
5041,15.29728525073143,0.05013384701607402,0.0
5104,18.470922143884003,0.05068752665444969,0.0
5105,18.18167345399798,0.0688870121995923,0.0002519330090429113
5110,13.463159640363013,0.10915373725322045,0.0010198593348637209
5130,16.128857385905892,0.2337542215996618,0.0
5141,17.369534129689995,0.05114893468708302,0.0
5155,15.295331185006788,0.09073329115783789,0.0
5156,19.079003881890692,0.05364145801688735,0.0
5164,19.076907565030925,0.04230727863154489,
5231,19.055795721038475,0.07856723091152341,0.0004276954235038484
5236,17.833302017559244,0.07352897682773626,0.0038045088001936716
5262,18.86072703967201,0.07075441230339738,0.0
5267,16.92855277515461,0.09423695555851519,0.001655293322063254
5281,17.482363775087943,0.06549533439261443,0.0
5291,19.501441682405467,0.060655801459782444,0.0
5317,21.116119030540894,0.059025820763203576,0.0009533661761488796
5321,13.381034155086105,0.3949022457677804,0.0
5322,18.752416589894224,0.3010891446560098,5.153226062466267e-05
5344,16.237830996520042,0.15599953627292767,
5351,13.998042350500851,0.061016627162104015,0.0
5353,19.1891400670915,0.08031468035236199,0.00018070470067055398
5354,14.589399856633404,0.11876999445858942,0.00010911061816504083
5356,15.244761770780666,0.09902214555185858,0.00014102114828542085
5366,14.751605023647189,0.0891311769672513,0.0008187628073445908
5372,16.480385864248113,0.06506747604130984,6.346225967934348e-05
5392,11.757975226236496,0.10018709545588331,0.00015958773524113573
5404,16.298240687740762,0.08585012607543115,0.00012625521951348113
5407,17.545645316675532,0.07942759111947306,0.0
5430,17.188895387504207,0.07399633209357266,0.0
5433,18.7835437135143,0.17639215298268013,0.0
5438,15.528547891006562,0.05904951393306733,0.0
5454,14.5279601229193,0.1178451573848925,0.0017536056348140797
5479,16.731417941748653,0.096100773934508,0.0
5495,19.28587996681313,0.05482450362350767,0.0003129071807198916
5503,15.89582990187433,0.12057742609872205,0.0
5513,15.3066042046297,0.11787373798662987,0.0
5526,12.648246185313562,0.13959809000075957,0.0
5529,21.91846671167037,0.18804130404508584,0.0
5541,15.730784888954464,0.07919100252203531,0.0008662074233395453
5557,11.7683833831831,0.11841420176541813,0.000556995160676317
5564,18.070813999356982,0.10150255627745343,0.0
5568,20.34845688963726,0.05196997846194905,5.943114130802663e-05
5572,14.704938564542926,0.06578406805121695,0.00011932772976029944
5610,17.170313286326987,0.175272890494894,0.0
5612,17.073611750036587,0.24151783363454757,0.0
5631,13.091857211830106,0.08499317729745452,0.0
5663,13.653493658602063,0.25985190725858004,0.0005434894791445642
5676,15.34547256834167,0.05150045912743894,0.0
5693,14.193894007958322,0.06400257163440193,0.002187840060259263
5703,14.93923341017067,0.06890984828295214,0.0
5707,22.603371514445772,0.075234432684556,0.0
5743,17.828769323214566,0.07269525265160544,0.0
5772,15.475371979456892,0.0928611911696539,0.0
5795,17.29596365158453,0.07958021022232324,5.699402528130594e-05
5797,18.366394855767005,0.1206926036131998,0.0002658502836669081
5857,17.000333831308527,0.1201398385376072,0.0022773470869410484
5885,20.9447947346336,0.06494161155236144,0.0
5933,20.01859684259127,0.07217904537429445,0.0002942694645742046
5941,13.28302685568227,0.08774607974164389,0.00017974034269489922
5943,15.167503208416365,0.10616453143362148,0.0
5949,12.732760085896338,0.10515897856876934,0.0
5951,14.937715333110628,0.3564988599983005,0.0
5956,13.52033804938813,0.07055495739038158,5.0551102975204757e-05
5961,19.410138206792517,0.09430630464314664,1.2055390099133078e-05
5968,19.85782159176149,0.11393618123141434,0.0018921111999863616
6001,13.684127838653954,0.12293200155787465,0.0003806597546548968
6010,12.384643429828223,0.07228642781375114,0.0027933190972245316
6012,17.014013104204945,0.06878868072479666,0.0
6028,18.579190001772407,0.2668231893269261,2.61639041209935e-06
6029,20.340449999613703,0.05352070989870904,0.0037594983769040097
6041,17.635186555677798,0.08328874722284077,0.002025693531068956
6049,19.99205523991225,0.05691385592670134,0.00015009799744418093
6060,16.47372163483694,0.05461663242019397,0.0
6073,16.04260268920508,0.08065575090592274,1.8924716602770803e-05
6089,13.343994098917385,0.135281958957816,3.4637753322006236e-05
6126,22.37687148475562,0.05502815758599396,0.0
6143,15.462394647058554,0.11074365071960407,0.0
6145,13.68951048619856,0.08824784371015638,4.03438107378546e-05
6146,17.355757051660277,0.08791502951402619,0.0
6159,7.200625651901968,0.3422392068524654,0.0
6178,17.156113145896473,0.05444859523823376,1.4387905989922876e-05
6196,14.800022623656233,0.10156852529085093,0.0
6201,14.687433673297267,0.07256566788552185,5.950929039084411e-06
6217,19.83821691084484,0.04909528443391089,0.0003130608388324108
6234,16.548395710856976,0.3089221939231936,0.00024323447375315283
6245,20.81059441690124,0.0610213371358417,0.0016521158267622268
6249,18.239369978438976,0.055875623325101334,0.0005873737924072433
6261,14.574752510556205,0.06453217762763971,0.0
6272,21.54776628534974,0.051207825070524966,0.0
6277,16.032276081846447,0.06679049978328254,0.0013479916625653281
6288,19.459314456328606,0.060187623425352194,0.0
6310,18.760709636503055,0.05864783627221554,0.0007166915705669765
6318,18.45259812900036,0.07545889853519074,0.0
6321,11.037029529920586,0.30343180029974415,0.00014952410439264343
6323,19.079428416365616,0.17556646375621818,0.0012190900751050582
6330,17.187644780395328,0.3156329232980222,0.0
6335,14.866271151354214,0.2575832169536561,2.7297574005719116e-05
6345,14.038797873815996,0.1069139948069788,0.0
6348,15.489298508765046,0.13778545583756271,0.0008138935223679008
6349,16.776980621247056,0.05743332276211441,0.0
6357,15.742317100701474,0.07231331648714419,0.00031624937385434185
6361,16.44415648541748,0.10033134647693638,0.0
6374,15.77125704273501,0.12412824797321231,0.0
6377,17.86108497792217,0.08032246389878159,1.809526778871666e-05
6386,18.71524521280442,0.05490706791436853,0.0
6395,18.950665935978403,0.10261090999304726,0.0
6406,14.69662805403089,0.06863432854087007,0.0
6410,14.413409787149368,0.08095164541868337,0.0
6430,20.100913131944683,0.05696370212413867,0.00025576155544625086
6457,17.04764709164559,0.05344170945542423,0.00011479147533831841
6465,16.075786002220244,0.19659588402123004,0.0
6474,16.480198204500056,0.06684944989068815,0.0
6479,18.526131334707273,0.09971176695160905,6.038498752714904e-05
6482,14.835027839268559,0.2935005886423161,2.5494117057402925e-05
6492,18.099028133708238,0.08966422708483641,0.00037785001328942555
6502,13.83484654888358,0.06953267483390503,0.00039365930429015317
6511,19.29051701743419,0.08008935870354077,6.973582748598156e-05
6524,19.190565415979382,0.07173700960526917,0.0
6530,15.119484111058393,0.20010958548932944,0.0
6536,18.621490982665822,0.05689508110864319,0.0
6570,12.382728895272525,0.09236605322615461,0.0
6578,15.617571094808614,0.07599914261808517,7.496871783209435e-05
6587,19.20627655040585,0.19866800954390434,0.0
6611,16.606503756581862,0.10498488158398965,0.0
6623,19.973532077522655,0.055307509410714314,0.0
6629,10.514199024742505,0.27146468108419874,0.002267779481919782
6631,17.029914447563286,0.11396933693978019,0.00011184753548330134
6638,13.200511061506958,0.17361588059892047,0.001176698703590764
6656,19.36849460851926,0.05914965986947164,0.0
6673,16.960850930436404,0.12052708960915327,2.6375800258254326e-06
6678,15.556696143547239,0.09017247734466226,0.0
6697,17.55630910328702,0.060719435127388435,0.0
6712,22.2212916718633,0.055816718329366084,0.0
6713,14.081370746943762,0.09933409707147021,0.0
6716,12.967913963205211,0.32678842774756295,0.0022842788667582414
6717,21.643984928081,0.07548404225937252,0.0005693680097923584
6729,14.1831410550242,0.07007255955696579,0.0016155623025218575
6740,22.37618260578029,0.050517715287846,0.0005811738393506123
6747,19.6209882451674,0.0935916095385931,0.00012176469295626645
6759,15.351773149098905,0.11043647792946411,0.0
6765,15.07994170884865,0.2518697689383926,0.0021246807084231802
6801,19.317820053950218,0.060733617294805795,0.0
6810,15.251161649137405,0.19108726630142955,0.0
6823,18.570175858270556,0.06958064784674253,3.620461084752221e-05
6845,15.610202574031238,0.07568049446621322,0.0
6852,18.812053533066017,0.08860722758980295,0.000871859638488473
6854,11.50205907506094,0.1699669381046419,0.0
6871,13.59413939883668,0.11114090860439112,0.0
6873,20.893759242810855,0.062307647180397115,3.580171317857672e-05
6878,13.021446798973228,0.06354631735158156,0.0
6892,19.035042307098198,0.11824853278147886,4.8066553346713844e-05
6900,14.329876482009906,0.20512141156495792,1.8996064613028228e-05
6906,15.50216282932147,0.0876530302434064,0.0
6967,17.648977557896256,0.05901334176621532,0.0002026407789818299
6983,13.463451690548895,0.09779832088059129,0.003202355992065013
6987,20.54126842106277,0.0651003272166695,0.0029556721301423005
6993,19.30871826563867,0.061970059463440405,0.00013919952251228922
7002,13.755336498930031,0.07665272395495881,0.0
7029,21.379411441283054,0.08253723603783306,0.0006944559005810537
7036,15.62881640876806,0.11276267370989837,0.0
7057,17.62712517523775,0.1425599353416251,0.0
7063,22.088461899881768,0.06369537560788713,0.0005932463599272256
7069,18.465314304443208,0.05230079820323961,0.01553316130504926
7078,16.070811234512487,0.09317078277772393,0.0
7087,12.89916320860658,0.15001001275648196,0.0
7094,14.230801718071929,0.07095009193006091,0.0
7143,15.404943089984323,0.08291798728879379,3.579060430418945e-05
7147,21.418687726535243,0.053216315448470615,0.0004818633230511993
7175,13.32122049123568,0.08596760683826815,0.0003985678071765886
7179,18.405996227671366,0.08516752449739601,0.0010511647728536568
7180,20.321122602400912,0.06699758055142578,0.010904432497859882
7185,15.038011866271717,0.10006392491317881,0.0003062664798388165
7192,11.995721943556362,0.10572152243779474,0.00020343444137638374
7201,18.772742287871626,0.05284279265034867,0.0
7210,15.156013970361563,0.07182255909047902,0.00015082125917674288
7246,14.996781131442116,0.24128103479310212,6.4274145688550755e-06
7287,13.240680785546783,0.15176250250390902,8.971763841659747e-05
7291,13.902174020166317,0.07505734904981219,0.0
7312,19.70335689125318,0.07161831207752102,0.0
7332,13.756279441212738,0.0671919576515501,1.284138640920691e-05
7344,16.593098453545657,0.10526325110173475,0.0
7345,15.024050505473308,0.0667759580880465,0.0
7363,10.7936103771731,0.09676019103794867,0.0010617568183592134
7387,13.180343322428032,0.2672835399339328,0.0
7390,15.62069214127996,0.0721493861155518,0.0011291201189679333
7391,16.990662723091898,0.09468204934154247,0.0010164937718775899
7392,18.62355408726717,0.22789764749265526,0.0
7393,14.010125286475972,0.13644297003485434,0.0
7396,19.60647675610357,0.04874562147454033,0.0
7409,16.756780086356727,0.06594860587107361,0.0
7429,13.475599522821161,0.09426198738743606,0.0008548123684964888
7441,18.601602008185413,0.0870067752950916,0.0
7449,16.008575856410243,0.13455895550433689,0.0
7468,18.665380273911442,0.07432290668413807,0.0010732999126687882
7474,12.882035698279307,0.11236297156204489,0.00022074988032203877
7488,19.169806105872766,0.09203032505641995,1.8957975767289072e-06
7491,17.823637052087257,0.05517540376286393,0.0
7496,20.086586203421646,0.04762287122169885,0.0
7529,16.303273265767608,0.10085577679404464,0.0
7532,15.33048947958356,0.054565835952447406,0.0
7536,19.424577852608696,0.2701636616086475,0.0
7538,14.709113414585609,0.05677301779326957,0.0
7540,15.092915780110056,0.07895053427741311,0.0
7545,17.408775597841398,0.058296268508800195,0.0
7558,21.68417400001745,0.04947416904876047,0.00013315966430241445
7567,21.850386596292395,0.05444402832266761,0.00031778150083963734
7589,21.039720126354865,0.054650604074715205,0.0
7595,21.567842875798952,0.06541611527485106,0.0002706494365414696
7607,19.149118956887285,0.07080249616248442,0.002530672493393864
7621,17.41787325400913,0.05950433913875028,4.879362104568582e-05
7688,17.349477164853134,0.08215176713104243,0.000449028105779008
7698,12.423769436266808,0.06536519304851902,0.0
7699,14.367777887171005,0.10455555723444203,0.0
7730,17.093783686573403,0.055122534311349544,0.0
7766,14.124212855004386,0.08350259292917608,0.0
7790,14.240562991728645,0.19952125554154168,0.0
7791,16.085961881481175,0.09715483130936327,0.0003478234783956852
7815,15.581765984022846,0.11619525360693579,0.0
7836,21.925608742878826,0.0467948559706499,0.0
7852,17.878167126861786,0.116910384642497,0.0009657262064965708
7854,9.398753557968144,0.15097454951425684,0.00026587618181365453
7860,13.716323805885706,0.0821597784038527,0.00032601778906036
7863,17.399501604685327,0.05931958842839685,0.0
7870,17.40507258211189,0.07865788569152062,0.0
7873,12.663033269343181,0.1231473350497903,0.0013910285072209437
7907,19.903648832590775,0.08175775565770788,0.00011037611711934596
7908,16.327532615269327,0.14775619578459417,0.0
7911,17.26248479455868,0.05224878430110249,0.0
7966,11.458031369930648,0.27635644978912516,0.00031557915830207286
7979,13.54699212043692,0.16464761531497604,0.0
7987,18.255854997692285,0.08467404675347928,0.003255527183389637
7999,15.754815962888483,0.07592974483396431,0.0
8003,19.26734917974411,0.051516053095204774,0.0
8006,14.941544302042896,0.060288268123931975,0.0
8008,14.415922384292749,0.27810029357985805,0.0013180267356304373
8009,19.10469037964304,0.12287125136408136,0.001576046659424426
8033,20.28807541731043,0.06129198201218272,9.676736135114804e-05
8039,13.279462960483995,0.10677211003024947,1.9249951838574614e-06
8049,17.27034487387834,0.10090002601292622,0.00011091536549299057
8051,13.3115303926101,0.06972139263271347,0.0002493170945589907
8053,17.856053214050768,0.068327402066407,0.0012873295009030623
8072,20.645593788327886,0.10924605726202488,0.000277090542626131
8077,19.2543775212021,0.06782513979574671,0.00021782336488480403
8099,16.314701740474064,0.07801002957857413,4.096172543208012e-05
8111,14.558170276940873,0.1227875541382627,0.0001312223091426705
8122,19.620717605812093,0.06006247348679387,0.0006745168120018799
8126,18.60120281262097,0.3188016678556814,0.0
8127,11.848131657951129,0.3928655826582887,0.00011789246922190368
8144,11.758553705280788,0.09259695036315187,1.8334983033374934e-05
8170,18.498652336470737,0.07147545744059583,0.0002467707689797893
8174,14.334193087773036,0.23695527880788345,0.0
8181,13.76738798563817,0.08179267331603121,0.0012118586020009455
8196,15.180406519184027,0.06257638634538291,0.0005194206476784589
8204,18.1939886656095,0.05292579972585686,0.0021358977525602987
8206,20.421444361338708,0.06530254358196354,0.00038399564732859105
8224,17.006762190040405,0.07759086369405374,0.0001827305806873982
8226,17.767097964569228,0.06573136038728,0.003040580824203251
8231,20.252132419817787,0.06974727904947049,5.4330736168723586e-05
8232,17.118393087214393,0.07730609773435075,0.001630443720660902
8234,15.650120175273084,0.09165090071259116,0.0004318790817927642
8249,12.186081938651899,0.12849982401588086,0.0013574263850522049
8258,15.918057526994302,0.07741741563898526,0.00014813585883893438
8263,21.20115605626588,0.06339749213588065,0.00018994205798396232
8264,15.910901142177043,0.12360287474281903,7.777993041691639e-05
8270,10.882330156962073,0.24052389199616403,0.000859811530697707
8282,19.41101452294587,0.06430530465522881,1.7425021169247277e-05
8287,19.474032563876346,0.06724036770447474,0.0012756429032523054
8289,20.558654921885964,0.059799965177368256,0.0018492746137627684
8290,10.894160643159898,0.12969034951140745,1.662856617117109e-05
8304,14.452273397088202,0.05920873747946384,0.0003989861864093595
8305,22.406090143342254,0.059554264207661176,0.00019006476906728578
8310,13.527037261772126,0.06095132976296912,0.002553717902528213
8318,17.05382944509833,0.12247248290783704,0.00026730629662448743
8319,22.804533468391018,0.0610969118324296,0.0014419323701218992
8322,18.26139152596999,0.08601954541500308,0.0
8325,16.27771400898414,0.07502232433543161,2.0186562513293072e-05
8326,16.615405464838027,0.10724576309880288,0.00015384820975938144
8333,17.176792455893754,0.07225756059915106,0.0008515125186283559
8338,15.22658633427011,0.27579478989882744,0.0020692596772787313
8377,19.474884527086683,0.09127367778075879,0.0022680835784690753
8390,16.791840672344755,0.10112884354614372,0.0005524759362349091
8393,21.382638635256228,0.1072940542637187,5.272247142002907e-05
8401,15.579813563674495,0.05630836988898393,0.0005332223244428816
8416,14.274160042155792,0.08523269580632983,3.352992013126973e-05
8417,22.62828853162213,0.08251261782607952,0.00021066146625464062
8418,21.972479591982005,0.05380194448749036,0.0008197222106674784
8420,11.65806489809048,0.14708028225996306,8.831761274571162e-05
8424,19.980071658962697,0.05591715595498224,0.0014371689482390523
8430,20.84296909345098,0.10147896466564536,0.0007152131446365905
8434,15.288118140107374,0.055559453394028444,0.0012049195693024748
8439,20.798141719613692,0.06844611390188315,0.0026513933141616903
8440,11.25278504605836,0.10758333587825537,0.0010488166073366178
8460,17.582140907624467,0.11538566534227436,4.119886111271543e-05
8461,15.12036981450897,0.1211153115482615,0.0
8467,21.183137824822158,0.10504356600018408,0.0011405934615226192
8474,18.048713161061304,0.05641476604450678,0.002311166000707998
8475,18.055562526506282,0.2714453443687896,5.96805214276427e-05
8486,16.705636045854607,0.048700641075396726,0.0
8503,17.512363189306207,0.06990918207512335,0.0010089946310515704
8504,14.514003606236471,0.06472067824469124,0.001518138713096655
8505,16.935108490855107,0.07618845117576083,0.0016696908871395998
8510,14.54752372128693,0.1170619133901145,0.00011323011759309002
8513,17.491900534245406,0.08142922361555409,0.0010057191448567546
8529,16.599333225727392,0.29332276398027923,0.00032400069155817527
8532,19.949091108819253,0.07816552633956178,6.707026799452209e-05
8538,14.818809753278474,0.11409121201178765,0.0012567191772302904
8556,16.934607391218247,0.07741514220929152,3.689276477461776e-05
8561,14.333619506585118,0.07339279243553494,0.0013432938235773998
8574,18.75465094413937,0.05738487085403869,0.0018781337087688445
8576,17.97204247533846,0.07792705853481585,0.0023166910045716587
8612,16.36760127686871,0.08437044417193643,2.7751735161411503e-05
8614,17.44757802407602,0.10285094806469162,0.0006849546305505825
8623,14.716590351798057,0.06869391360488035,0.0012523225145791724
8637,20.97283241644763,0.06618829562420983,7.842827076523336e-05
8648,14.33582881181727,0.09219982808807775,0.0015530370647939664
8649,16.890155666404883,0.06563799796190926,0.002126226923233638
8669,17.764751384807646,0.1959541807326946,0.000506138130765396
8698,18.643514463590318,0.10578687305290545,0.0007233891387100602
8718,19.48476518183599,0.06446351229722536,0.0016927990233692775
8719,14.186461765368545,0.10750134167672813,0.001627115650906437
8721,19.066977148676884,0.08475921493485561,0.0020747098752101133
8734,18.76364480857802,0.07030886857101089,0.0013440863546249507
8749,20.898507411399347,0.06683212255820434,0.0016890288536635534
8765,15.365495376029385,0.061706391428875705,0.001961902501675778
8767,10.871610716041543,0.27335245717816803,0.001293088199266629
8781,18.51719008418979,0.06991865661529878,0.00041560221609698573
8783,18.687843661319473,0.07942742302750394,0.00020983469280054656
8786,15.295549158425676,0.061436914766988295,0.0008956472690436149
8790,16.959630469106038,0.10794293994355164,0.0003404309935534597
8810,17.43898726997926,0.05202979834911632,0.0031755993707377685
8818,10.150203641860497,0.08154079661675444,0.0
8822,15.782403869712498,0.2431330002932296,0.0005679780644365898
8823,18.880930122506534,0.0990498222783448,3.8322545482236004e-05
8832,17.762038908442886,0.08542386342282182,0.001112584257418263
8848,13.561774420913844,0.13157019929354596,0.0006740634077559258
8858,18.225494966428727,0.07726941222577738,3.4393634111927125e-05
8862,16.17083435057657,0.062284619313224654,7.638756251935156e-05
8880,20.152065807878905,0.06776776798979128,0.0013485644008037082
8901,15.409362682276416,0.08488975353938064,0.0
8902,14.160887349581925,0.09225532369645575,0.0009113045095003627
8911,17.536421429978002,0.09638554699788118,5.384119223811717e-05
8912,14.357204484460512,0.120673673001331,2.636161270607256e-05
8917,21.457512940262465,0.05982201170435203,0.0011528281102584723
8942,12.55165322808397,0.13330251097885465,3.433677653455839e-05
8946,15.932640162224132,0.0642693572681391,0.001508536358966603
8953,16.437720526312184,0.05616215653235341,0.00019138040993493872
8958,14.004419441300598,0.05643012680289802,2.4922162872345276e-05
8970,13.18305522975029,0.13835263251400765,0.0
8984,15.786907427338082,0.06852506945395845,3.477680188901824e-05
8986,18.24950760499139,0.08840003597616904,0.0013866495357468095
8997,17.725593258058193,0.06000829139341708,0.0008920332961237725
9062,22.402740724186042,0.08284166956282044,0.0005567625836965933
9071,19.86463434499788,0.07900789365891007,0.0
9115,17.956207234389215,0.09031296579971856,0.0007229760824927592
9161,19.833985995398102,0.08041526697438472,0.001934821628247644
9171,16.229092582472543,0.08278717432414678,0.0
9180,20.55712369013065,0.06610173413132117,8.825055186511971e-05
9192,19.941044641633756,0.11362658607259611,1.640184120617426e-05
9193,17.70421271258143,0.0804196062504626,0.001389305162933375
9198,18.25266196756586,0.09790409664137036,0.0024859655336505995
9217,19.35521218077173,0.06532511845838986,3.884586094403064e-05
9232,20.20808723332662,0.060945565496929505,0.003947317434789004
9241,13.812053086448836,0.05720857796138783,0.0
9242,14.921392599260368,0.07374962675113395,0.0002792142501876594
9244,15.76812227783264,0.05744653889205251,0.0
9246,17.519798728324602,0.05992894141983244,0.00011528458341731126
9270,14.369475661003845,0.06120198801808804,0.0
9291,21.509234619601752,0.06659948658990517,0.0
9296,16.389662024400685,0.06012022382094571,0.00039477601287390366
9331,19.920681844852314,0.07440274298309606,0.0
9342,14.477786275900518,0.07113460024150499,0.001649359197790097
9353,16.455362499295305,0.09820996605854322,0.000695751486792867
9367,15.303708532547601,0.08801093680654277,0.0007628259011989883
9370,17.75632789050144,0.10968160916128,0.0
9390,12.603365197960496,0.2777324968904867,0.00018096549999092266
9426,19.447129826944277,0.0527247021814779,0.0010489695337075507
9440,20.09757719653262,0.07208339000109015,0.00011622123843538656
9448,13.434222836175122,0.08099241459360182,0.0007227571891156089
9450,20.406105799611897,0.04890420499032934,0.0005289971894361821
9453,13.409521716691556,0.11783483089395798,0.0008163521708475279
9460,17.533525591310845,0.06837968707251424,0.002618568442342445
9481,20.215509809578407,0.07748336651735856,0.002078387798158251
9486,11.814313595167246,0.10328042868186747,0.0009092642662729779
9492,15.875865445653517,0.14123251590401628,7.844007517349318e-05
9512,12.800257748866239,0.08752121263496175,0.0031267745791671332
9552,16.17899207118545,0.10135421232806391,0.00012003836943896833
9558,16.599454419433087,0.10697947861950784,0.0003088028398259854
9560,15.099220600357913,0.08285472402483514,1.0171808733734811e-05
9564,12.102070585725029,0.2238507569795933,0.0002478323748306064
9578,16.79474960157635,0.057168172678093855,0.0023941292810727216
9616,15.38726347118085,0.06061281816998314,0.0011734220365065358
9637,18.157769809772095,0.10765107802008578,0.0
9659,19.390701970875583,0.04689083513536801,0.000314443394772348
9684,14.682229085719047,0.10596853131737055,0.0016225167221133128
9689,16.31916603196118,0.05498277314127745,0.002746665948491541
9713,18.649199227199826,0.15487730465400948,0.000162647971513082
9717,18.977732865010243,0.09812777964203524,9.815712506324679e-05
9726,18.474522266529974,0.07944491529395634,0.0
9735,19.549589545229612,0.0513897309057952,0.0031312415180315446
9737,17.49546556090867,0.10374756291468505,0.00041634052995955564
9743,16.871692672880986,0.1244641435385525,0.00019226822447691332
9779,21.26037237865013,0.06494309947743745,0.0008938202154470634
9792,14.622320595132136,0.0799888464016218,0.0
9798,20.352766215974682,0.09252739734843438,0.0003961965213403685
9857,17.182428219912083,0.09851237501292573,0.0022614029058637916
9894,22.267203752974524,0.056098956672162074,0.0
9909,17.321160144249447,0.08475161968981983,0.00048343624275395405
9925,17.96510395281334,0.06275602081922022,0.0
9936,15.630836684131486,0.13005765854918816,0.0
9939,15.178975959779834,0.08442133396209314,0.001694330051438641
9957,14.294615324235254,0.09181348916439017,0.0
9961,22.162220907637607,0.05535351947922536,0.0
9985,16.95845605170622,0.07740914589308603,0.0016746158710796285
10008,20.228828489062888,0.2060097670620335,0.001088585159966639
10032,19.268225543620733,0.10249444322873577,0.0
10043,19.41654463665538,0.06099466507461246,0.0
10066,17.47447394936923,0.10260323280384381,0.0
10072,17.136166690720113,0.07723382739130229,0.0
10104,14.674786751107396,0.09518797818884439,0.0
10119,17.374938192065326,0.13015390299747084,0.0
10120,15.548766738746174,0.08766120292988124,0.001809422503717748
10145,19.84251070925797,0.06381868419066433,8.455984294653054e-05
10169,20.339421087564354,0.10187141974701977,0.0010936288960355935
10187,20.8899507457524,0.07511405843880846,0.0007296848946448059
10209,17.50580772935686,0.08669439204082592,0.0011988026962833453
10213,21.21776361587815,0.06798599054584818,0.0021207134744743845
10214,15.76949055492755,0.06917276143153284,2.176637031852788e-06
10215,16.120084582747477,0.04506570372941854,0.0045314017031975705
10224,13.828422780281807,0.11713621338124011,0.0011913685269264514
10229,17.797798501264538,0.2647723413150678,0.0
10240,12.756265233293906,0.07247504596094224,2.2115669085371015e-05
10245,16.442823480323543,0.07488925808138355,0.00018950279115041466
10283,14.456653899975127,0.063131163637416,0.0006296060065028379
10290,15.540537551863142,0.08703048316895988,5.4851028836870514e-05
10302,14.828690257773403,0.10472406968371793,1.6394827375110084e-05
10313,16.20472044592282,0.06043297563729065,0.0009450207711326928
10316,15.485086611662334,0.0746436835759243,0.0
10326,13.940072019145148,0.08408486143720456,0.00028275263089373135
10327,14.683999709664175,0.11498992877910255,0.00020883140376137983
10338,8.612823619491943,0.23197001628414607,2.2154276584275382e-05
10346,18.72297139251686,0.07914311629342333,0.0025723920570305454
10356,17.2673398681523,0.06383905526342103,0.0008076292200997666
10386,15.522757287943547,0.06098856356494461,0.0007862621058928065
10396,17.38039431277546,0.10098170626171452,0.0
10399,17.657198739703244,0.07560694642110255,0.00010032349791787903
10403,15.417573395276827,0.09609907388111866,0.0
10404,18.146254169942242,0.06809327431223003,0.00025457033497987074
10405,14.336116910385169,0.07925000462571836,0.0018273155165778468
10407,11.173894967863879,0.0931961607722149,0.0003039231588171821
10409,19.419676863013517,0.06466078793907389,0.0021991918554706193
10424,16.206991177774892,0.46217282811397997,0.0
10431,19.78272458085373,0.08722575040003974,7.237347164643123e-05
10442,17.035944127216922,0.056678756051944494,0.0
10460,12.757694720508013,0.10256504024162068,6.141357682059737e-06
10462,13.490252161419466,0.1103454381103353,0.0
10486,17.252077015796583,0.21080659245175334,0.0
10498,20.643959870744144,0.05151589754047011,0.0
10503,18.412002109658342,0.052295056694037084,0.0
10525,18.92868356020529,0.09339953580256977,0.0003071763403594039
10532,19.70095554313825,0.05689207399094582,0.0
10541,17.12429758472067,0.055037167430809636,0.0
10551,18.0747512294029,0.08475872501322149,2.071227540587702e-06
10553,17.72921416042151,0.14112714816578306,0.0
10556,17.76624053958744,0.05681676863617799,0.0001291195585853311
10565,19.31852620969715,0.06116329149748905,0.0
10577,22.921310221671696,0.05829541131629065,0.0
10589,19.993967917138317,0.06938412203598728,0.0008352893305511622
10594,15.624973924187348,0.09424485336752925,0.00020733169002136906
10603,20.556135817546664,0.07742493870545987,4.704519393538437e-05
10605,14.35638538111921,0.05888011564428951,0.0
10648,13.466425456184053,0.08580478642770796,6.127082921303901e-05
10667,19.028866260542657,0.1121531042910066,0.0
10700,12.194707585643675,0.35279687179105523,0.0
10721,21.22164368760641,0.08077993310161498,0.00032560499432883044
10723,21.833598319248498,0.047703063815248435,0.0
10738,18.150285200132004,0.06465349864171863,0.0005646880908283707
10740,20.613443258269793,0.16782787383574274,0.0
10746,18.067585200463494,0.051455848002366744,0.0002819371535487583
10791,15.337280043307867,0.18565133181385982,0.00013419977159187185
10797,19.932388143687298,0.04724261244535232,0.0002434353798290352
10807,18.474449057787947,0.07150530994023464,0.00018189320834187706
10812,18.703415378426236,0.11873945091538121,0.0
10813,20.34339101152247,0.06285368036719921,9.96706330668214e-05
10822,18.57986474071111,0.06909109695750972,0.0
10826,14.52517780447109,0.17413319870728888,0.00020871022438542696
10854,15.795755001532221,0.08080816278397618,1.164441148948159e-05
10862,19.444794998155917,0.07814957703521043,0.00019831003832378118
10872,18.953495772126775,0.10799615714264507,0.0002265405915856105
10897,14.951334849700743,0.06393819699852879,0.0
10900,13.626939838242071,0.07911037615050401,0.0002477834555242343
10920,16.034285643384614,0.07294288203783293,5.139086112401811e-06
10927,20.334248984563487,0.074623205574393,0.00010108737725896246
10929,19.138676788013253,0.06001023838191674,0.0018121944625247202
10935,19.67341529863441,0.06813927622067138,0.00013246634880553003
10948,14.99289116826658,0.16203794072392835,0.0003606783720854872
10978,23.028656286612858,0.08172776077769513,0.0001480209622794994
10981,19.779802870641106,0.06708807206637117,4.678313679787568e-05
10997,16.41808625407079,0.12219289226659767,0.0
11002,18.294463702130585,0.05592552474439959,0.0006832105980841906
11007,15.312902932249303,0.06840903308201739,0.00016337388297676744
11011,20.960129711754917,0.08186736131432165,0.0
11012,20.11215777186044,0.062299662555471966,3.604753039817715e-06
11016,11.918156477177755,0.21306031976826154,3.8211814244766396e-05
11035,19.134670024327935,0.06282246497396789,0.0005508342440964794
11044,14.481622229337177,0.09000927967969044,4.340853861056583e-06
11049,21.030406461221748,0.056550246677105176,0.002153410043148634
11067,14.724848691234099,0.11016015990026867,7.111476586652245e-05
11073,15.435832250683182,0.05327313063698299,0.00021147163563644349
11076,12.937420573188092,0.20986833353201598,6.220179663254405e-06
11087,19.938558553423565,0.0624647239591363,0.0
11105,19.01931963532288,0.05476700219330509,0.0010164048469588202
11110,20.667495851831017,0.05912790445471055,0.0
11111,20.433341391820353,0.09267235745691083,0.00010756590413105455
11116,15.285022563318668,0.07775263595401428,5.5305147805388405e-05
11139,14.77541511724102,0.040043402855585004,0.0028102636046388337
11157,17.910767502314133,0.06581338855355588,1.5133133311889906e-05
11164,16.753123734184648,0.06673980831736465,0.0
11182,12.066278563153617,0.31786995587580374,0.0
11189,22.6396653135702,0.06513679666276545,0.0008043999265791086
11197,17.489615387498294,0.05785415118647248,0.0
11205,18.156029785079173,0.09685637455903497,9.667176491407541e-05
11209,17.395169039376054,0.12272765268609183,6.817442176973406e-06
11245,16.59719925963134,0.09027626573442554,0.0
11255,21.023112978265203,0.05838627211310009,0.00010040940490793831
11291,12.549291496748461,0.25286375677984796,0.0
11299,16.350086557986042,0.0934865516828138,0.0024742440603297386
11321,20.00167637389751,0.06216933480359757,0.0
11332,13.203228461282409,0.37817844991072225,0.0
11340,11.08942194111732,0.31998243886726485,0.0
11342,21.17518884280449,0.05156892149553843,0.0009620788233714833
11379,17.99955769654678,0.1214217180066647,0.0
11395,13.278916587712157,0.10325448540975468,0.001038379564263149
11425,18.66131922047206,0.21038835304831582,0.0029397880657660255
11432,18.468296263628822,0.11340485397302856,0.0
11441,19.326427204822302,0.06363313592740628,0.002880468432136647
11453,18.429121744034276,0.07585982349520244,7.150455188458153e-05
11464,15.227327222225265,0.08427471838385914,3.955486004046855e-05
11472,12.956766378673018,0.12315740080294005,0.0018859587986834357
11489,17.811798146772745,0.08648050096982025,0.00021424294622007035
11492,17.238924750661884,0.10212325994302894,0.0023722183651351146
11507,12.41031084525897,0.10215339939076554,0.0009244651903568671
11512,14.907760468695896,0.09000370987229629,0.0023453047180838956
11529,17.72251974860563,0.05665319103783728,0.00075059062812292
11538,15.17473804372933,0.08762532718472774,0.00012375043244363838
11555,16.93784401986625,0.06237352967912961,0.00016910054817024817
11557,20.69454777683205,0.09424987117833504,0.0003294267774753173
11616,19.287324794657962,0.06234906195464101,0.00025703949270181145
11626,15.174470535881262,0.09401284733244743,0.0
11632,14.75880589660834,0.08737789755476973,0.001315246755413897
11651,21.61609528640326,0.07695321368142088,0.0005251153910141759
11652,14.090090955547048,0.0607444704902397,0.0018854109778650011
11660,14.65651307605398,0.4978620541649827,0.0004509828294534109
11681,16.009522958805796,0.08178689147948144,0.00021562890787247025
11719,15.318333438169008,0.06372264298010737,0.0033173653912983918
11720,14.015696980968405,0.08183271081608703,0.0004073197212595142
11727,13.212023440380758,0.1687641319510496,9.565956612728458e-05
11729,11.145460265334547,0.09541688252425151,0.000679154007309948
11732,17.322922426848464,0.06378576668448709,0.00046210357237433164
11738,18.548646107699295,0.07879121818368319,0.0002669284943911642
11762,17.323734400519015,0.24327379718821945,0.0002171491623542155
11794,14.944762316226946,0.07823449637496034,0.00018221918454878818
11802,17.053570798257034,0.06476425351854052,0.00035058897916627414
11805,13.450897788229907,0.10649846646819068,0.0004005850110216583
11853,20.816757010615262,0.08541949474513912,0.001314933526218613
11866,14.16809928205303,0.12422322267995822,0.0017533014780708573
11879,18.592965031549426,0.09090014560623932,0.00024266847787664182
11880,13.0382502470235,0.1411024367628406,0.0005928438357394871
11917,21.619558690708974,0.06314753424599788,0.00035205678383501063
11932,22.273749454732087,0.07821220348920906,0.0005012849972842943
11938,14.520957522473207,0.07463776115428812,0.0002592100085248254
11949,15.401553355348957,0.10228304270477093,0.003262107544829568
12011,16.900791950035035,0.07605183102463114,0.0
12028,14.152077254068736,0.07844908303386001,7.544557579714547e-05
12049,12.539819381840356,0.12508953984077628,0.001944289650915855
12061,17.389141875482817,0.06435298024135414,0.0006038053146402308
12073,8.826938479106623,0.47678393841209943,8.149976171638566e-05
12088,9.454146425161952,0.23263265788275997,0.0007211994056895687
12096,14.636613675576148,0.07137282720702662,0.0018923948954642066
12099,16.23092836821224,0.0818738470974684,0.001481082037752139
12133,16.067907400404486,0.09222505849444984,0.0020393864170420335
12139,11.331148132313219,0.1580524133130692,6.331713146487793e-05
12147,20.977300566041265,0.04844847460777812,0.0025265098471729495
12181,15.514003404593398,0.052702465358811415,0.0
12183,13.849457628394426,0.13243744013135625,0.0
12223,21.874536619491188,0.04744295111706753,7.497452737802739e-05
12228,21.148725861291307,0.060596225807399366,3.6621373137055014e-05
12236,18.441070534892855,0.05125372668392875,0.00022138978292385192
12244,15.685359769130711,0.08135542697813357,0.0
12250,19.758203177087935,0.2188529896441494,0.0007892649801671211
12256,15.987158617484925,0.0617997311132814,0.0004523089451651525
12279,19.68812196732938,0.05163887633739755,0.00010009629488670675
12297,13.503286824402041,0.12676191712374926,0.0
12300,17.898172174165154,0.09621592500769716,0.000294840351361648
12328,18.307956914147553,0.05508336048390067,0.0
12346,15.920220398191367,0.08584212092940473,0.0
12347,14.740009943618018,0.10508454820923166,0.0
12350,10.243321304782057,0.10046281061240918,0.0008757643751718649
12390,16.31971042366044,0.05965344214925475,7.681854079071926e-05
12399,17.88280887747935,0.1062109340488154,0.0005047632764511491
12421,17.432636146091927,0.08453092046571227,4.6671989070861475e-05
12432,21.371123752802962,0.10227400155363829,0.0
12463,13.521019997062151,0.08479089777257444,0.002212932289291016
12472,16.150577860896234,0.07637389392211077,0.0028577385045815145
12500,17.603662925463144,0.3159297090632751,0.00019148192676264893
12505,11.555878431016449,0.10392157136966305,0.0016046483532593354
12529,16.88087738648625,0.06507423263926677,0.000152313156577744
12549,19.65969457650081,0.11435780781814393,0.00022181731061116469
12557,14.910148611127038,0.07521671004319735,0.00037953259803720984
12564,16.297026699783547,0.14813794210310105,0.0008138183697891672
12647,15.241068673964824,0.24564135554694472,0.003114301673917185
12662,16.764573483672464,0.14978809113300462,0.002383321708927109
12672,17.733284877137688,0.05049125294494632,0.002299076417351819
12683,15.398288841648938,0.33147255476997234,0.0018532983685862563
12700,18.892395584498846,0.06299521757966654,0.0023301941632274067
12725,17.30279373177014,0.05660121959885254,0.0010835047100384873
12760,19.20033280906854,0.06330043488527498,0.00010986217508552419
12767,15.696531571081847,0.0779937295236048,0.0002059611393017423
12794,18.638434391409316,0.0797134357958751,0.0002810952798817086
12803,14.816173791747909,0.07260055695511712,0.0
12825,17.104326418298047,0.07407590468081258,0.00014769613399393886
12839,19.280713308663465,0.07477088815399222,0.0
12861,20.38913957959898,0.05852006210744898,0.0
12871,12.520826094584327,0.1211701396649589,0.0
12880,14.853568150278528,0.05964075872131813,0.00033580727798409937
12886,15.065073233528839,0.08335022562430383,0.0
12913,17.83649770231063,0.06464793085612112,2.9053613349158217e-05
12972,20.61038391940519,0.054031238147434504,0.0
13012,18.349017211812452,0.06939111320615639,0.0
13019,18.6018061898069,0.06781686643788819,0.0
13033,17.816838070511817,0.0664053403166413,0.0
13042,17.47174822313503,0.10540772625180528,9.600321624858753e-05
13046,19.734169013398127,0.06881437758830296,0.0
13049,22.190556824191408,0.05066802921459668,0.0008669567091068382
13062,13.011244332709444,0.09905827234824843,0.0
13065,15.752565949689867,0.09295431303920167,0.0
13081,19.97321117504646,0.06614705627815921,0.0009437365574743474
13082,15.784601662704523,0.10175620959840684,0.00014220959655630817
13101,21.625956351422786,0.08888857528045337,0.0003811841441360244
13109,23.40542881441249,0.06142621307921574,0.0001223504124135936
13113,15.735687042051033,0.06120827485569006,0.00029840146628002984
13137,14.104210006776148,0.11409584275540478,8.436827746741337e-05
13138,17.84641865584368,0.07739689354629511,0.00022845388820145028
13170,13.193572656392513,0.09787094100213653,0.00033543997713615924
13230,15.676694111141968,0.0933528272081481,1.083115998365496e-06
13338,20.205344790409804,0.07622420359056388,0.001260309497752375
13356,16.169788807241428,0.09674732488314873,0.0
13432,20.88324179912975,0.058998383829978705,0.00044869383183606304
13459,18.6203055538626,0.06052756447635549,0.0005899094528264787
13534,20.32254361010773,0.06312837333153763,0.0001378023658224941
13570,21.451040279862557,0.06228818256481548,0.00018536769650731805
13596,20.06555977870129,0.09651233229439277,7.302433761207689e-06
13719,17.016023257256116,0.09830365219490593,0.0001512605105574012
13733,18.45673983409396,0.10872470038669875,0.00019627466385697332
13777,21.93717340176531,0.04886449047165465,0.0
13795,13.56885193745195,0.222615071701618,0.0
13866,14.291095548797923,0.08951008060124736,0.0
13867,16.617388073925536,0.07465063382783728,0.0010089700301852693
13896,16.293424710660798,0.23946331179418578,0.0006835719502065507
13902,15.292403729284569,0.16596372262462153,0.0
13926,20.507395111102973,0.06388338044987199,0.0003247771552936762
13930,19.92146213653764,0.04778922612011868,0.0
13967,13.483860724613534,0.0776427743213958,0.0
13990,20.804496186868878,0.06031872876968926,0.00027237462491962373
14001,12.894303841656727,0.10939888088034945,0.0
14017,17.107639285050844,0.07010085654429242,0.0
14024,16.5380932401749,0.07125192553430165,0.0
14027,21.455006609279177,0.10692004136312491,0.0
14051,14.748034093391771,0.08131790129529337,0.0009540165818863837
14085,18.10461753638714,0.05624880739533377,0.002820472812680733
14110,12.670222628434555,0.4484662331645621,0.000588935840145352
14115,20.08884950562452,0.07441831242732017,0.0016740597493075005
14127,17.61711839600567,0.08434879171656835,0.00034562836996100053
14134,16.811716722678852,0.08832744700412497,7.991913820002008e-05
14147,14.433537802994627,0.07644102039332168,0.0017193300955883483
14179,15.611818530302132,0.08380676505628473,0.0
14188,19.774846088622322,0.11308362566258512,0.00015052107173252026
14196,16.348492679992432,0.08097896828599825,0.0017314918485250965
14211,17.318103124106454,0.057406301777503374,0.0
14219,18.995675046953753,0.20806711973839082,0.0009487347086149511
14234,19.00710753368144,0.08896854574388183,0.0017163766582133423
14240,16.309403057046726,0.0785069077261471,6.500569059097657e-05
14261,11.767290569820057,0.5724508164726578,0.0
14262,15.012678627334436,0.08689586245248232,0.0
14317,14.916486960046704,0.09022569308560287,0.0002201715299060276
14340,12.180024310184404,0.11020396697220644,8.631590703145532e-05
14384,11.852360456152688,0.10211605663441684,8.706411556283924e-05
14388,20.130517937408452,0.05357406359560636,0.0006649398692701792
14421,13.845528080822744,0.10873601944534307,0.0005482213422502429
14427,15.37349460419293,0.10026780012795168,5.0679618359634907e-05
14452,13.307375469208587,0.1067681344637478,0.0
14456,16.405613827003894,0.2739238776230863,0.0
14474,20.148585199747764,0.055352653028589986,0.0009545827259430429
14476,21.193499371822714,0.062928743674428,0.00036942463213825556
14749,14.785106458335884,0.09214470365596569,0.00031031422045278787
14770,16.803916216909936,0.10716264948533856,5.4152642503501567e-05
14777,20.225056936043206,0.06059439552923553,0.00032671763911104563
14788,19.288190491540593,0.06065655288996145,0.0
14817,17.768457894868128,0.06772367875998173,0.0002324648713969726
14820,18.511759968603975,0.052645438772759894,0.0035665902410144056
14829,14.5438095994932,0.11848486913465049,0.0
14834,14.667151750255593,0.05683975258439564,0.00046716824190408087
14838,18.140816018254906,0.06341675746573154,0.0
14842,20.589076323165596,0.05912941287810353,9.571857845092566e-05
14860,22.873782639371406,0.05719393462592364,0.0
14862,19.59042719507242,0.08793252136507368,0.0024667782081061775
14864,17.081095362288764,0.06169122818561425,0.00018399595868072013
14921,17.04905342694379,0.0500364999619529,0.0
14951,17.086297719799585,0.07301829890860204,0.0
14958,20.299016597341197,0.053472625962588616,0.0008231442090857613
14968,16.912249963774578,0.0743543690493075,0.0
14974,11.232939896004302,0.06262348692181627,8.01239852115153e-05
14982,15.643020753094575,0.12175649751301557,0.0
15003,18.143272615822205,0.05677457240336684,0.002923695746095971
15012,16.76041714682984,0.10534809761347878,0.0007807564854626113
15015,17.961037425040132,0.06592980480687381,0.0003820876731884831
15034,13.333168729799528,0.07888235705374892,0.0
15056,11.624120753427555,0.11176981837221094,4.624838145575792e-06
15066,15.661579750448805,0.07870205302425752,0.0
15083,20.077640643209925,0.056873628140672816,0.00020637500412015942
15087,6.56625010531472,0.156917342644657,0.0
15102,19.34903578336174,0.0683479302931839,0.0001137180919243359
15106,12.62598732130485,0.27555140920439763,0.0
15108,15.199246455505985,0.11350595635838388,0.000472395297481791
15118,14.793548755966714,0.1243514487550939,2.14968315872728e-05
15122,14.605744274950824,0.06659718605552041,0.0003113757152393363
15133,16.186598531027276,0.09806627007480183,0.00021723199802808001
15151,21.426233631866104,0.05398983848616835,0.00025161540307293723
15156,21.073980420604627,0.05469553594932602,0.00021249618672310357
15186,13.63366474749133,0.06724869311246526,0.0004156318012208283
15216,20.70113337391892,0.058668004616954546,0.0005910433605189582
15237,14.1187581575092,0.08715347285465884,0.0
15255,16.32477769575117,0.0588074289931473,0.0015491324364705556
15266,13.399367012125408,0.05937170242600809,0.001125316364819822
15270,14.622900370543224,0.08298648783704095,0.0004921315266806258
15273,15.30411300120492,0.07072519848969042,0.0012473781178066867
15290,18.781444987416695,0.056828325604677786,0.0033921905938469133
15292,17.923402849510577,0.07313822837890549,0.00021009499586898485
15341,19.216891200456217,0.07436839130912173,0.0
15385,18.481542507519478,0.10852728308431926,0.0
15390,16.766032462049385,0.05751646827514955,0.0
15404,12.260485521648825,0.0637105003938001,0.0
15406,15.369284244481882,0.06098252479888564,0.00239320513214018
15407,20.360834600853327,0.0702430727235777,3.155645941849794e-05
15449,21.44629379963411,0.06546681771223609,0.0
15452,19.429080732983852,0.04720062235434176,0.0
15460,17.223640165964813,0.07565414902362705,0.0
15462,16.834929064150668,0.07432448052306284,0.0
15464,11.655045055719558,0.14357105861706107,0.0
15469,14.500058291477808,0.11708431913622556,0.0
15478,21.83471464219334,0.04612287947415608,0.0
15488,16.114893872277595,0.04921524581636106,0.0
15517,18.718068197971544,0.06567882530847735,0.0
15524,13.345976643622048,0.3798975284167245,0.0
15557,20.755494681431713,0.057786810995250786,0.0
15561,16.46324461134822,0.08496574937773228,0.0
15562,21.844577208999358,0.048200222997117716,0.0
15569,14.501619849373926,0.0790605280713047,0.0
15591,18.56336840212297,0.07823652214686803,0.000245460156630542
15605,16.023624005805033,0.06273962378644632,0.0
15612,20.014638960595914,0.06825067866445447,0.0017823042900514566
15620,19.182836392135616,0.06469667009044659,0.0016193486289995892
15626,20.39935275707579,0.07857081510844127,0.0
15633,17.15418173418023,0.07439965183917657,0.0
15636,16.99589660283316,0.07175439913425782,0.0
15657,15.50330592193441,0.25404593117441193,1.9727235032253e-06
15658,14.343406117021615,0.07977871525583258,0.0
15660,13.949752991706907,0.08225247898255655,0.0
15663,10.667340744752725,0.1365929368124607,0.0
15672,21.228846503224467,0.05044362235921627,0.002629910268928765
15684,14.961755654413654,0.06743577571315008,0.0015072103137213843
15697,14.678325822038257,0.0654355836164059,0.0
15725,16.188263316822862,0.07908405240420951,0.0013986465768247365
15767,14.032016045197073,0.10207311567107069,4.2657257784902855e-05
15812,15.122701094045672,0.09361570260194975,0.0008738764010226498
15833,17.94607877741606,0.07999427271850165,0.0
15835,17.094150493405333,0.06333441407092809,0.00019166015528029957
15852,17.511723750938028,0.07346518093129274,2.0153187892630784e-05
15869,21.517580690649638,0.06470897260637787,0.0004978625473753279
15886,14.013933231640634,0.08522679330602367,0.0
15901,19.19006121159572,0.07899255676290913,0.0
15911,18.4074576887815,0.051021524355151754,0.0
15926,13.214384323427948,0.08319039301777931,0.0011320720640042308
15928,21.891464819150222,0.053333814769676385,0.0
15968,19.66483456089404,0.05356143921082686,0.0
15970,18.466913299167775,0.05094167700795045,0.0
15987,19.219148354482755,0.05100967746689193,0.0001293971583249086
15989,19.07096247483565,0.10521554057773581,0.0029110344194889022
16002,17.063154128139765,0.055387335356174704,0.00037901977069224166
16009,14.906919617640982,0.11626434472097312,0.0
16035,17.70172053322467,0.10150531989001041,0.0
16052,20.759990617470006,0.09301103369565702,0.0
16059,14.764972397737585,0.09671028487416894,0.0
16080,20.86434108547039,0.060821623098159,0.00030395945029519384
16144,17.25059743270764,0.08876885393531049,0.000540741483334111
16168,17.556751119939364,0.08423196739718145,0.0
16172,16.17904008110128,0.07619949031110297,0.0006679230911704246
16179,12.817207501574403,0.07560001763476264,0.00031876895150211623
16180,20.26860983918372,0.057540489929215455,0.00018692659322301766
16186,12.425688012198504,0.10272052163571309,0.0
16191,18.1713863178233,0.07570934076936181,0.0
16206,17.01392614556844,0.08215159762054525,0.0005727602412613307
16228,19.21290760527476,0.049985605410581536,0.0010474085795076824
16239,19.566940570254083,0.05275647144784028,2.7093305256055367e-05
16242,12.951866866676253,0.1036664909265953,0.0006231770609262711
16281,16.874543835919223,0.05696900847261733,0.0
16283,16.891350278257594,0.0666577347117548,0.0005843710927759962
16337,14.068031200025915,0.07239977463507169,3.970717418459936e-05
16349,14.415256766149449,0.060696895182413474,0.0
16360,13.69908782478345,0.16164833677937937,0.0001456135693852458
16372,16.08603682995003,0.06889318850616186,0.0
16384,18.404745243571437,0.06700247639510971,0.0
16392,20.02712487855793,0.06385400045833432,0.0
16413,19.65681233177087,0.0688537220579987,0.0005636296419152657
16455,15.9953564034571,0.06089083024552958,0.00047582747764994977
16481,12.093826680002417,0.13148840879450874,0.0013673907494106102
16507,13.843622563688657,0.37516471513662986,0.00011893755103247283
16514,16.171732453241844,0.23669098928820664,0.0002454875861505635
16564,20.438763101380435,0.05526381446018,0.0
16590,18.21350257950755,0.0725095207537574,0.0
16598,16.49432580919216,0.08142137399648001,0.0
16606,17.996727408880755,0.06543946199010793,0.0
16614,15.79289268930101,0.140411549761303,0.0
16644,19.083714134239145,0.0819841352092824,0.0
16665,16.29669191385228,0.059635844598193995,0.0
16679,19.279392788287314,0.06076785294607029,0.0
16700,15.105352540412456,0.24566554919311853,0.0
16708,19.54779610133871,0.052279773049452166,0.0
16710,18.726755234160738,0.057831447836645206,0.0
16712,16.332160008229682,0.05689300812594255,0.0
16724,19.98234009569523,0.06105527686157214,8.950795051942143e-05
16727,17.795761828678444,0.055729140321503126,0.0
16730,20.800219580218076,0.05812324849602419,0.0
16749,14.533400375429641,0.10826433551354589,0.0
16754,15.401291765291852,0.0514704330962904,0.0
16757,17.783760570399252,0.0668148393146284,0.0003886992948678102
16758,17.018637256610635,0.05328854355170774,0.0
16782,20.586155431342224,0.04820540004847748,0.0
16799,20.73871332453321,0.04849888444065773,0.0
16811,15.995106497192687,0.08045057456076697,0.0
16817,17.724325336213198,0.05570823556813178,0.0
16827,13.66369375110721,0.11450902063454386,0.00010315813562842649
16832,18.81973947848137,0.05521774348061158,0.0
16852,17.146221468885624,0.07697159514559414,0.0
16855,18.028685027920616,0.05209906992712174,0.0
16863,14.596747498583067,0.06741288650269106,0.0
16884,16.651508032937798,0.1308322079056763,0.0
16887,17.849744802027978,0.05097281508424933,0.0
16904,16.039084299399466,0.0598610595499214,0.0
16905,14.6379498343126,0.06673436868538289,0.0
16913,19.239158020709105,0.04675406781686097,0.0
16923,20.696845114283896,0.0663258618834025,0.0
16931,16.59196397421711,0.07135916588271168,0.0
16960,17.088186911554946,0.07442931159632363,0.00012835990432953517
16999,17.27348848604441,0.060269189709730844,0.0002104842084079286
17025,14.768369073836991,0.09911223176766934,0.00013025548644615874
17074,14.166533034518723,0.10705790065096243,0.00012224024857505745
17098,20.524210490108285,0.06894870215142555,0.0003657687472985616
17145,20.127233857473136,0.056122603404256094,0.0007385531468158609
17151,20.976285134294386,0.05442901258066677,0.0008852371427159629
17165,14.382849738387627,0.13332433658121895,0.0005522475642125572
17185,15.650953225001638,0.24696729264489034,5.067989913676365e-05
17192,17.55723562219808,0.05799002460244347,0.000523632681437304
17194,18.156453912255706,0.1668080833882834,0.0003922391865846233
17219,16.671495697924648,0.08176509018857406,0.0
17227,19.196621522732258,0.07529388119836534,0.0
17238,21.384022031669744,0.06365328760863262,0.0006754210762129661
17251,18.718841091889452,0.06239548358859041,0.0002748807870008856
17260,18.45422617637853,0.05764185571317022,0.0004540898441962733
17289,16.040281414210227,0.07605286944486057,3.3471942985958055e-05
17345,19.238441854669603,0.07245443299758983,0.0008619466230879339
17378,13.079101590238,0.1889549319314946,0.0
17464,16.11738708543699,0.09569574974640548,0.0
17468,19.279242521260525,0.06206478587865423,0.0
17527,20.42866462661503,0.05629713088451574,0.0
17540,13.065068472059462,0.08233584981810986,0.0
17541,17.983562303637328,0.055088593788390684,0.0
17561,17.8526947401793,0.07205672350478634,0.0
17612,14.003069985855142,0.061023483341393264,0.0
17614,16.562943631663163,0.1405173617293281,0.0021508498968702185
17632,16.167672194739673,0.1019283483915777,1.6607554229637497e-05
17635,12.349793927984464,0.23947368912831352,0.0
17637,15.317346272492511,0.06576190745165343,5.347378568928886e-05
17640,13.437913891119504,0.06244267228261519,0.0
17658,14.101845745286159,0.05824313810215487,0.0
17661,16.237023838487392,0.07067397357763945,0.0003336604905999829
17668,13.166853887020533,0.08566752047408341,0.0
17686,13.981468466392988,0.06354113052587922,3.6434731642582874e-05
17704,19.99301745291032,0.23182981882048018,4.152354061511896e-05
17713,18.64046432145711,0.06764902475719546,0.0
17774,15.623412980231533,0.0590867060212192,0.0
17778,20.610625610636717,0.07712770719280855,0.00018091715552218403
17784,18.79314262758535,0.08646572664856865,0.0
17803,18.44095837483817,0.09842617269334816,0.0001923038225777007
17824,17.807360288427315,0.06711860266359881,0.000685561302833005
17856,14.112491926656368,0.06414858596540024,0.0008714094351911722
17886,15.76848475006659,0.11464512943712243,0.0
17887,15.636789508330772,0.09668001293197426,0.0
17889,14.294511295560355,0.11078615431467313,4.05512268918242e-05
17893,21.141609851976703,0.06372078200666881,0.0
17947,20.937563754925048,0.07952428070100848,0.0
18002,21.489462368384874,0.054704293805878774,0.00029834539725165
18011,17.020284641964285,0.12324923110987077,0.0009493229346240644
18028,16.802047540757616,0.045312166800485935,0.0
18060,13.166608426338952,0.08498936015063167,0.0
18063,13.323497191727036,0.17558811518445305,0.0
18087,16.82129301203826,0.07069327916852092,0.002720552044950311
18121,17.19652468598519,0.07228619967288821,0.0
18152,21.97202652195754,0.05993904715685054,0.0026730360517131986
18160,18.050884204722298,0.07354799812153176,0.000790409735952824
18205,21.763307275056327,0.05650290257189546,0.0003786759154003924
18209,21.29681203678763,0.06603700655224855,0.0005100943856754191
18212,21.83057515414647,0.04555363983828133,0.0
18241,15.965780207182142,0.06454719421876882,0.0017253970877934381
18262,17.7641082855887,0.1408192319417667,0.0
18267,18.154427202594853,0.06583880635529023,0.0003730614843438941
18281,20.613858120324974,0.05072232005185906,4.107475907795405e-05
18400,12.806624066397655,0.16695227828296594,0.0
18403,19.351117511288717,0.07838840876134251,0.0
18503,15.721122981559773,0.07322965361796321,0.0
18604,15.381144910213427,0.07236374811552951,6.3425297285967755e-06
18636,15.784849240844244,0.06291566150652372,8.640891412470386e-05
18667,17.082265001062222,0.07789406645039536,0.000676651457395409
18691,21.12154015158603,0.056976326513904725,0.00013072576433120786
18718,21.998086322569275,0.05344810409706205,0.00013198119847686774
18724,16.337062701461267,0.05941667002998215,0.0
18743,17.407308312433933,0.058969040706516,1.356206632242355e-06
18745,21.64265577052799,0.05473799953990376,0.0
18839,14.69915385470767,0.08410061393515095,0.00030497477797815787
18847,18.129327603225427,0.05242264635519722,0.0
18848,16.646013105113813,0.10381441846156207,0.00025284819312008423
18863,17.868514589860887,0.06907219788294845,0.0004908683153649528
18869,16.448921054916617,0.0923431731931176,0.00016604638329660262
18890,12.211587402848256,0.11334056159291635,5.8965837814380916e-05
18973,20.869836931951706,0.06102174763793569,0.0006507060293272925
18991,13.157541296830459,0.09507251353044922,0.000415685371310532
19083,15.732644007009611,0.07185895697075305,0.0
19118,20.986345452199618,0.055526079515814744,0.0004536770271473337
19122,17.923297496406583,0.05661079888936723,0.00010410231620196645
19133,15.676603690701377,0.07034096694840228,0.0
19222,15.297073688880037,0.10359133783567863,7.10328777815108e-05
19223,12.441169315416593,0.1505218749938337,0.0
19244,21.52446882248795,0.05674191050794993,0.0
19281,11.652194995154861,0.1626925974920265,0.0
19394,17.880729054900506,0.09765814448864303,0.0
19423,17.253588488561338,0.08283504298491612,0.0
19458,20.84498661147592,0.1120162241655014,0.0
19475,15.593679837658184,0.09721665202446599,3.455980302465912e-05
19490,13.532886401958631,0.27594797655088693,0.0
19515,15.186552158083977,0.28107866864683523,0.0
19527,17.918490215366692,0.06949446588166391,0.00010467918635958994
19621,16.764151689737126,0.09546801415630654,4.591244250526284e-05
19638,21.137721243696433,0.06309006492540847,0.0
19646,16.589126301992977,0.11302083127598221,0.00037219884385842044
19698,16.937233678755337,0.06795513001064186,0.0001232280425497447
19732,12.343446364457835,0.09637063263330677,0.0011173314444684762
19778,20.451616156049667,0.051447694911357686,0.0003422681644000746
19833,17.379795943882513,0.055870558870324695,0.0
19858,22.836703394900137,0.08982215851154914,0.0
19894,18.957451365982696,0.0672630438636676,0.000459542039780237
19895,21.007342579737468,0.08473114869689927,0.0003084597667682042
19916,15.02792054240366,0.10316142062507701,0.0002931393553150567
19953,13.67110934268302,0.12516979865427805,0.0001436161368455974
20018,15.836362793456667,0.07671400897295501,9.939869485614417e-06
20091,19.65198360571037,0.09624939764073191,6.769551057456161e-05
20162,12.628651833891539,0.1756241855604582,0.0
20165,11.58007399432549,0.1402981342789247,1.9844424653600273e-06
20274,22.260317327521744,0.05367724648546224,0.00019524718823208807
20307,11.777108196637217,0.14646556856035908,0.0005956732236228736
20351,17.397445267239277,0.1224638598221044,0.0
20396,18.021584929388546,0.060979187304333,0.00012194150345015062
20450,13.326737020471494,0.12926373381547326,0.00010582737914044879
20496,21.668936476603097,0.051509878222827155,0.0015855955115621576
20623,20.439093217460314,0.08268120099645679,0.0002317780639774127
20626,22.306974823543456,0.06195521166857292,0.001121562276388467
20707,15.36316641949932,0.08125810860073095,0.0
20754,18.659485906687156,0.0844510165517284,0.0
20761,19.26126529225944,0.21547331047593885,0.00028814956782419014
20792,19.965917790432027,0.17380485683102864,0.0018132974556389202
20824,13.164251637158095,0.1013475474436567,0.002167918858757009
20852,15.417729564736268,0.07486780058975916,0.0
20871,17.10103536888218,0.09100047902738806,0.0
20909,14.246660148341237,0.06569522247378312,0.00012018957812929445
20939,18.185625461447387,0.19592483113511933,0.00041241491324501547
20966,14.848707985189089,0.18442793859002976,0.00025022867212176034
20973,10.979942097056787,0.3187205506758053,0.0
21019,20.754803255903276,0.06059765463298393,0.0001899198800531684
21075,16.54328805501839,0.0590575114647405,0.0008709903261154846
21136,18.44826466970158,0.05258941550316641,0.000839773102800333
21156,19.14548884063888,0.07267589881689814,0.0011944333036422025
21200,21.056642096452165,0.050337612032137824,0.0008674325047495437
21305,14.026261603136506,0.11089942805429102,0.0
21313,21.47672343744393,0.06296049418974846,0.0001593703985621637
21321,15.736552655871835,0.09643650860738014,0.0
21332,17.042344523761468,0.07043627845357386,0.0
21487,17.1037984558235,0.060705950174611764,0.0015372423694019254
21511,21.698042403640414,0.049554226786931624,0.0
21522,13.872335416895401,0.1930957625980876,0.0
21528,19.125880538116554,0.0653705283631363,0.0
21568,20.575116954291463,0.05979555417534297,0.0
21607,20.8098901389155,0.053862078898362545,0.002616504635968822
21655,18.08798474346936,0.11293183529177331,0.0
21694,22.530628941742066,0.07599226757628771,0.0
21817,18.239416684659147,0.22183446917512953,0.0
21863,17.89397984873773,0.06487261572961475,0.0
21894,21.343796885430265,0.09522533776543923,0.0010257701313131026
21915,12.592063506867364,0.13381640184375262,0.0
21921,18.00510464250131,0.0722698877713562,0.0015808180667156732
21945,13.383034845347884,0.06990038871562089,0.0
21948,15.091240121743304,0.07855951565460845,0.000659734000002329
22005,17.515197185752125,0.05035953729011835,0.0003531079544426386
22063,18.807430552849613,0.08914926165734625,0.00030599242113982537
22077,12.47123244975499,0.12231777088417373,0.001967332568737103
22123,14.514938837168462,0.07069017418054079,0.00019872641777879497
22132,19.98297092275041,0.0996604730504754,0.00010731676804023365
22197,19.015717198383765,0.05587330103617078,0.0003523197757489242
22236,20.60872784827288,0.0789374048983681,0.0
22239,18.279272805811154,0.08650434777886218,0.00032801842847580504
22240,11.04753545304269,0.12161138226750395,8.973551097850134e-05
22282,15.618587081975678,0.08169675944983686,2.214415548956593e-05
22291,19.263626359797883,0.06400787208829238,0.00030754172121532806
22451,21.815980564261118,0.08419541518616058,0.0003881214917301881
22549,22.608381543234774,0.08308349522039869,0.0003970731081886855
22553,17.98264605023354,0.08820203070432679,0.0002755411505891688
22560,15.07046141535222,0.063618627070536,0.0013319115899706033
22634,17.56980188145378,0.06023247762959898,0.0
22637,20.028458699864238,0.06313027055393367,0.0
22721,20.758626208511917,0.06371219806646222,0.001660754761780376
22753,20.91304467675879,0.07991987010163086,0.000194961918502304
22770,23.02308126927485,0.08356949596374039,0.0
22776,19.719697151852635,0.06976075413905077,0.0
22846,16.455409545805,0.08564543954936996,0.0
22934,15.95820018011229,0.22085282816460033,0.0
23154,16.64165522632914,0.07195484788941105,0.0003195763346478534
23214,17.132035179422,0.055098749700004584,0.0
23215,19.955914952105026,0.06419146500732135,0.0
23240,11.301621737127,0.404211689628732,0.0
23243,19.800728934810703,0.06340972245599759,0.000516710419644421
23257,14.43450866629621,0.16664529567001363,0.0
23298,17.171442265756976,0.10452572812864165,0.0
23359,19.256680613816187,0.06159931793879024,0.0
23402,17.75620367117508,0.09171610533086066,3.68532476943902e-05
23415,13.652190490334094,0.09680684035181526,0.0
23474,18.486072256825835,0.06776070503190151,0.0005460849403502033
23493,18.781749802523372,0.053233502339584786,0.0
23500,15.564012326764933,0.07853829054343486,0.0
23566,19.74540054021232,0.20345910647858517,0.00023815974339111748
23599,19.676450945614995,0.06376393916243261,6.3113583408949796e-06
23612,22.879488298834875,0.05906553595831667,7.201470557992916e-05
23658,13.671470349538735,0.11538216584131566,0.0
23702,13.841892101484436,0.06883699670592659,7.935469612915794e-05
23719,19.398551540359374,0.14760367043022635,0.004978657857982108
23736,15.053565828580657,0.06137171836327653,1.1555711960632619e-05
23742,20.638862336240372,0.050416930988874106,0.0007600264191631457
23757,16.392755632325837,0.059477508237017425,0.00010117958828740542
23800,20.446895514723845,0.054943155757871016,0.0
23801,16.89206619466372,0.06400542866507541,0.0
23805,18.288443891734946,0.055626519983273795,0.0
23814,22.987803227660827,0.08018003298117693,0.00038958568939857085
23871,15.320393327283885,0.30847721436115444,0.0
23886,16.563798912987764,0.1101262202157292,3.36253719692913e-05
23894,17.900443858767307,0.11088160970173958,0.0017767717065067922
23950,16.552245543186487,0.06159771483559835,0.0
23957,20.941930526294247,0.05480005618600602,0.0
23989,21.856477458876178,0.04801540544257357,0.0
24004,12.692655563172908,0.14998613415269077,0.00013560931051703775
24014,17.83108233559748,0.08231406471934861,0.00033394055103235453
24018,15.024418705886708,0.09989029433835674,0.00011151709819420874
24034,20.054483910360823,0.07037087869909141,0.0
24063,12.908879154843143,0.12415845675935032,0.0
24089,21.55466008444123,0.04865122704848205,0.0
24090,22.648797844320235,0.05951871696333239,0.0012624328694489102
24092,20.561936169280003,0.05166715046143977,0.0
24116,15.25314677534905,0.05136420772469058,0.0
24127,16.468165247992573,0.09638993440208578,0.0
24131,13.28830396852015,0.06211669985577498,0.0
24186,20.51568888531736,0.07402212847704354,0.0007738505193126997
24223,18.39508478447607,0.07069252329050274,0.0
24274,20.344222783656267,0.045076537803940345,0.0
24279,15.28817377765261,0.13102206026142746,3.145242430178922e-05
24281,12.698166520722735,0.2963665155724962,0.0
24404,18.214436490135,0.09227891963939006,0.0008045513463171435
24406,17.792406223623285,0.11713783005252282,0.0
24418,12.93745967243875,0.1111696272696734,0.0002401438869114612
24437,17.048452255143978,0.05259167689446404,0.0
24443,21.754131467092584,0.04898910205027887,0.0
24454,17.35970636555137,0.08731256081239876,0.0004465283472752948
24476,18.19447872795407,0.09126719579837522,0.0
24485,21.33356303036519,0.10814484092863666,0.00015937326582072208
24509,19.599076468313026,0.061558226369989366,0.0
24514,14.3458257400462,0.10547832072076659,0.00046609327944576237
24530,11.783645202139452,0.22413845397727836,0.0
24542,15.99847796828859,0.10382042036725661,0.00018143609397496923
24614,15.217954795794766,0.11051764174932248,0.0001427906566064079
24635,17.509108984658603,0.14905499984831505,0.0
24649,17.286942777214747,0.19885322771335304,0.0
24657,20.754785465145723,0.07945600286730768,1.174547726707038e-05
24679,13.153621884580023,0.08794448092810753,0.0
24681,18.596078297986278,0.07855583752715968,0.0
24684,15.110456408103873,0.0898740999148595,0.0
24818,17.12114107024181,0.05258071809081929,0.0
24835,10.583679558981567,0.38393354705157035,0.00015547738238677424
24868,14.033729048047416,0.05902063090434224,0.0
24879,15.394731273365979,0.10092403281048298,0.0006040006385212563
24907,12.711182289818357,0.22412550731023864,0.0
24909,16.15606096553109,0.3015850736867032,0.0
24939,14.82461301192183,0.0998148592120434,0.0
24951,9.47187452356645,1.5920084026056434,0.0
25051,19.305876301734525,0.2231415742263158,0.0
25081,16.019822626819707,0.24715474496548903,0.0
25088,17.77848672449503,0.10668523984872991,0.0
25123,20.516198996595556,0.05043042233806183,0.0
25166,14.311491503245918,0.22059169765828654,0.0
25169,17.618895324792536,0.05823452339744149,0.00032697090846927886
25171,22.31307566763616,0.05646200995584624,0.0
25175,18.194286366247503,0.06276834585581377,1.225435793221988e-05
25184,17.222502441356703,0.07892795231915858,0.0
25185,15.882693641331924,0.11977107518825517,2.120914039380977e-05
25193,15.07558009510613,0.06024139995901119,0.0007547568937677929
25207,19.08072926044046,0.050303768224389235,0.0
25299,9.953914684128854,0.14190011144361275,0.0002223573240169619
25313,20.059387313124464,0.04392814818879177,0.0
25386,16.01635887656454,0.06594794481159044,0.0
25390,18.491685416987455,0.04981631559685047,0.0
25393,18.754261185855423,0.07337391684764608,0.0
25418,20.537947319245593,0.09573128296988669,0.0
25422,12.2026085536315,0.10003329578103011,0.00016923184755277695
25440,16.07719238024313,0.06419142504789897,0.0
25463,15.911697168527846,0.09818723387595851,0.00019862633384345693
25507,18.429356629983516,0.06595951844950759,0.0
25516,22.55470182565119,0.07635706737292333,0.0
25547,16.717290621118423,0.05336067004466961,0.0
25640,23.356740353083424,0.059649436467455894,0.0015663172176419078
25708,19.574698088372553,0.09344881683313387,0.00010120738748056946
25730,16.108425299106045,0.0639832055804312,0.000931979145201457
25756,19.37564244458639,0.05361075292626771,0.00046886630626252437
25786,14.67084964813653,0.1650203164009273,0.0
25905,20.994731242425758,0.06140724318383114,0.0
25969,16.428488501336783,0.22250614068974822,0.0
25972,12.5961157159586,0.1399760941674395,0.0
26011,18.58285271771919,0.11849519313377235,0.0
26044,21.776145270805426,0.04703589807689141,0.0
26186,16.596483421652298,0.09121256469870458,0.0007236760796763939
26205,16.292327792928738,0.29890107610518984,0.0
26211,15.572475368840532,0.13144046803174464,7.506590419238562e-06
26233,19.212537339636782,0.076089376503339,2.479894645196804e-05
26248,12.964181884221967,0.07994811316378546,0.00042804748243422823
26293,16.144455174188913,0.06408721281269053,8.534142272384587e-05
26325,14.177157352316852,0.14598115227892464,0.0
26331,18.20477633299693,0.05876201406906428,0.0
26357,17.635388217885986,0.05725646305816436,0.00015135529806137353
26372,19.838330258352666,0.06379766303674862,0.00030306716365415513
26462,15.285266407411001,0.07049252977425126,0.0
26526,19.689682406674926,0.07056790461492893,0.0004044427540385116
26532,17.09226059674268,0.06735215813797002,0.00023874622402610674
26601,18.53504344944551,0.10352325789681897,0.0
26704,17.934273593357922,0.06317519306109039,0.0
26720,17.74656981332055,0.24172445288375083,0.0
26742,16.616762035025072,0.07875697497608168,0.0010237942719149048
26871,20.308929041048515,0.09358764615840598,5.45200261472299e-05
26960,19.926059330938497,0.04467480200421549,0.0
26981,18.002285489419137,0.08254574881214741,0.0
27011,15.661063984757796,0.05896902677126602,0.0
27040,15.790518869463657,0.05762074567570776,0.0
27042,18.852389349215795,0.06866966495487555,0.00015948209678830143
27061,17.859867433501172,0.06370146212743136,0.0010427831785892383
27075,14.086127644975939,0.10234333973307953,0.00029238274742638917
27111,19.312607518348553,0.07568258648251142,0.0
27128,20.70085890653414,0.05763549465030656,0.0
27151,19.760966085047677,0.09206178866907763,0.00035331027459247275
27248,16.372088395178483,0.06878058034505125,0.0
27264,17.084109167908874,0.05309605690600213,0.0
27272,20.59066183100284,0.05802822594588112,0.007854061440034098
27301,16.14316231699577,0.07778832735097117,0.0
27306,14.860600316509872,0.21485564641363417,7.371221220235111e-05
27311,19.684840587739938,0.1126548058720087,0.000555346395337203
27325,20.056401613237703,0.07502856460063027,0.00023870706147371268
27335,17.72656183168979,0.05544749993538894,0.0
27347,13.42542104141248,0.0925096786984293,0.0
27385,12.808993808690035,0.14139732752873213,0.0
27403,18.18744236252111,0.046751452557939284,0.0
27404,17.321325152813767,0.08856226607741192,0.0
27412,17.79839281740332,0.061187036562081194,0.0
27490,15.451912294402018,0.11789681479262364,0.0
27510,19.204590007424954,0.05429472178269777,0.0
27521,15.433772852882331,0.07509284318693399,0.0
27541,18.16434356594541,0.07409191580355981,0.0004510204045081082
27553,21.880476923732896,0.05587128610053096,0.0
27574,15.50979538414636,0.1142653046694809,0.0
27578,13.473764408428933,0.14792853229982492,0.0
27625,13.28423519929878,0.09954728086288113,0.0
27695,21.810785574111495,0.047562239215475206,0.0
27724,15.268170000430796,0.28763829734727075,9.806565433484544e-05
27760,18.05984214404075,0.05657411984053171,0.00035077330003080264
27762,14.799475994147462,0.08641455447554672,0.0
27771,19.7089745662737,0.06475954292286704,0.0
27799,14.121212860008605,0.05800571691462527,0.0
27854,20.61720152485602,0.05792885169825074,0.001724372393152042
27876,15.08212267425009,0.36017307469175297,0.0
27920,14.201937481912623,0.08255806161325333,0.00020487324419473518
27930,16.933257213928304,0.11366861717302085,0.0
28011,14.579951088670573,0.1652721314669546,5.97504033073796e-06
28012,15.10605968692668,0.08311900105629483,0.0
28073,15.751910782714319,0.06616605874752637,0.0004959458541357188
28130,19.97621258096993,0.06385141516438209,0.0
28159,14.24390313938184,0.10009210170026059,8.102788126157784e-05
28163,18.586893900047706,0.22798843245429748,0.0
28253,20.034328277768576,0.06434018086752658,0.0007131712741415576
28357,14.745523845414741,0.129544111804436,0.0
28391,15.41527267275029,0.07709478951241922,0.0
28409,18.613605002858396,0.05311636428078519,0.0
28424,22.160954700138657,0.05521836802058468,0.0
28446,14.927352773924323,0.11047141567932368,0.00018116532139892877
28453,14.200735660090341,0.23891044054571783,9.15766518261802e-06
