respid,xi,xi_sp,miss_psurv85,sp_miss_psurv85
87,-9.0,-9.0,1.0,-9.0
94,-0.3926767219106484,-9.0,0.0,-9.0
109,-3.604038832685962,1.2873059102201425,0.0,0.0
127,-9.0,-9.0,1.0,-9.0
159,-9.0,-9.0,1.0,1.0
171,-4.101452429980104,-9.0,0.0,-9.0
222,0.11148070730008815,-9.0,0.0,-9.0
272,-1.1865848042420344,-1.4366629477997335,0.0,0.0
346,0.4844089123410662,-1.0543476167393797,0.0,0.0
351,-1.031919938134793,-1.0906915277590445,0.0,0.0
366,-9.0,-9.0,1.0,1.0
395,-1.2435137547139747,-0.5972451640939517,0.0,0.0
406,1.3436245702523626,1.4909091625696524,0.0,0.0
415,-2.8376552520346743,-2.453713659578437,0.0,0.0
417,-9.0,-9.0,1.0,-9.0
426,-2.929133375164367,-9.0,0.0,-9.0
441,-1.2165267490685303,-9.0,0.0,-9.0
442,-9.0,-9.0,1.0,-9.0
471,-0.5424195289225517,-9.0,0.0,-9.0
486,-2.657334381512747,-2.169285500694128,0.0,0.0
496,-3.2749697292475335,-1.9349771860320575,0.0,0.0
504,-9.0,-9.0,1.0,1.0
538,-1.0220853070480016,-0.7440286086553679,0.0,0.0
549,-0.2948900512449267,-9.0,0.0,-9.0
561,-2.1156331189738586,-9.0,0.0,-9.0
577,-3.3347098142216987,-2.463089345558977,0.0,0.0
626,-1.5167595092694173,-9.0,0.0,-9.0
634,-0.5484304180128607,-9.0,0.0,-9.0
646,0.6514729252579964,-0.3917120277884757,0.0,0.0
652,-1.0283062640029361,-9.0,0.0,-9.0
674,-2.504213544377157,-9.0,0.0,-9.0
687,-0.8274294821864635,0.36454491464420175,0.0,0.0
697,-9.0,-9.0,1.0,1.0
712,-2.6669797874083097,-2.6855594157100895,0.0,0.0
731,-0.2711055581368613,-0.0449681038666423,0.0,0.0
738,-1.656413465153734,-9.0,0.0,-9.0
751,0.8686151266827782,-9.0,0.0,-9.0
793,-3.3771290617295966,-2.5200174296111557,0.0,0.0
795,-3.064148539098314,-2.130758680183463,0.0,0.0
817,-2.6042401100710233,-0.45264006406639984,0.0,0.0
833,-1.7046417966025964,-1.1118848355798603,0.0,0.0
864,-0.41089336398186804,0.00437425335863436,0.0,0.0
881,0.5061444216602163,-0.2614801677119086,0.0,0.0
897,-1.6510539509892284,-1.9568428708823256,0.0,0.0
919,-0.5187847443755488,-9.0,0.0,-9.0
940,-1.1227903275017803,-0.8354847545287734,0.0,0.0
941,-2.4670799322050954,-1.9969367535989528,0.0,0.0
944,-1.7347009868259335,-9.0,0.0,-9.0
950,0.06854920129500718,0.023919369536596777,0.0,0.0
974,-1.2985902464720922,0.07445719618893322,0.0,0.0
983,-0.49988038674909263,-1.6096907058716003,0.0,0.0
985,-1.3882135357189718,-2.411049644524086,0.0,0.0
990,-9.0,-9.0,1.0,1.0
999,-3.0618475021205667,-9.0,0.0,-9.0
1006,-9.0,-9.0,1.0,-9.0
1011,-1.0578695877791842,-0.5174146968878055,0.0,0.0
1014,-2.4082285329686877,-3.426755395864811,0.0,0.0
1019,1.4568350559090564,0.030067329252701343,0.0,0.0
1031,-1.4240183417214844,-0.39077731897024537,0.0,0.0
1033,-2.6186611807269755,-2.270221220153594,0.0,0.0
1035,-1.6903443028110419,-2.8443146145033307,0.0,0.0
1041,-1.1769691092932255,-1.2805773182408966,0.0,0.0
1047,-9.0,-9.0,1.0,-9.0
1048,-9.0,-9.0,1.0,1.0
1066,0.4392843702406107,-0.6440753987434669,0.0,0.0
1068,-0.9337565600213953,0.6517278127016363,0.0,0.0
1078,-9.0,-9.0,1.0,1.0
1105,-1.3656919063832067,-1.6616096932586455,0.0,0.0
1111,-9.0,-9.0,1.0,1.0
1112,-1.7738692052588012,-1.501988244585539,0.0,0.0
1114,-0.43042950818405895,-0.37143458070307833,0.0,0.0
1119,-0.5062361222630996,-0.25125681785787024,0.0,0.0
1145,-0.20451768282676114,0.23481058449176118,0.0,0.0
1149,0.30162483914258875,0.8518344115044664,0.0,0.0
1169,-3.5240063904149936,-3.2600596995371087,0.0,0.0
1179,1.7322604471158531,0.49335576767581485,0.0,0.0
1188,0.26206487393296257,0.7211885027539997,0.0,0.0
1200,0.5503226597701121,0.46539106833909755,0.0,0.0
1209,-0.986623960998274,-0.7600261977838145,0.0,0.0
1211,-2.4891768679559094,-9.0,0.0,-9.0
1212,-3.1801735957364405,-9.0,0.0,-9.0
1227,0.4369565499643201,-0.9287143116363833,0.0,0.0
1238,-0.9197830749971315,-9.0,0.0,-9.0
1248,-1.7851129345456629,-9.0,0.0,-9.0
1257,1.1326925596583999,2.669097439516566,0.0,0.0
1265,0.2525285410524117,0.587495741521469,0.0,0.0
1268,-0.8808414344648563,-1.8144038063609227,0.0,0.0
1281,-3.3547895023833787,-0.6358803471290779,0.0,0.0
1290,-0.03734802624330754,1.3365989167801573,0.0,0.0
1303,1.2452917632349993,-2.288992626565831,0.0,0.0
1316,-9.0,-9.0,1.0,1.0
1320,-0.34913559213786294,-0.28974973818418714,0.0,0.0
1323,0.3617084983861915,1.7090984142300516,0.0,0.0
1324,-2.8115553109766984,-2.034235832015404,0.0,0.0
1332,-2.3696798876434872,-9.0,0.0,-9.0
1355,-1.7007310539248781,-9.0,0.0,-9.0
1364,0.06065859321545887,-9.0,0.0,-9.0
1370,-1.3871337906203896,-9.0,0.0,-9.0
1374,-2.8968600812651064,-2.346132008019776,0.0,0.0
1389,-1.3975436856014198,-9.0,0.0,-9.0
1404,-1.1962968962571612,-9.0,0.0,-9.0
1412,-2.370940704062631,-2.1730655164271657,0.0,0.0
1421,-0.8087028647931718,-2.067181713886829,0.0,0.0
1423,-3.078593973423729,-2.775267052847424,0.0,0.0
1439,1.2055621146457076,-9.0,0.0,-9.0
1449,-1.6352901556212986,-1.731171091939342,0.0,0.0
1472,-1.9366590803763764,-2.0516433195457866,0.0,0.0
1477,1.63180249896416,-9.0,0.0,-9.0
1506,-2.4516894325291734,-9.0,0.0,-9.0
1540,-2.2515746840421462,-9.0,0.0,-9.0
1591,-2.3484697831091874,-9.0,0.0,-9.0
1592,-9.0,-9.0,1.0,1.0
1660,-2.44305388322656,-9.0,0.0,-9.0
1685,-3.1858532643859405,0.48720765228252655,0.0,0.0
1719,-9.0,-9.0,1.0,1.0
1761,-1.481559307310845,-1.662654869205478,0.0,0.0
1771,-0.5808255385052655,-9.0,0.0,-9.0
1788,0.09162232018721789,-9.0,0.0,-9.0
1799,-0.6080724455117382,-0.38829097694717035,0.0,0.0
1805,-0.3331878158277223,-9.0,0.0,-9.0
1842,1.1122396182399226,1.1876758729420447,0.0,0.0
1852,-3.0509040626105355,-9.0,0.0,-9.0
1869,-2.7585042151381356,-3.2131317442839156,0.0,0.0
1884,-3.2727611306745543,-9.0,0.0,-9.0
1892,-3.479720809639248,-9.0,0.0,-9.0
1914,-2.3166709697932206,-0.7217372627052097,0.0,0.0
1929,0.5011651832448124,-2.0019397733217845,0.0,0.0
1931,-1.681120509382312,-1.227680428926304,0.0,0.0
1955,-1.3314370446141255,-1.0031511491178862,0.0,0.0
1967,0.2531660953369102,2.288547286851172,0.0,0.0
1978,-2.484498188066204,-1.282926752602451,0.0,0.0
2039,-0.8863426987607356,-0.822611433836294,0.0,0.0
2048,-0.03876420818673174,-9.0,0.0,-9.0
2049,-0.9728047917010298,-0.7842005542673117,0.0,0.0
2061,-9.0,-9.0,1.0,1.0
2086,-0.11211617719250785,-0.5607035953298888,0.0,0.0
2089,0.2615983683634941,0.3735197064978794,0.0,0.0
2136,0.13607247957114507,0.8688621050965266,0.0,0.0
2137,-1.6819131001475722,-1.6033246749399688,0.0,0.0
2142,-2.338682164222259,-9.0,0.0,-9.0
2231,-1.2589163845535472,-1.376263115496357,0.0,0.0
2306,-9.0,-9.0,1.0,-9.0
2334,-2.408291273288168,-3.670320688069075,0.0,0.0
2362,1.0601600331017826,0.8689757595734326,0.0,0.0
2365,-0.8698785923397686,-1.435071476505556,0.0,0.0
2367,1.5258281880198001,-0.22100855879305392,0.0,0.0
2371,-0.9994196759327895,-0.4169590000337735,0.0,0.0
2392,-9.0,-9.0,1.0,1.0
2398,-9.0,-9.0,1.0,1.0
2436,-0.71075150702005,0.11588296190255316,0.0,0.0
2442,-3.0097497270073474,-2.478578968582134,0.0,0.0
2447,0.14790288400984247,-0.3907453144551473,0.0,0.0
2454,0.7601511772257783,0.610854924477319,0.0,0.0
2457,-0.6229563186381528,-9.0,0.0,-9.0
2465,-1.6345223847629318,-9.0,0.0,-9.0
2479,-2.051162940556162,-2.2470707081894687,0.0,0.0
2487,-0.9296303504093435,-9.0,0.0,-9.0
2500,-0.22937083627769397,-0.551258356089764,0.0,0.0
2502,-0.9147612029692543,-0.20685628797793423,0.0,0.0
2528,-3.0516544496689195,-9.0,0.0,-9.0
2549,-1.1800861362043642,-2.445530971246293,0.0,0.0
2596,-3.076308665334794,-9.0,0.0,-9.0
2598,-1.4346209505720036,-0.2137540511128302,0.0,0.0
2611,-0.0635545414059271,-9.0,0.0,-9.0
2623,-0.6770205791591567,-0.2901127030502625,0.0,0.0
2636,-9.0,-9.0,1.0,-9.0
2659,1.6185418869198984,0.7906005147846566,0.0,0.0
2676,-1.9285300596570538,-2.567492256909318,0.0,0.0
2685,-2.892738583162253,-9.0,0.0,-9.0
2686,-3.196123653055722,-3.038342617142762,0.0,0.0
2709,-1.0868838971693313,-9.0,0.0,-9.0
2726,-2.2049871823508096,-9.0,0.0,-9.0
2728,1.9708760953923772,2.129798416593238,0.0,0.0
2745,-3.3107071385918188,-2.9649866929655517,0.0,0.0
2758,-2.9940166374682406,-2.5300836324362743,0.0,0.0
2768,-3.887779177298746,-2.972436900550637,0.0,0.0
2783,-0.3346719750351358,-9.0,0.0,-9.0
2804,0.5666939588951831,-0.6845193963692957,0.0,0.0
2829,-0.6911646347804739,-1.3631089647149608,0.0,0.0
2866,-0.5630547159752338,-9.0,0.0,-9.0
2868,-3.6434059689170404,-2.240551148347174,0.0,0.0
2869,-0.7186180157619995,-0.6477074895812427,0.0,0.0
2870,0.035701842628431665,-9.0,0.0,-9.0
2874,-0.06743108381481694,-0.11471077833627213,0.0,0.0
2877,-2.481302244581527,-9.0,0.0,1.0
2894,-1.1689245857749393,-1.8827611147859367,0.0,0.0
2923,-2.5116642380045118,-9.0,0.0,-9.0
2958,-1.443215727466132,-1.2927364180710292,0.0,0.0
3014,-9.0,-9.0,1.0,1.0
3018,-3.5423708784935912,-9.0,0.0,-9.0
3050,0.32066901218077143,-0.21434003998657822,0.0,0.0
3069,-0.349496206492591,-1.8443509469983848,0.0,0.0
3076,-1.2293227121897752,-0.9545373936185582,0.0,0.0
3098,-9.0,-9.0,1.0,1.0
3103,-3.636101818296206,-9.0,0.0,-9.0
3104,-0.867102322357066,-9.0,0.0,-9.0
3105,-9.0,-9.0,1.0,1.0
3127,0.3722193474735579,-9.0,0.0,-9.0
3136,-0.1818448705801548,-0.2764654924799106,0.0,0.0
3140,0.10059867712303709,-9.0,0.0,-9.0
3144,-9.0,-9.0,1.0,1.0
3145,-0.8936170532631915,-0.26895576815043587,0.0,0.0
3153,-1.447562222522231,-9.0,0.0,-9.0
3160,0.42833040241587994,-9.0,0.0,-9.0
3197,-3.5463462338605765,-3.025203575320107,0.0,0.0
3198,0.16402405614010906,1.1355467105549526,0.0,0.0
3201,-2.3794708559892648,-1.8705145166880157,0.0,0.0
3202,-1.3832026179217314,-2.278562954958517,0.0,0.0
3214,-2.057716397188878,-1.7930555626374332,0.0,0.0
3235,-2.284645137284215,-1.5670220064971836,0.0,0.0
3237,-1.8793889293316957,-2.1560789866859675,0.0,0.0
3242,-2.3020048828769197,-2.330571532328203,0.0,0.0
3254,-3.174752366840274,-1.7785418656784862,0.0,0.0
3271,0.03897081424626472,-9.0,0.0,-9.0
3274,-3.671416762618239,-2.8613251916114573,0.0,0.0
3319,-1.7454326753775962,-9.0,0.0,-9.0
3326,-0.3011251436170299,-9.0,0.0,-9.0
3330,-9.0,-9.0,1.0,1.0
3338,-0.2971812788882954,-9.0,0.0,-9.0
3340,0.8946886789050842,-9.0,0.0,-9.0
3343,-0.9442440888597423,-9.0,0.0,-9.0
3362,-0.9838098176010711,-0.14589799887587404,0.0,0.0
3365,-1.1384504450286757,-9.0,0.0,-9.0
3381,-0.9753654854600345,-0.47511080608664086,0.0,0.0
3390,-1.1279342837869883,-1.4215765760988222,0.0,0.0
3398,-3.254432668041159,-3.1812182368528896,0.0,0.0
3405,1.5200645790420193,1.1838806180430397,0.0,0.0
3406,-3.2479970308401374,-9.0,0.0,-9.0
3434,-3.3686716693202565,-9.0,0.0,-9.0
3435,-2.2477612002128162,-0.34539554766395714,0.0,0.0
3442,-3.380340429859081,-9.0,0.0,1.0
3446,-0.6900833456569473,-9.0,0.0,-9.0
3452,-1.7638448675762668,-9.0,0.0,-9.0
3457,-9.0,-9.0,1.0,-9.0
3474,-3.5030646433254278,-9.0,0.0,-9.0
3488,-2.5007635709444043,-1.2606015821377896,0.0,0.0
3491,0.03109563250184357,-1.1129490741344503,0.0,0.0
3501,-0.26292361633944666,0.15235011515842609,0.0,0.0
3505,-0.6978476734695656,-9.0,0.0,-9.0
3522,-2.64669665421905,-1.8810742030363092,0.0,0.0
3531,-3.1083696381440324,-3.148805517763138,0.0,0.0
3532,-2.7447668678415935,-2.0939037335716986,0.0,0.0
3541,-1.950608444276626,-2.084541288855271,0.0,0.0
3550,-1.3971479523547883,-1.0478389663129246,0.0,0.0
3557,-2.846661981471434,-2.655152264037582,0.0,0.0
3564,-0.4311851941728808,-9.0,0.0,-9.0
3572,-9.0,-9.0,1.0,1.0
3586,-0.20277498919111353,-9.0,0.0,-9.0
3587,-1.8981891549542096,-9.0,0.0,-9.0
3601,-1.3144515589534544,-9.0,0.0,-9.0
3631,0.033896742675040135,0.6070790360539993,0.0,0.0
3633,0.7743459027673337,-9.0,0.0,-9.0
3642,-2.3469768303027267,-9.0,0.0,-9.0
3656,1.001091798656363,0.11787677397665404,0.0,0.0
3663,-0.8635531432349186,-9.0,0.0,-9.0
3680,-1.0435572215370974,-9.0,0.0,-9.0
3692,-3.060994362631452,-2.470432859011188,0.0,0.0
3695,-9.0,-9.0,1.0,1.0
3698,-2.547744709864056,-9.0,0.0,1.0
3699,-0.7716025568989129,-9.0,0.0,-9.0
3715,-1.5564639208739577,-0.6828592750249466,0.0,0.0
3721,-2.728740534925519,-2.505237576532794,0.0,0.0
3729,-9.0,-9.0,1.0,1.0
3750,-0.07829547166795842,-1.4557443601561264,0.0,0.0
3751,-1.1439174929580043,-0.7807989268071315,0.0,0.0
3771,-2.085031821161357,-2.2192191607414844,0.0,0.0
3777,-1.6675472038443941,-1.9830737042954287,0.0,0.0
3785,-0.7124684244668138,-0.25587303246868615,0.0,0.0
3795,-1.2427576124017445,-0.927377748655054,0.0,0.0
3802,1.5411982348266418,2.0912280395292133,0.0,0.0
3807,-1.780056854589434,-1.8177677093085625,0.0,0.0
3822,-1.843098836052853,-1.3013467272245527,0.0,0.0
3826,-1.061261504667296,-0.41696911616614035,0.0,0.0
3899,-1.53800385037705,-0.7913169289148042,0.0,0.0
3908,-2.05953665880366,-1.2412387509600737,0.0,0.0
3910,-9.0,-9.0,1.0,1.0
3914,-0.5263943537326138,-9.0,0.0,1.0
3924,-9.0,-9.0,1.0,1.0
3926,-1.7264459439181008,-9.0,0.0,-9.0
3930,-2.229055931625299,-1.9335752584983903,0.0,0.0
3931,-0.7240106661528741,-0.28822351376890504,0.0,0.0
3935,-1.8089365296820383,-1.0841676315420865,0.0,0.0
3944,0.9698679350035775,0.6065809640095986,0.0,0.0
3961,-3.461271072811664,-2.685079347777288,0.0,0.0
3975,0.32173783689725205,1.0196625806044097,0.0,0.0
3983,-1.7378798534667688,-1.5179502064257562,0.0,0.0
3996,-1.076242777827396,-9.0,0.0,-9.0
4003,-9.0,0.3349967570205613,1.0,0.0
4035,-0.022085869219771462,-9.0,0.0,-9.0
4036,-0.07428376028011704,-9.0,0.0,1.0
4060,-9.0,-9.0,1.0,-9.0
4074,-0.45419909236453637,-1.7313042653417572,0.0,0.0
4078,-9.0,-9.0,1.0,1.0
4085,-3.370698338955679,-2.1245688174723494,0.0,0.0
4096,-0.25728351936708665,1.0787675917018664,0.0,0.0
4111,-1.3380540515341268,-0.8798796947747783,0.0,0.0
4113,-0.09451638083734215,-0.724869546390813,0.0,0.0
4132,-1.1151193526558123,-1.0725872000257937,0.0,0.0
4134,-1.2156080318029605,-1.255168005678147,0.0,0.0
4139,-2.8301550633774073,-1.8099771618012694,0.0,0.0
4177,-1.6028564161778638,0.023062804556190725,0.0,0.0
4182,-2.339181606651755,-3.558610644328223,0.0,0.0
4191,-0.7598382722001699,-0.14440463488676628,0.0,0.0
4205,-2.1971986057157724,-1.507983295577035,0.0,0.0
4210,1.5776307454488125,-2.154535898870759,0.0,0.0
4212,-1.8065185441598848,-9.0,0.0,-9.0
4221,0.2761268724040314,0.38480718773846395,0.0,0.0
4231,0.3956225592069929,1.7591644796885084,0.0,0.0
4232,-1.2514614088594982,-0.7864079560577601,0.0,0.0
4249,-1.30621579134697,-1.9516440170786769,0.0,0.0
4252,-0.8825461707815964,-0.4213049858326952,0.0,0.0
4264,-1.1305576994448145,-0.8382582053307626,0.0,0.0
4270,-1.8480986144913676,-1.1657588360126006,0.0,0.0
4272,-2.6944047161928504,-2.3721907267505586,0.0,0.0
4273,-1.223227208112874,-0.43292996043339427,0.0,0.0
4279,-0.8215582882005903,-1.3706523833818918,0.0,0.0
4292,-9.0,-9.0,1.0,-9.0
4309,0.03942796488721284,1.004884685585279,0.0,0.0
4334,-2.215779942596156,-1.1684107038821763,0.0,0.0
4352,-2.766439869290318,-1.2445910559741618,0.0,0.0
4369,-3.1112289830464674,-9.0,0.0,-9.0
4389,-2.276188886109611,-1.984481722122183,0.0,0.0
4392,0.09544155576350437,0.3755866194710152,0.0,0.0
4394,-1.3902578301706157,-9.0,0.0,-9.0
4412,0.5440826462694025,-0.4322214723601185,0.0,0.0
4503,-1.7977274416131352,-1.561545640645129,0.0,0.0
4537,-3.8055924310413314,-3.464824081518412,0.0,0.0
4542,-3.272447145038261,-9.0,0.0,-9.0
4547,-3.241674879261896,-9.0,0.0,-9.0
4551,-9.0,-9.0,1.0,1.0
4585,-2.1845712537492714,-2.5695331622135424,0.0,0.0
4587,-9.0,-9.0,1.0,1.0
4589,-9.0,-9.0,1.0,1.0
4620,-3.998993194135068,-2.1778319965782433,0.0,0.0
4622,-1.6978330956256842,-1.9143190305167979,0.0,0.0
4654,-3.2301521955028525,-2.3838413959795397,0.0,0.0
4670,-0.33157313644498326,-1.1507195797579075,0.0,0.0
4673,-0.9921513497536082,-9.0,0.0,-9.0
4697,-0.2870029465913708,0.05525578287917364,0.0,0.0
4701,-1.7521024126540246,-0.5686347960192546,0.0,0.0
4722,1.063373286004699,-0.8334916782074997,0.0,0.0
4727,-0.05365639665831899,0.868870347593236,0.0,0.0
4736,-1.603283164079567,-1.0695241077902662,0.0,0.0
4738,-1.2499179931979414,-1.2885885286114074,0.0,0.0
4746,-1.0366567296572429,-0.6861189052452602,0.0,0.0
4775,-4.002341607703527,-2.0671767152796883,0.0,0.0
4815,-3.507347598703341,-2.9672153778773898,0.0,0.0
4816,-0.44900875009905755,-0.07382703538605995,0.0,0.0
4826,-0.954949249233579,-0.7985202688080463,0.0,0.0
4868,-0.6257737235976923,0.0697972739513706,0.0,0.0
4893,1.0975363346061704,-9.0,0.0,-9.0
4901,-1.7569062981677166,-1.831036143435091,0.0,0.0
4904,-3.106407008023854,-2.799643436419927,0.0,0.0
4919,-2.0472531666716907,-1.4127732864043172,0.0,0.0
4922,-1.2938939898012178,-1.5016363071838683,0.0,0.0
4932,-3.3446224747653694,-2.084518517467168,0.0,0.0
4936,-9.0,-9.0,1.0,1.0
4943,-0.5962425701658189,-9.0,0.0,-9.0
4945,-1.3078525137561328,-9.0,0.0,-9.0
4957,0.5587756078858089,0.24343072319458187,0.0,0.0
4968,-1.449224568741967,-0.8914428232611219,0.0,0.0
4970,-1.6165825876010047,-1.2949432859689545,0.0,0.0
4984,-1.0141613054522056,-9.0,0.0,-9.0
4991,-2.3607328034992427,-1.4915513772981872,0.0,0.0
4995,-2.6094649307078317,-9.0,0.0,-9.0
4998,-0.23133209447283806,-0.6752396585262523,0.0,0.0
5000,-0.291961688490199,-0.17034427725316664,0.0,0.0
5015,-1.2735371673269047,-1.5517471326412993,0.0,0.0
5041,-1.6255024764497734,-0.9636413013895058,0.0,0.0
5104,-0.8725980605723344,-9.0,0.0,-9.0
5105,0.5929162943809818,-9.0,0.0,-9.0
5110,-9.0,-9.0,1.0,1.0
5130,-0.9632412175361155,-0.25655399858989686,0.0,0.0
5141,-3.1959218260715168,-9.0,0.0,1.0
5155,-0.8810119137708616,-9.0,0.0,-9.0
5156,-2.7369102694726766,-0.9129693738391151,0.0,0.0
5164,-2.882377779461621,-2.2322872104337534,0.0,0.0
5231,-3.4853348039333203,-2.626194320781764,0.0,0.0
5236,-1.9251681457922791,-0.6375709136769455,0.0,0.0
5262,-2.8032120236117657,-2.024618459418922,0.0,0.0
5267,-2.120411659545193,-1.0054775193678613,0.0,0.0
5281,-0.1767268307342651,-9.0,0.0,-9.0
5291,-0.5561698342325618,-9.0,0.0,-9.0
5317,-2.066153411146443,-1.912947436394588,0.0,0.0
5321,-9.0,-9.0,1.0,-9.0
5322,-0.5917309986362032,-9.0,0.0,-9.0
5344,-0.9374909608241018,-9.0,0.0,-9.0
5351,-0.7617474262853213,-0.38148978126568495,0.0,0.0
5353,-1.1720171315597483,-1.019140462145377,0.0,0.0
5354,-2.150103752557096,-2.3390829313895964,0.0,0.0
5356,-1.9346645076409361,-0.6925069061121257,0.0,0.0
5366,-9.0,-9.0,1.0,1.0
5372,-9.0,-9.0,1.0,1.0
5392,0.7947624282208704,-0.41085926021954616,0.0,0.0
5404,-2.054365524509187,0.20198958091628103,0.0,0.0
5407,-3.629649148633974,-2.576965414366143,0.0,0.0
5430,-0.21109099782731086,-2.706461685148569,0.0,0.0
5433,-9.0,2.0080226909589105,1.0,0.0
5438,-1.2785008436947023,-0.5878549035579876,0.0,0.0
5454,-0.290752853075987,-1.5256882905622113,0.0,0.0
5479,-9.0,-9.0,1.0,1.0
5495,-2.695564789947822,-0.48949053901167444,0.0,0.0
5503,-9.0,-9.0,1.0,1.0
5513,-9.0,-9.0,1.0,1.0
5526,-0.4735355725824521,-0.9912815950510485,0.0,0.0
5529,2.0110820721811633,-9.0,0.0,-9.0
5541,-2.306293237980594,-2.566932297681884,0.0,0.0
5557,-3.5224964158819403,-2.4251266297511345,0.0,0.0
5564,-0.7252975856312156,-0.12578770288621924,0.0,0.0
5568,-0.01580444420864891,0.7313029727746669,0.0,0.0
5572,-2.620878253104386,-2.4500951541134697,0.0,0.0
5610,-0.9534171202438204,-9.0,0.0,-9.0
5612,-1.7455158233917658,-1.319192241507974,0.0,0.0
5631,-3.152125091679631,-2.3874676910272807,0.0,0.0
5663,-2.495343362428414,-1.83243253794364,0.0,0.0
5676,-1.618370346032894,-0.3650902171245186,0.0,0.0
5693,-2.1883537581670844,-1.963700642900577,0.0,0.0
5703,-0.6655657453417684,-2.1818939238745445,0.0,0.0
5707,-1.8710211799899992,-1.0148786858173722,0.0,0.0
5743,-1.3585497881536877,-2.4048360299076315,0.0,0.0
5772,-3.1720950817190987,-1.91404301182727,0.0,0.0
5795,-1.8399128620895475,-1.3352290544542569,0.0,0.0
5797,-1.2055856183804017,-1.5894088202217591,0.0,0.0
5857,-2.211342692036823,-2.6276861508594367,0.0,0.0
5885,-2.123425381099125,-2.5431604441732314,0.0,0.0
5933,-1.2106590033444464,-9.0,0.0,-9.0
5941,-3.123633419498302,-2.7826160471063504,0.0,0.0
5943,0.1320956277521807,0.7547039995553592,0.0,0.0
5949,-0.8430901423393101,-0.3924814986033875,0.0,0.0
5951,-4.236155531490382,-9.0,0.0,-9.0
5956,-0.15643010681966188,-0.07537803076550954,0.0,0.0
5961,1.5117104512864488,-9.0,0.0,-9.0
5968,-0.3991197472697032,-2.4561594570728733,0.0,0.0
6001,-0.7702521224048013,-0.5061099127319819,0.0,0.0
6010,-3.247640255202305,-2.3837623630040756,0.0,0.0
6012,0.6064586168348354,1.1397270950778506,0.0,0.0
6028,-1.7747048819422462,-9.0,0.0,-9.0
6029,-2.792222772553371,-2.406694388339094,0.0,0.0
6041,-1.8964088960573502,0.32402376230485824,0.0,0.0
6049,-0.8744986133003646,-1.0464606231891624,0.0,0.0
6060,-0.25099913835496146,-0.5763338289028543,0.0,0.0
6073,-1.498788951166498,-0.5491843086644046,0.0,0.0
6089,-1.463499617332989,-1.0105798940611885,0.0,0.0
6126,-2.4442573965281493,-9.0,0.0,-9.0
6143,-0.6752895110072024,-2.2087747866439416,0.0,0.0
6145,-0.8759983794419369,-1.0079212241517042,0.0,0.0
6146,-3.2715818725188393,-2.399062619325794,0.0,0.0
6159,-1.53651208289944,-0.19733661827243826,0.0,0.0
6178,0.21831301238530038,-9.0,0.0,-9.0
6196,-2.400317526058285,-1.317816487696963,0.0,0.0
6201,-0.12042428228048753,0.5964539992054813,0.0,0.0
6217,-1.9952205415880315,-1.3031286494297005,0.0,0.0
6234,-2.018651255677268,-1.4527875817179532,0.0,0.0
6245,-2.865193548613253,-3.1643475005150163,0.0,0.0
6249,0.062297939250332425,-9.0,0.0,-9.0
6261,-2.6473659891883528,-2.087801341467725,0.0,0.0
6272,0.560505214214593,0.7227987994801454,0.0,0.0
6277,-1.141880908703808,-1.2011153429171604,0.0,0.0
6288,-2.381436292012531,-9.0,0.0,-9.0
6310,-9.0,-9.0,1.0,-9.0
6318,-9.0,-9.0,1.0,1.0
6321,-2.2135697953658693,-2.1041744651628784,0.0,0.0
6323,-2.305667808545777,-1.8819806016567686,0.0,0.0
6330,-9.0,-9.0,1.0,-9.0
6335,-0.3095461345649187,-9.0,0.0,-9.0
6345,-0.9635260795685889,-9.0,0.0,-9.0
6348,-2.4609969121487003,-2.470066776447558,0.0,0.0
6349,-0.2602761967108792,-0.3256974447391551,0.0,0.0
6357,-2.527088235989195,-0.2596324094010263,0.0,0.0
6361,-9.0,-9.0,1.0,-9.0
6374,-0.258529217283321,0.33075697553458583,0.0,0.0
6377,-0.30806015565630757,0.5935289501772291,0.0,0.0
6386,-1.3010634298725698,-1.2725051738127162,0.0,0.0
6395,0.4154498228167004,-9.0,0.0,-9.0
6406,1.7930563898181693,0.8029795451768709,0.0,0.0
6410,-0.027638034609859145,0.8521114249006967,0.0,0.0
6430,-0.8431319955905813,-0.6467781593196288,0.0,0.0
6457,-1.2958137255851887,-0.9132871328819109,0.0,0.0
6465,-3.299768859889681,-9.0,0.0,-9.0
6474,-0.8083142756184523,-0.8233303306600539,0.0,0.0
6479,-2.3590291189208803,-0.5581413514288912,0.0,0.0
6482,-0.6940929633144342,-9.0,0.0,-9.0
6492,-2.787957576284778,-9.0,0.0,-9.0
6502,-2.1085676848057813,-0.33860359207358764,0.0,0.0
6511,-0.04144997269969545,-0.23766855826668298,0.0,0.0
6524,-2.927822025503693,-2.5404535242510984,0.0,0.0
6530,-3.8246726450358355,-2.949212797720562,0.0,0.0
6536,-1.0575472135574544,-9.0,0.0,-9.0
6570,-3.620656164161659,-2.734629765966889,0.0,0.0
6578,-2.304125031710195,1.124810048885634,0.0,0.0
6587,-0.6607330877131795,0.6397043847923728,0.0,0.0
6611,-1.2376776527124997,-1.5839654210254206,0.0,0.0
6623,-0.10575150129946048,0.6036304735138529,0.0,0.0
6629,-4.0936818510979585,-2.0620205339435285,0.0,0.0
6631,-1.670953472572866,-2.5489683038480146,0.0,0.0
6638,-0.6460656273866596,-0.5758830220381187,0.0,0.0
6656,-1.28740284771647,-1.0625109637805794,0.0,0.0
6673,-9.0,-9.0,1.0,1.0
6678,2.1929207472227694,1.8344804559924934,0.0,0.0
6697,-1.1525742667880194,-9.0,0.0,-9.0
6712,-0.9608916004292816,-9.0,0.0,-9.0
6713,-3.9937996373602176,-2.9537913622674368,0.0,0.0
6716,0.8448864935691082,-2.6045523106253565,0.0,0.0
6717,-1.283056335159281,-2.1336179900023815,0.0,0.0
6729,-1.9345831773430497,-1.702104077285417,0.0,0.0
6740,-1.1195741559270647,-0.5266888680579657,0.0,0.0
6747,-0.7854637407399072,-2.2774991680676306,0.0,0.0
6759,-0.4883099679217202,0.038514016958972316,0.0,0.0
6765,-2.845425222014553,-2.4939535804610267,0.0,0.0
6801,-0.8945766316879619,-9.0,0.0,-9.0
6810,1.1307793341016603,-1.62237204282719,0.0,0.0
6823,-0.35078521218459335,0.005986085510700893,0.0,0.0
6845,-0.31111864172399806,1.1394547847685683,0.0,0.0
6852,-2.802306198622948,-2.643574003387424,0.0,0.0
6854,1.0033260227476062,-0.6174399889073643,0.0,0.0
6871,0.2758435911394147,-2.274757405446463,0.0,0.0
6873,0.3693982244287632,-9.0,0.0,-9.0
6878,-1.6221417162362997,-9.0,0.0,-9.0
6892,-2.044022911217113,-1.2264761713815522,0.0,0.0
6900,-1.9262402373002343,-9.0,0.0,-9.0
6906,-1.638055564222871,-1.7179962056045586,0.0,0.0
6967,-0.30838426394875257,0.17592972701872625,0.0,0.0
6983,-3.722846094982105,-3.4697717446015206,0.0,0.0
6987,-0.7522608058825694,-1.5609993757880116,0.0,0.0
6993,-2.433847118868975,-9.0,0.0,-9.0
7002,-1.5957911527002941,-0.5078363700463037,0.0,0.0
7029,1.94515845043054,0.7549442622532899,0.0,0.0
7036,-2.152044860982268,-0.8233149978520431,0.0,0.0
7057,0.7991067078287464,-9.0,0.0,-9.0
7063,-1.5512715734003975,-9.0,0.0,-9.0
7069,-3.3854197828464594,-0.7127864136936362,0.0,0.0
7078,1.3292463289972525,-0.3868841675136085,0.0,0.0
7087,-9.0,-9.0,1.0,1.0
7094,0.07401461243791563,0.10911141235429782,0.0,0.0
7143,-0.3361668143890258,0.26871883029520377,0.0,0.0
7147,-2.1573978561930955,-2.1610612197944734,0.0,0.0
7175,-2.234453491633351,-9.0,0.0,-9.0
7179,-2.280873616772156,-1.903682263882873,0.0,0.0
7180,-3.1673533837289725,-3.046350023429079,0.0,0.0
7185,-1.713661145480401,-2.931326668626146,0.0,0.0
7192,-1.7316424212213584,-2.093018383684237,0.0,0.0
7201,0.8321456264417746,-9.0,0.0,-9.0
7210,-9.0,-9.0,1.0,1.0
7246,-0.3475230390152932,-9.0,0.0,-9.0
7287,-0.42202806906163826,-0.9695769724754969,0.0,0.0
7291,-9.0,-9.0,1.0,1.0
7312,-3.3242115609978318,-9.0,0.0,-9.0
7332,-0.2502591436863947,-9.0,0.0,-9.0
7344,-1.4939924820903256,-9.0,0.0,-9.0
7345,2.2633925419956777,-9.0,0.0,-9.0
7363,-2.2385249377276417,-9.0,0.0,-9.0
7387,-1.2481264584606275,-9.0,0.0,-9.0
7390,-1.015361442534401,-0.26772497276663226,0.0,0.0
7391,-2.284182446501593,-2.568416284180915,0.0,0.0
7392,-3.659727496074281,-2.03247341139328,0.0,0.0
7393,-1.4219258581184824,-0.7379659913524553,0.0,0.0
7396,-2.822254730021732,-9.0,0.0,-9.0
7409,-2.910389638873397,-2.416874815168099,0.0,0.0
7429,-2.9810777237275916,-1.9840240968174188,0.0,0.0
7441,1.3593305786405983,-0.7562631689977011,0.0,0.0
7449,-0.5337759189391487,-9.0,0.0,-9.0
7468,-2.3757168788231517,-2.7548953532793483,0.0,0.0
7474,-1.8286081636856257,-0.43337559364759215,0.0,0.0
7488,-9.0,-9.0,1.0,1.0
7491,0.17669397143843973,0.7687936527072969,0.0,0.0
7496,-0.8564737235512906,-0.7015253687215135,0.0,0.0
7529,-3.483232717775413,-9.0,0.0,-9.0
7532,-3.1117124537689906,-2.5147345834931625,0.0,0.0
7536,-3.5421972089180382,-2.364335622113332,0.0,0.0
7538,-1.2701540195839343,-1.1429220309106771,0.0,0.0
7540,-1.353730816377304,-1.4186472710081979,0.0,0.0
7545,-0.9421351408766256,-0.8866637243744008,0.0,0.0
7558,-9.0,0.11438658425993638,1.0,0.0
7567,-0.9448903241279764,-0.09038112086780388,0.0,0.0
7589,-0.2497828668431071,0.0412076086124853,0.0,0.0
7595,-2.45508099531289,-0.4826405045764421,0.0,0.0
7607,-1.2378337049993757,-0.9483935200326007,0.0,0.0
7621,0.04739919888808281,0.7720729551929888,0.0,0.0
7688,-1.8650711233398047,-9.0,0.0,-9.0
7698,-3.2689614161685174,-2.887203246834541,0.0,0.0
7699,-2.7191642349741483,-2.0025951527048953,0.0,0.0
7730,-2.6444949171424907,-2.218885147628838,0.0,0.0
7766,-1.5455637229700652,-1.2828130079549485,0.0,0.0
7790,-1.5904902128322211,-0.5066212080976263,0.0,0.0
7791,-3.552146940821191,-2.8604176344295023,0.0,0.0
7815,-9.0,-9.0,1.0,1.0
7836,0.010762205536297783,0.719345036175785,0.0,0.0
7852,-0.09978661614727379,-0.5755437759540017,0.0,0.0
7854,-2.653483461483548,-1.3134156671748742,0.0,0.0
7860,-0.11122088009114706,-9.0,0.0,-9.0
7863,-0.9544556026282379,-0.4337386715771805,0.0,0.0
7870,0.035756701623533525,0.2750664226175936,0.0,0.0
7873,-1.6720407205273042,-0.5260259332356313,0.0,0.0
7907,0.07241050487559843,0.21919318830747322,0.0,0.0
7908,0.8943707168124759,-9.0,0.0,-9.0
7911,-2.58153166529257,-0.6648099763439195,0.0,0.0
7966,-3.9463313512115317,-2.4272484000327803,0.0,0.0
7979,-9.0,-9.0,1.0,-9.0
7987,-2.9310944803416064,-2.382410626363957,0.0,0.0
7999,-2.259116930131622,-0.35274344236507854,0.0,0.0
8003,-0.291369153496463,-0.4796983647859125,0.0,0.0
8006,-0.041267903164526526,-0.7109708671632332,0.0,0.0
8008,-1.2115289929949642,1.367210236592186,0.0,0.0
8009,-2.4138366102000415,-9.0,0.0,-9.0
8033,-0.046063076477043025,-9.0,0.0,-9.0
8039,-9.0,-9.0,1.0,-9.0
8049,0.24904604929077226,0.7073724369680685,0.0,0.0
8051,-2.2707337267193455,-1.2391645216164788,0.0,0.0
8053,-1.2761736248260966,-9.0,0.0,-9.0
8072,-1.7563877405672608,-9.0,0.0,-9.0
8077,-0.9149644877268632,-0.45939380190474993,0.0,0.0
8099,-9.0,-9.0,1.0,1.0
8111,-3.1421256087962526,-9.0,0.0,-9.0
8122,-0.5839554028427028,-0.3238921880892585,0.0,0.0
8126,-1.9708469675321711,-9.0,0.0,-9.0
8127,-3.2361913152435617,-2.4621357232636583,0.0,0.0
8144,-1.5803970415979347,-0.37943187695021924,0.0,0.0
8170,-0.309517036537841,-1.6295512834130492,0.0,0.0
8174,-2.6905643915476927,-2.2025949241335367,0.0,0.0
8181,-9.0,-9.0,1.0,1.0
8196,0.33252174116310007,-1.463430579117657,0.0,0.0
8204,-1.7564346713938894,-1.5970315509985686,0.0,0.0
8206,-1.835791152257542,-9.0,0.0,-9.0
8224,-1.170221077986018,-1.2251688560799243,0.0,0.0
8226,-2.9180219159204253,-2.411672233302468,0.0,0.0
8231,-1.3869492823121412,-1.2709174969825308,0.0,0.0
8232,-2.326560380603531,-9.0,0.0,-9.0
8234,-2.044792579701805,-1.53452588497149,0.0,0.0
8249,-0.667221303546807,-0.6463491686306136,0.0,0.0
8258,-0.42834540709024194,-2.2322823626450763,0.0,0.0
8263,-0.528990594683107,-0.793912576898546,0.0,0.0
8264,-1.68410575730174,-9.0,0.0,-9.0
8270,-1.1287798846680122,0.49513728408796276,0.0,0.0
8282,-2.6131525055553366,-2.822575759139151,0.0,0.0
8287,-9.0,-9.0,1.0,1.0
8289,-1.3084294481201841,-9.0,0.0,-9.0
8290,-1.0650748432270516,-0.10137715257217689,0.0,0.0
8304,-2.1631668278587033,-1.1806054070539065,0.0,0.0
8305,-2.4313916567800873,-9.0,0.0,-9.0
8310,-2.2007396533253902,-1.4483809825511054,0.0,0.0
8318,-2.6492836450339508,-2.3523744776796476,0.0,0.0
8319,-1.5681432392685313,-2.477947765948281,0.0,0.0
8322,-9.0,-9.0,1.0,1.0
8325,0.5018141618908724,1.3900681700093962,0.0,0.0
8326,-3.112443530647538,-9.0,0.0,-9.0
8333,-3.042785344623507,-2.9740863937643827,0.0,0.0
8338,-2.989136611100057,-1.1594648174144084,0.0,0.0
8377,-0.5837955729790477,-1.2820220702373886,0.0,0.0
8390,0.40529718756647937,-9.0,0.0,-9.0
8393,-2.935846980749897,-9.0,0.0,-9.0
8401,-2.272984420372363,-1.2598138221013995,0.0,0.0
8416,-1.984908933586315,-9.0,0.0,-9.0
8417,-9.0,-9.0,1.0,1.0
8418,-1.5103409426142957,-1.1808638775150875,0.0,0.0
8420,-1.4570009234995838,-0.4877037828557223,0.0,0.0
8424,-1.0939430179424723,-0.7691625233388585,0.0,0.0
8430,-2.8977013459198537,-3.7777038038580244,0.0,0.0
8434,-1.0283627655178795,0.4562157311366536,0.0,0.0
8439,-2.1631833422967794,-0.571430031050505,0.0,0.0
8440,-1.825966852063577,-1.2807296708192553,0.0,0.0
8460,-3.170212771690296,-9.0,0.0,-9.0
8461,-9.0,-9.0,1.0,1.0
8467,-1.6243091993185357,-1.5888529707759584,0.0,0.0
8474,-3.325650073778338,-9.0,0.0,-9.0
8475,-3.04044178307187,-9.0,0.0,-9.0
8486,-1.9623465970119405,-2.490911660681568,0.0,0.0
8503,-0.3108718462497796,0.022376520344687303,0.0,0.0
8504,-1.6586926293929327,-1.7602110511856324,0.0,0.0
8505,1.8216715110059334,-2.53658471282173,0.0,0.0
8510,-2.307145468526674,-0.879466782222412,0.0,0.0
8513,-2.42649462486735,-2.6615565115861926,0.0,0.0
8529,-1.9107275964373343,-2.669328751270378,0.0,0.0
8532,0.08428504300549756,0.3886550179791966,0.0,0.0
8538,-1.0209712351323836,-9.0,0.0,-9.0
8556,0.6995637558430503,-9.0,0.0,-9.0
8561,-1.9821472515512728,-1.6626685112908997,0.0,0.0
8574,-0.7693937037235937,-0.4568639013460729,0.0,0.0
8576,-2.822961018914272,-2.2614770206637433,0.0,0.0
8612,-1.2859473069472678,-2.217689523480677,0.0,0.0
8614,-2.241087440248666,-2.058560159516848,0.0,0.0
8623,-9.0,-9.0,1.0,1.0
8637,-0.8703221129971046,-9.0,0.0,-9.0
8648,-9.0,-9.0,1.0,1.0
8649,-1.3602255484212222,-1.894645786572865,0.0,0.0
8669,-3.3504201916226166,-9.0,0.0,-9.0
8698,-1.750759967387768,-0.8535253390096709,0.0,0.0
8718,-2.8315379348465632,-3.133142054377159,0.0,0.0
8719,-1.7103901753507318,-1.1721390847503717,0.0,0.0
8721,-3.111921671824027,-2.9897064201498003,0.0,0.0
8734,-0.7863618093443805,-9.0,0.0,-9.0
8749,-0.6182886031490479,-9.0,0.0,-9.0
8765,-2.6444890795899263,-1.8888886583927011,0.0,0.0
8767,-2.936181913736272,-9.0,0.0,-9.0
8781,-1.2883054879462574,0.002573907471526573,0.0,0.0
8783,-1.8524353198478312,-0.3935279164677961,0.0,0.0
8786,-1.6460535462649277,-0.4376095619418645,0.0,0.0
8790,0.8102708468130925,-9.0,0.0,-9.0
8810,-2.153729906786708,-2.2722385535775333,0.0,0.0
8818,-9.0,-9.0,1.0,1.0
8822,-9.0,-9.0,1.0,-9.0
8823,-9.0,-9.0,1.0,1.0
8832,-0.3260579001199511,-0.5527167418357192,0.0,0.0
8848,-2.246757760027868,-1.827670680584178,0.0,0.0
8858,0.5700543709967748,-9.0,0.0,-9.0
8862,-9.0,-9.0,1.0,1.0
8880,-2.860082421561967,-9.0,0.0,-9.0
8901,-2.3819146269534834,-2.644136509999628,0.0,0.0
8902,-0.7759121767053693,-9.0,0.0,-9.0
8911,-9.0,-9.0,1.0,-9.0
8912,-0.3064669129168198,-1.2365984134740085,0.0,0.0
8917,-2.8739218965231252,-9.0,0.0,-9.0
8942,-0.8216263501148722,-0.7075602625523154,0.0,0.0
8946,-1.1681029193590762,-1.0125503108181255,0.0,0.0
8953,-0.5497082101568906,0.00809921355972414,0.0,0.0
8958,-1.668380671557893,-2.1063566530342204,0.0,0.0
8970,-1.1653401883255472,-9.0,0.0,-9.0
8984,-9.0,-9.0,1.0,1.0
8986,-1.042912880368871,-0.7375109341700921,0.0,0.0
8997,-0.0799475566733037,-9.0,0.0,-9.0
9062,-1.2355027681120152,-1.650068330289372,0.0,0.0
9071,0.059005853401648184,-0.3558899259151647,0.0,0.0
9115,-1.4785467535077859,-9.0,0.0,-9.0
9161,-2.7529577625470125,-2.11833884908489,0.0,0.0
9171,-0.48955157466468197,-0.40823719951416615,0.0,0.0
9180,-9.0,-9.0,1.0,1.0
9192,-9.0,-9.0,1.0,1.0
9193,-0.10486104310171797,0.032841690328866434,0.0,0.0
9198,-2.509576111619546,-1.4531527621668001,0.0,0.0
9217,0.3879215942169129,-9.0,0.0,-9.0
9232,-1.645446539579869,-0.6559147037686963,0.0,0.0
9241,-2.396631107491011,-9.0,0.0,-9.0
9242,-1.791429436661406,-1.4734136576250034,0.0,0.0
9244,-0.6913929505400283,-9.0,0.0,1.0
9246,-2.496856770273621,-9.0,0.0,-9.0
9270,-1.5996723776057111,-1.0815671812682714,0.0,0.0
9291,-2.912358346464491,-9.0,0.0,-9.0
9296,-2.5845851935183437,-0.892995241757341,0.0,0.0
9331,-9.0,-9.0,1.0,1.0
9342,-1.450376824673429,-0.43144897315829084,0.0,0.0
9353,-2.0064536770573174,-1.7570470406701548,0.0,0.0
9367,-2.13602071720246,-1.57845363135959,0.0,0.0
9370,-1.132107051804669,-9.0,0.0,-9.0
9390,-3.579917041404649,-2.5132425912789245,0.0,0.0
9426,-9.0,-9.0,1.0,1.0
9440,0.37837929554378996,0.1727601656565939,0.0,0.0
9448,-3.015529684509728,-2.9318164616738995,0.0,0.0
9450,-1.3229252000043734,-9.0,0.0,-9.0
9453,-0.5771995817505146,-9.0,0.0,-9.0
9460,-1.770558866702262,-1.6749318958264483,0.0,0.0
9481,-1.667541783196709,-0.8846605048345575,0.0,0.0
9486,-3.623702244978985,-3.0110725717078664,0.0,0.0
9492,-1.4589184702969247,-1.3335357766414766,0.0,0.0
9512,-3.758450543713213,-2.037320894938013,0.0,0.0
9552,-1.6401991922051438,-1.6726087851628957,0.0,0.0
9558,-1.9417323120825185,-2.108903074540785,0.0,0.0
9560,1.8469461095611734,0.6337800139106793,0.0,0.0
9564,1.0734098694504337,-1.5768526494497086,0.0,0.0
9578,-2.7147741657589104,-2.5434910745383377,0.0,0.0
9616,-1.3529757554551025,-9.0,0.0,-9.0
9637,-1.858607930966921,-1.052475046576144,0.0,0.0
9659,-0.4244287710238386,-1.0125126175245978,0.0,0.0
9684,-2.15341664700193,-0.7333771150359872,0.0,0.0
9689,-2.477184029420334,-0.5111475798241664,0.0,0.0
9713,-0.2328027712278291,-2.1394964947346238,0.0,0.0
9717,0.2008429391068399,-0.30592235467863743,0.0,0.0
9726,-3.1316903596010337,-9.0,0.0,-9.0
9735,-3.2824235155159145,-9.0,0.0,-9.0
9737,-2.1904216223966917,-1.9880762523901228,0.0,0.0
9743,-0.9002138080940837,-1.2512810785095514,0.0,0.0
9779,-2.560297525215413,-2.479613722597379,0.0,0.0
9792,-1.4323069583576693,-9.0,0.0,-9.0
9798,-0.8000197608671572,-1.651644940634738,0.0,0.0
9857,-3.5558194440589945,-3.3340404361313762,0.0,0.0
9894,-2.4856886465762438,-2.165253621277844,0.0,0.0
9909,-3.035438374309077,-9.0,0.0,-9.0
9925,-2.3471505786509885,-1.9290345095765706,0.0,0.0
9936,-0.3308108835891992,-0.06952383739542839,0.0,0.0
9939,-0.8992058231803971,-9.0,0.0,-9.0
9957,-1.8829006778393844,-0.9145902079783821,0.0,0.0
9961,-0.9823537227410473,0.3381151494580438,0.0,0.0
9985,-2.3826781344207513,-9.0,0.0,-9.0
10008,-3.108376429280202,-2.4879302640402066,0.0,0.0
10032,-0.3246907267475532,-1.2440914486672296,0.0,0.0
10043,-0.8644141500107477,-9.0,0.0,-9.0
10066,-2.7727549524776105,-9.0,0.0,-9.0
10072,-9.0,-9.0,1.0,1.0
10104,-0.4576151670994911,-9.0,0.0,-9.0
10119,-2.0637284293343026,-1.4465917355322395,0.0,0.0
10120,0.15677764694708626,-0.791532507667253,0.0,0.0
10145,-1.7691529956018897,-9.0,0.0,-9.0
10169,0.04185097963389659,-0.2628993549617465,0.0,0.0
10187,-2.128172354223838,-9.0,0.0,-9.0
10209,-2.4424174412214876,-9.0,0.0,-9.0
10213,1.6820795647160167,-2.095514527096918,0.0,0.0
10214,0.27329892500196856,0.5084379106942585,0.0,0.0
10215,-1.8694475406256226,-1.334656173783757,0.0,0.0
10224,1.364258732341152,-0.7295050577928247,0.0,0.0
10229,-3.5747964347606263,-9.0,0.0,-9.0
10240,0.14275971055671902,-0.5752675628428854,0.0,0.0
10245,-1.6362792511275581,-1.4541246682002644,0.0,0.0
10283,-2.9025424935691335,-1.8952266177584283,0.0,0.0
10290,-1.1352654756319671,-0.5919971054740832,0.0,0.0
10302,-0.7224657572838388,-9.0,0.0,-9.0
10313,-1.5461040217561897,-2.013084418995002,0.0,0.0
10316,-2.2409447576951735,-9.0,0.0,-9.0
10326,-0.44453187276544387,-1.3889793894364935,0.0,0.0
10327,-2.593795579649759,-9.0,0.0,-9.0
10338,-1.4548307630910653,-9.0,0.0,-9.0
10346,-3.1826935729142307,-3.315566370214025,0.0,0.0
10356,-2.797998960241651,-2.3951864045102584,0.0,0.0
10386,-2.6214357652116034,-2.8032139514907852,0.0,0.0
10396,-1.463900682605682,-0.6520152026823381,0.0,0.0
10399,-1.6592985319403,-1.6953524840194183,0.0,0.0
10403,-3.3124825382290166,-9.0,0.0,-9.0
10404,1.3050872526225408,-9.0,0.0,-9.0
10405,-0.9203379735131821,-0.7870961476348163,0.0,0.0
10407,-2.8992875432962646,-1.6192154952481543,0.0,0.0
10409,-3.343557263404796,-9.0,0.0,-9.0
10424,-2.5751647761149155,-9.0,0.0,-9.0
10431,-1.2021891534150941,-0.9477888025317251,0.0,0.0
10442,-0.2716823178428261,-0.00013278034678805838,0.0,0.0
10460,-1.0132167016863627,-1.3738040367009325,0.0,0.0
10462,-0.2088196245001899,0.47070847605152893,0.0,0.0
10486,-0.7718220674315741,-9.0,0.0,-9.0
10498,-9.0,-9.0,1.0,-9.0
10503,-2.7011521237260268,-2.754303523116407,0.0,0.0
10525,-0.7882361829871134,-0.42084391163963697,0.0,0.0
10532,-2.9922430344815045,-9.0,0.0,-9.0
10541,-9.0,-9.0,1.0,-9.0
10551,1.052756129598692,-9.0,0.0,-9.0
10553,-3.075400428865387,-2.191112735894305,0.0,0.0
10556,-1.1174795969112141,0.02310619823748248,0.0,0.0
10565,-2.4366464727241994,-9.0,0.0,-9.0
10577,-0.7035522781830381,-9.0,0.0,-9.0
10589,-0.6607122977547665,-1.0592123630654362,0.0,0.0
10594,-2.3589035708143284,-1.2952668105892222,0.0,0.0
10603,0.27257167999970483,-9.0,0.0,-9.0
10605,-0.02401964812431532,0.09604237717311365,0.0,0.0
10648,-2.485422104230558,-9.0,0.0,-9.0
10667,0.8283667351829187,-9.0,0.0,-9.0
10700,-3.150540174407884,-9.0,0.0,-9.0
10721,-0.20076665686263143,-0.9353766979835264,0.0,0.0
10723,-1.2787539722391101,-0.9319531298887751,0.0,0.0
10738,-1.0111891756259113,-0.9642842070592155,0.0,0.0
10740,-0.14381364189468962,-9.0,0.0,-9.0
10746,-0.5355617778657487,-1.2547977853207637,0.0,0.0
10791,1.4798133188436036,-2.713343238047967,0.0,0.0
10797,1.934268074431887,-0.8513891260454569,0.0,0.0
10807,-1.06578838433305,-9.0,0.0,-9.0
10812,-0.0605857085797721,-9.0,0.0,-9.0
10813,-2.81105517845642,-1.3523234429979856,0.0,0.0
10822,-2.4166608925140145,-1.304224053675826,0.0,0.0
10826,-3.7274949154802632,-2.608552425245731,0.0,0.0
10854,-1.6313037665171461,-9.0,0.0,-9.0
10862,-0.4352055389115395,0.7349318327296068,0.0,0.0
10872,-1.2256062432693509,0.1501344828918724,0.0,0.0
10897,-2.526949159063672,-2.065320779435575,0.0,0.0
10900,-3.168889350936834,-3.0197060687812165,0.0,0.0
10920,0.39616098055508403,0.6589210957307594,0.0,0.0
10927,-1.4109750105424164,-9.0,0.0,-9.0
10929,-2.4754473515324875,-2.1209753411589,0.0,0.0
10935,-9.0,-9.0,1.0,1.0
10948,-3.7679216112746685,-9.0,0.0,-9.0
10978,-1.7173101238865858,-0.5421340638932065,0.0,0.0
10981,-0.9936027639842037,-9.0,0.0,-9.0
10997,-0.9610824989256056,-1.3196804932463173,0.0,0.0
11002,-2.158118337557905,-2.1074405024742773,0.0,0.0
11007,0.4243665951489666,-0.7854103339963756,0.0,0.0
11011,-2.6382911335968706,-2.835893803845669,0.0,0.0
11012,0.461211179595373,-9.0,0.0,-9.0
11016,-3.77391982668464,-2.448166783969535,0.0,0.0
11035,-2.4716965540884597,-2.201296662168317,0.0,0.0
11044,-1.4048473029584299,-9.0,0.0,-9.0
11049,-2.6087136891222036,-2.096492587005701,0.0,0.0
11067,-0.7890720459555007,-2.344233740849191,0.0,0.0
11073,-3.1244441312215567,-1.8966653713823722,0.0,0.0
11076,-1.6914651930500175,-0.12361177499799297,0.0,0.0
11087,-1.7468519718231879,0.8440517504339007,0.0,0.0
11105,-0.9812702320131182,-2.5039799671330756,0.0,0.0
11110,-0.6957986093867222,-9.0,0.0,-9.0
11111,-9.0,-9.0,1.0,1.0
11116,-2.4175794808053515,-9.0,0.0,-9.0
11139,-0.688174352657397,-1.481909680825652,0.0,0.0
11157,-0.8330979718761354,-9.0,0.0,-9.0
11164,-1.7798283174101623,-1.4934379104142121,0.0,0.0
11182,-1.2427813328519635,-9.0,0.0,-9.0
11189,0.4474817934713178,-1.286568865413569,0.0,0.0
11197,-1.4444450537672682,-0.41088823047333567,0.0,0.0
11205,-0.7935751055494503,-0.07758548227871669,0.0,0.0
11209,-3.0281050941107344,-9.0,0.0,-9.0
11245,-1.252208975688137,-9.0,0.0,-9.0
11255,-0.049582929190637476,-0.3540895365713749,0.0,0.0
11291,-2.7661202084176653,-9.0,0.0,1.0
11299,-1.6880769806872504,-0.8236713307486859,0.0,0.0
11321,-0.4121727752943006,-0.5247664710168922,0.0,0.0
11332,-2.5475581148250535,-9.0,0.0,-9.0
11340,0.08877535234170747,-1.6398034208596466,0.0,0.0
11342,0.010496744794580013,-9.0,0.0,-9.0
11379,-0.8489304779439526,0.8074848235042991,0.0,0.0
11395,-1.8617577718072549,-9.0,0.0,-9.0
11425,-2.846370726412799,-2.738742274777925,0.0,0.0
11432,-2.0434193567082,-2.395342152500136,0.0,0.0
11441,-3.076919983932798,-1.0387726620544908,0.0,0.0
11453,-9.0,-9.0,1.0,1.0
11464,0.02432861939729238,-0.9397648151657009,0.0,0.0
11472,-1.343612193570445,-0.48618435220001927,0.0,0.0
11489,-3.175073696122524,-9.0,0.0,-9.0
11492,-3.5286882387102927,-9.0,0.0,-9.0
11507,-0.8650445944386358,0.3320933030244584,0.0,0.0
11512,-3.660038461047347,-2.6817392140917167,0.0,0.0
11529,-1.3385457767033977,-0.9783378830755493,0.0,0.0
11538,-0.4766112911399665,0.3418009576377204,0.0,0.0
11555,-0.0883106893468103,-0.49880389599305797,0.0,0.0
11557,-1.0810484335348813,-0.9675899974045313,0.0,0.0
11616,-0.6114333590844719,-0.422553220469025,0.0,0.0
11626,2.1080265017184194,-9.0,0.0,-9.0
11632,-3.045316833011292,-2.1539008959707506,0.0,0.0
11651,-2.8010257556863283,-1.718642309111796,0.0,0.0
11652,-3.181471163442676,-9.0,0.0,-9.0
11660,1.0505364178465402,-9.0,0.0,-9.0
11681,-0.6132785486753548,-1.711657336521174,0.0,0.0
11719,-0.8426139004995777,-2.834761371520887,0.0,0.0
11720,-2.811525183434558,-1.6907269309791884,0.0,0.0
11727,-1.6921705538312297,-9.0,0.0,-9.0
11729,-0.538726862962954,0.07363977408310511,0.0,0.0
11732,-1.5814975711676311,-0.8709009660953535,0.0,0.0
11738,-1.6876344821978502,0.3582548711489054,0.0,0.0
11762,-0.8550541266778799,-0.7880022948355333,0.0,0.0
11794,-2.5379663672341994,-9.0,0.0,-9.0
11802,-2.63409422142375,-2.7330585328347006,0.0,0.0
11805,-0.8337965120608184,-0.18790901557595183,0.0,0.0
11853,0.10116869417135961,0.20068781792975138,0.0,0.0
11866,-2.6821908289826437,-2.2677818496823443,0.0,0.0
11879,-2.118681972378259,-9.0,0.0,-9.0
11880,-1.3818929316759863,-1.9770609907740087,0.0,0.0
11917,-1.1389475830391966,-9.0,0.0,-9.0
11932,-2.467819924581034,-2.769850230103931,0.0,0.0
11938,-2.9480152783036564,-1.2440004883154772,0.0,0.0
11949,-3.321123227504825,-2.3014552902877283,0.0,0.0
12011,-2.3854544440885768,-9.0,0.0,-9.0
12028,-1.4315649831773207,-1.7685013417925486,0.0,0.0
12049,-1.241172587921923,-2.1276073096843233,0.0,0.0
12061,0.038818293894726505,0.7984982962378272,0.0,0.0
12073,-2.2287889499597315,-2.2430854132636107,0.0,0.0
12088,-2.4695576448774004,-1.40782682510785,0.0,0.0
12096,-2.975882088202628,-1.1406893801172444,0.0,0.0
12099,-1.748302564035509,-1.6941364107200676,0.0,0.0
12133,-3.1217781989411915,-3.405105221947042,0.0,0.0
12139,-1.0947159798736357,-0.2932098474673898,0.0,0.0
12147,-2.8297843654096204,-3.1924229083611078,0.0,0.0
12181,-1.5619255156554026,-1.2694372877573723,0.0,0.0
12183,-1.3791417077591979,-1.7734097122230303,0.0,0.0
12223,-0.9922460542379026,-9.0,0.0,-9.0
12228,-2.783579793292303,-2.764222806879749,0.0,0.0
12236,-1.1542026091447533,-1.7450052257163424,0.0,0.0
12244,-1.260746047398489,-0.501342109423073,0.0,0.0
12250,-2.7810018099924045,-1.815347018712634,0.0,0.0
12256,-1.599321682327707,-1.3465837701737005,0.0,0.0
12279,-1.2593064570245978,-0.9773920385506389,0.0,0.0
12297,-1.7226212599233182,-2.1866106379341534,0.0,0.0
12300,-2.3726420517743114,-3.350026762062066,0.0,0.0
12328,-1.0737372014106406,-0.2110699536281264,0.0,0.0
12346,0.7928370332001906,0.10150469502594596,0.0,0.0
12347,-0.7782877060487371,-0.780588203203997,0.0,0.0
12350,-3.81105532245206,-2.6214009148798065,0.0,0.0
12390,-1.0498898513709987,-1.6885666391057517,0.0,0.0
12399,-2.517300033468903,-1.912291794666121,0.0,0.0
12421,-1.7875334654508503,-9.0,0.0,-9.0
12432,-9.0,-9.0,1.0,1.0
12463,-0.32519737080263894,-1.2500535283518217,0.0,0.0
12472,-3.3884675111856994,-2.2532526237936095,0.0,0.0
12500,-1.0108750231188595,-2.1092812349220447,0.0,0.0
12505,-1.2800509262244966,0.09789348560381146,0.0,0.0
12529,-0.09997125478017646,-1.616901850108516,0.0,0.0
12549,-1.721048803144854,-1.0483779142108784,0.0,0.0
12557,-1.8199998504784558,-1.8185656947428859,0.0,0.0
12564,-1.8274783604121336,-0.7670307887643278,0.0,0.0
12647,-2.712782155274553,-2.3912330153329897,0.0,0.0
12662,-2.0364677278275676,-2.28796903785431,0.0,0.0
12672,-3.2381928204092802,-2.8842808514247036,0.0,0.0
12683,-0.6944090189828106,0.12871839369208513,0.0,0.0
12700,-2.5891159518635036,-2.920540878012461,0.0,0.0
12725,-3.111037439020238,-2.951093708333861,0.0,0.0
12760,-0.8813770778907632,-9.0,0.0,-9.0
12767,-0.2386264410323857,-0.95203046256835,0.0,0.0
12794,-3.0305796394143902,-3.50506208180548,0.0,0.0
12803,-9.0,-9.0,1.0,-9.0
12825,0.052577742117833066,-0.2778504162005867,0.0,0.0
12839,-9.0,-9.0,1.0,-9.0
12861,-1.8454022437503739,-1.5933648839135426,0.0,0.0
12871,1.0637595395282584,0.6892506186071135,0.0,0.0
12880,-0.9672678548153671,-1.2594465369548307,0.0,0.0
12886,-3.6253139951932773,-9.0,0.0,-9.0
12913,-0.8474865973823995,0.2470879372716308,0.0,0.0
12972,-1.5896307145582853,-9.0,0.0,-9.0
13012,-0.4281274011578404,-1.8482950387892092,0.0,0.0
13019,-0.865327685942312,0.7811922135509365,0.0,0.0
13033,-1.6550133335803343,-1.5404960667995435,0.0,0.0
13042,-9.0,-9.0,1.0,1.0
13046,-0.7250365758172188,-9.0,0.0,-9.0
13049,-0.8958481106924187,-0.3299502788693452,0.0,0.0
13062,0.7700695157153744,-9.0,0.0,-9.0
13065,-0.9717350796000207,-1.8942320356425084,0.0,0.0
13081,-2.2209904216747325,-2.7048181664039466,0.0,0.0
13082,-0.7932339223747905,-0.1393496752024427,0.0,0.0
13101,-1.3447106637053896,-9.0,0.0,-9.0
13109,2.35562613381356,-0.3724788436253814,0.0,0.0
13113,-1.8043224283496209,-1.6236041152706349,0.0,0.0
13137,-0.9289692028158464,0.5441699206262463,0.0,0.0
13138,-2.080223279161447,-2.250531536580906,0.0,0.0
13170,-3.0726381268572793,-2.9505598281207353,0.0,0.0
13230,-1.0128539208996825,-0.6591023323127586,0.0,0.0
13338,-2.0874687860731838,-1.9416872856019294,0.0,0.0
13356,-0.3361079507565664,-1.0591331824810764,0.0,0.0
13432,-9.0,-9.0,1.0,1.0
13459,-1.0994146826866082,-0.6556619214970795,0.0,0.0
13534,-2.0821396457612455,-9.0,0.0,-9.0
13570,-9.0,-9.0,1.0,-9.0
13596,0.9116498064627702,-1.3088734896901697,0.0,0.0
13719,-1.508784720209799,-0.9863708268572843,0.0,0.0
13733,-2.2323932463502323,-2.1629548268653003,0.0,0.0
13777,-0.9790123152909793,-9.0,0.0,-9.0
13795,-4.101088430610313,-1.7705870486723245,0.0,0.0
13866,-3.2529898121199494,-9.0,0.0,-9.0
13867,-0.2270394012560204,-0.5148789796656795,0.0,0.0
13896,-0.33459913254411877,-9.0,0.0,-9.0
13902,1.2447341083542744,-1.1057358035291578,0.0,0.0
13926,-2.771156115810046,-3.0949510369095923,0.0,0.0
13930,-0.9094719292872073,-0.23806872312056995,0.0,0.0
13967,-0.19090949689178519,-9.0,0.0,-9.0
13990,-1.082909971523509,-9.0,0.0,-9.0
14001,-0.7978565698305876,-9.0,0.0,-9.0
14017,-9.0,-9.0,1.0,1.0
14024,-0.600024115042354,-9.0,0.0,-9.0
14027,-0.335280398907325,-0.20159538999652185,0.0,0.0
14051,-3.228471979133498,-2.5242016447820106,0.0,0.0
14085,-2.7739797355668943,-1.362719450579925,0.0,0.0
14110,-0.1925111658091471,-9.0,0.0,-9.0
14115,-0.4496465423745859,-0.7453615722678764,0.0,0.0
14127,-2.9313358121355635,-9.0,0.0,-9.0
14134,-2.4907856291126915,-1.182542930006931,0.0,0.0
14147,-0.4481682516804763,-1.0240400716880276,0.0,0.0
14179,-2.5538327755778423,-2.681054703234545,0.0,0.0
14188,-0.7488694398565527,-0.9959864403480702,0.0,0.0
14196,-1.2943456992649016,-1.8541291604850774,0.0,0.0
14211,-2.0457148539170396,-9.0,0.0,-9.0
14219,-3.4502129319770547,-9.0,0.0,-9.0
14234,-2.5092388585075747,-3.3383628778502192,0.0,0.0
14240,-0.5207583141343599,-9.0,0.0,-9.0
14261,-0.5294507959780965,-1.2107448020995486,0.0,0.0
14262,-3.6222334985091105,-2.3017311676471164,0.0,0.0
14317,-1.4653670818524511,-0.6507256321582299,0.0,0.0
14340,-1.8956897855208221,-0.8630327429229009,0.0,0.0
14384,-1.7809910119346724,-1.1208144480411928,0.0,0.0
14388,-0.8155724815495765,-0.7684611776722624,0.0,0.0
14421,-1.3275356862734178,-0.7104884118317112,0.0,0.0
14427,-9.0,-9.0,1.0,1.0
14452,-1.309720936473255,-9.0,0.0,-9.0
14456,-2.8593532170448563,-9.0,0.0,-9.0
14474,-1.4488052384971275,-1.4520953695128562,0.0,0.0
14476,-1.155163499015884,-0.27194535771571315,0.0,0.0
14749,-1.858762489522918,-2.2005356520095765,0.0,0.0
14770,-2.419357671273961,-9.0,0.0,-9.0
14777,-2.6019257992681606,-0.305486208424665,0.0,0.0
14788,-2.444728428449401,0.17843396527999894,0.0,0.0
14817,-1.1185000518571613,-1.2190782986232824,0.0,0.0
14820,-3.2205663997070144,-2.7922965535682183,0.0,0.0
14829,-2.045889254670797,-0.9361946469323397,0.0,0.0
14834,-2.597174112551439,-2.3496058028115634,0.0,0.0
14838,1.681959962076677,1.5960115669229307,0.0,0.0
14842,0.06663014293600122,-9.0,0.0,-9.0
14860,-2.525890477488131,-2.5074215749049213,0.0,0.0
14862,-2.614578920034524,-2.202944115428172,0.0,0.0
14864,-1.0937019205218383,-9.0,0.0,1.0
14921,-0.581591984983663,0.056768446517016125,0.0,0.0
14951,0.5113911509136347,-9.0,0.0,-9.0
14958,-2.0769274412202137,-2.3619280941566045,0.0,0.0
14968,-1.374626288719296,0.0959662218761653,0.0,0.0
14974,0.11645642113051012,-0.6634207709289915,0.0,0.0
14982,-0.2091011379832535,-9.0,0.0,-9.0
15003,-2.0313746952005247,-1.579391911929942,0.0,0.0
15012,-2.3636236513834565,-0.4366158625565604,0.0,0.0
15015,-2.0291073468466525,-1.735790267480071,0.0,0.0
15034,-1.491845344873528,-2.7607729964328738,0.0,0.0
15056,-1.0299070380233013,-2.718203992558737,0.0,0.0
15066,0.5766532394702398,-9.0,0.0,-9.0
15083,-1.460337224184538,-1.2163338412438505,0.0,0.0
15087,-0.8401300813178869,-0.7539976997068581,0.0,0.0
15102,-1.2167211253327712,-9.0,0.0,-9.0
15106,-3.449178515762505,-9.0,0.0,-9.0
15108,-3.108111885646457,-2.76005326155692,0.0,0.0
15118,-9.0,-9.0,1.0,1.0
15122,-2.5470007095214102,-2.166193891136185,0.0,0.0
15133,-2.382727792534612,-2.713416917684818,0.0,0.0
15151,-1.1397626900046394,-9.0,0.0,-9.0
15156,-2.0052377128609065,-9.0,0.0,-9.0
15186,-3.0382340835001527,-2.8631013100705975,0.0,0.0
15216,-0.6496851540230639,-2.480977366898764,0.0,0.0
15237,-1.2638793674523041,-0.8024269798668031,0.0,0.0
15255,0.4294713708341942,-0.5427458144071406,0.0,0.0
15266,-0.37242224299373866,0.2750231556928194,0.0,0.0
15270,-3.177765529607213,-3.2710506744613963,0.0,0.0
15273,-1.0549842289122724,-0.1312453075603974,0.0,0.0
15290,-2.790921585101572,-2.8077485682828893,0.0,0.0
15292,-1.6167906531973388,-0.22155823925136578,0.0,0.0
15341,-2.184072026304517,-9.0,0.0,-9.0
15385,-2.9515045005754748,-9.0,0.0,-9.0
15390,-9.0,-9.0,1.0,1.0
15404,-1.7587749004329507,-2.382207879081617,0.0,0.0
15406,-2.5269128520531132,-1.4500126483133837,0.0,0.0
15407,0.468218130054676,-0.7629767795737205,0.0,0.0
15449,-9.0,-9.0,1.0,-9.0
15452,-1.6361014129052174,-1.1956080728397114,0.0,0.0
15460,-1.0184106300182703,-9.0,0.0,-9.0
15462,-0.9060406975665891,-0.779906231982054,0.0,0.0
15464,-2.3648133355582814,-1.6072501505211663,0.0,0.0
15469,-3.2220828152301997,-2.584308254553925,0.0,0.0
15478,-0.36407921208772476,0.23116787243480308,0.0,0.0
15488,-0.46335620437621083,-0.2737008443293693,0.0,0.0
15517,-2.362677882195076,-0.29266906897062,0.0,0.0
15524,-1.9100534630562347,-1.226123656304557,0.0,0.0
15557,0.33569462539040185,0.672327537859996,0.0,0.0
15561,-2.3351942013119973,-0.47341021892558033,0.0,0.0
15562,-2.800630567699124,-2.145631243643928,0.0,0.0
15569,-0.9081956207424121,-1.3888880820006053,0.0,0.0
15591,-0.5031387829659681,-0.9763973568578486,0.0,0.0
15605,-0.8670019880967931,-0.6691552297917928,0.0,0.0
15612,-0.9252354852565697,-1.4808018332140405,0.0,0.0
15620,-0.8641993003563355,-9.0,0.0,-9.0
15626,-2.5827289062677954,-9.0,0.0,-9.0
15633,-0.7708983332347679,-9.0,0.0,-9.0
15636,-2.3695988475129584,-9.0,0.0,-9.0
15657,0.6534915076289946,-9.0,0.0,-9.0
15658,0.38969621835649115,1.638344525729437,0.0,0.0
15660,-2.881328108181132,-9.0,0.0,1.0
15663,-1.7422439015499411,0.5481817780348193,0.0,0.0
15672,-2.77311342562813,-2.269654673188327,0.0,0.0
15684,-2.006116711167182,-0.15015704500273097,0.0,0.0
15697,0.23480979177294117,0.8295411762590799,0.0,0.0
15725,1.2172613480172307,-0.1106051796325653,0.0,0.0
15767,-2.9827696424539196,-2.3118782581685657,0.0,0.0
15812,-3.6438669687128593,-2.3647685237132423,0.0,0.0
15833,-3.670186088554242,-9.0,0.0,-9.0
15835,0.15613909967699696,-1.591510999606815,0.0,0.0
15852,-0.6908356397790381,-9.0,0.0,-9.0
15869,-1.4808944965505062,-1.8259787592793046,0.0,0.0
15886,-3.097356255827377,-1.7470976160267264,0.0,0.0
15901,-2.3965624470657523,-2.633205292671913,0.0,0.0
15911,-2.693458028162005,-9.0,0.0,-9.0
15926,-3.2357730455705616,-2.3217725655625654,0.0,0.0
15928,0.8550933462285056,-9.0,0.0,-9.0
15968,-2.0469526538228036,-1.9966582460004263,0.0,0.0
15970,-1.9549594859783295,-1.2254100540100819,0.0,0.0
15987,-9.0,-9.0,1.0,1.0
15989,-3.0039974814865107,-1.0053752687400546,0.0,0.0
16002,-2.6280489812150214,-2.1005114431406335,0.0,0.0
16009,-2.827095005387218,-9.0,0.0,-9.0
16035,-2.955973067156433,-1.9362597935773203,0.0,0.0
16052,-9.0,-9.0,1.0,1.0
16059,-1.329679015880987,-1.0495369122450433,0.0,0.0
16080,-9.0,-9.0,1.0,1.0
16144,-0.33225850419041814,-0.7935145166587715,0.0,0.0
16168,1.031302208836195,1.457414109210874,0.0,0.0
16172,-0.2786906504395765,0.023374282233840256,0.0,0.0
16179,-3.0734752922225383,-3.2070896662319845,0.0,0.0
16180,-0.8016271143158338,-0.6076651883572076,0.0,0.0
16186,-3.6158954999308044,-2.101204339882998,0.0,0.0
16191,-2.040255553253756,-0.9925458105778276,0.0,0.0
16206,-0.07525895116560626,-1.3204385805492826,0.0,0.0
16228,-2.600596738010326,-2.75992750474959,0.0,0.0
16239,-0.35874237235754464,1.436987470470158,0.0,0.0
16242,-3.1584039346919908,-0.6448317146923384,0.0,0.0
16281,-2.697273470827548,-2.49726506349411,0.0,0.0
16283,-2.886352828969835,-3.1865127471126056,0.0,0.0
16337,-0.16145261031766978,-1.0870519528007299,0.0,0.0
16349,-0.4248572835473741,0.7544251017270043,0.0,0.0
16360,-1.1600695219722261,-1.7845380138543747,0.0,0.0
16372,-1.68850848036216,-1.3658497592496508,0.0,0.0
16384,-0.5341432535942643,-0.2844860633571164,0.0,0.0
16392,-0.3971080691633228,-0.3701546234528593,0.0,0.0
16413,-2.5414977483670405,-2.4836870890410014,0.0,0.0
16455,-2.946482516508389,-1.6379839506969935,0.0,0.0
16481,-0.8416539206910949,-2.456262048113983,0.0,0.0
16507,-1.4894432722380129,-2.8095542095315924,0.0,0.0
16514,-9.0,-9.0,1.0,1.0
16564,-2.561369595160428,-2.086724310389407,0.0,0.0
16590,-0.7308815675707022,-1.9790086249814558,0.0,0.0
16598,-9.0,-9.0,1.0,1.0
16606,-0.4562029403240391,-0.5593792208601543,0.0,0.0
16614,-9.0,-9.0,1.0,1.0
16644,-1.300173946471737,-0.9464656111011579,0.0,0.0
16665,0.23435148199579336,0.74467346223934,0.0,0.0
16679,-0.9093849906111573,-9.0,0.0,-9.0
16700,-1.320903726073548,-1.0966118767810658,0.0,0.0
16708,-1.2957820346365434,-0.9753831345336579,0.0,0.0
16710,-1.254199976017171,-1.5659439705110252,0.0,0.0
16712,0.24538780748883643,-1.1871636872473497,0.0,0.0
16724,-0.6418077968717413,-9.0,0.0,-9.0
16727,-1.9081640548874146,-1.3209856584895627,0.0,0.0
16730,-0.9260279619585963,-0.7091512089594594,0.0,0.0
16749,-9.0,-9.0,1.0,1.0
16754,-0.6639680698221198,-0.8646328154423638,0.0,0.0
16757,-1.90056218227309,-1.639754908471548,0.0,0.0
16758,-1.8993249797143135,-2.451313879578746,0.0,0.0
16782,-0.9477393924299313,-1.2427067757558543,0.0,0.0
16799,-1.3278218145999887,-0.778615376798523,0.0,0.0
16811,-1.9563171350695834,-2.473943712085586,0.0,0.0
16817,-1.1422699444065003,-0.9704681960373572,0.0,0.0
16827,-1.8785810005437154,-2.6521496565230906,0.0,0.0
16832,-2.045529862287356,-2.009585844081368,0.0,0.0
16852,-1.2686301357272205,-1.0189106073639302,0.0,0.0
16855,-0.3461493145559077,-1.7048520497295,0.0,0.0
16863,-9.0,-9.0,1.0,1.0
16884,-3.0351501641270535,-2.926753269808737,0.0,0.0
16887,-1.2078161953224278,-0.3107537234270488,0.0,0.0
16904,-1.1436605151294459,-1.2140711813350107,0.0,0.0
16905,-1.6845046471836915,-0.8037078239485335,0.0,0.0
16913,-1.6899529792865513,-1.497229613575897,0.0,0.0
16923,-9.0,-9.0,1.0,-9.0
16931,-1.0256204141586354,-0.7667565722064373,0.0,0.0
16960,-1.6694742926639754,-1.4248861825240047,0.0,0.0
16999,-1.4317121541556963,-9.0,0.0,-9.0
17025,-0.2736492222361177,0.6844549305037494,0.0,0.0
17074,-9.0,-9.0,1.0,-9.0
17098,-2.2954400059849873,-9.0,0.0,-9.0
17145,-1.9161898223618168,-0.9339639279304445,0.0,0.0
17151,-2.6279084514665048,0.5515230172140112,0.0,0.0
17165,-3.905777052170635,-2.9732057642049567,0.0,0.0
17185,-2.5924742903191595,-9.0,0.0,-9.0
17192,-2.4887066488164775,-2.079905821770977,0.0,0.0
17194,-3.5730518796765227,-3.4156365611768034,0.0,0.0
17219,0.939072264214732,0.7512668123736584,0.0,0.0
17227,-1.4602927720543588,-9.0,0.0,-9.0
17238,-1.0794959563090665,-2.071529785004909,0.0,0.0
17251,-0.7940792316261449,-1.2954548440220413,0.0,0.0
17260,-3.1291058206446087,-1.4593091049053868,0.0,0.0
17289,-0.8629837289518331,-1.1971517972923207,0.0,0.0
17345,-2.180453250515365,-2.6470149828970633,0.0,0.0
17378,-0.23814119192898003,-9.0,0.0,-9.0
17464,-1.4546680014199247,0.3410069714490607,0.0,0.0
17468,-2.436567702148392,-2.291319541786116,0.0,0.0
17527,2.0905107280419863,-0.803759850699602,0.0,0.0
17540,-2.420003674753458,-1.9984620660745775,0.0,0.0
17541,0.44037334353403995,0.5765975298075572,0.0,0.0
17561,-0.06784180581567731,-9.0,0.0,-9.0
17612,-3.069637650634628,-2.0420465677570188,0.0,0.0
17614,-3.1397886445714187,-2.186509725613791,0.0,0.0
17632,-9.0,-9.0,1.0,1.0
17635,-2.0215645945204126,-9.0,0.0,-9.0
17637,0.698093171250964,0.4580143311883075,0.0,0.0
17640,-3.0428430925531256,-0.19727370258124072,0.0,0.0
17658,-9.0,-9.0,1.0,1.0
17661,-2.5951111793927146,-2.332400696570732,0.0,0.0
17668,-1.4922119535280325,-0.12631354714714493,0.0,0.0
17686,-3.263278253923317,-2.8480669229463906,0.0,0.0
17704,-1.4515191071633557,-0.17439587524684838,0.0,0.0
17713,0.7867562243172068,0.8319235052068296,0.0,0.0
17774,0.2808251685913435,-0.7909281677519984,0.0,0.0
17778,-9.0,-9.0,1.0,1.0
17784,-2.551372649706535,-1.5094766901384489,0.0,0.0
17803,-2.83729887381361,-9.0,0.0,-9.0
17824,-1.1074944828961593,-1.3865218354825959,0.0,0.0
17856,-0.3716840861652694,0.19956361226033248,0.0,0.0
17886,-0.5023961503626171,-0.4642964704052129,0.0,0.0
17887,0.06657233024773387,-0.589836103592585,0.0,0.0
17889,-1.989956266332227,-0.9192234255064228,0.0,0.0
17893,-1.0546094416018583,-0.8025298305356539,0.0,0.0
17947,-3.0500239106920124,-2.081246935421219,0.0,0.0
18002,-1.130042823559844,-9.0,0.0,-9.0
18011,-0.12552965594425508,-9.0,0.0,-9.0
18028,-3.1382421245356644,-3.0031355161632662,0.0,0.0
18060,-0.6575137320791299,-1.786076577068924,0.0,0.0
18063,1.6822025251989658,-9.0,0.0,-9.0
18087,-2.9688911485482703,-3.35292083258703,0.0,0.0
18121,-0.4850270409866119,-9.0,0.0,-9.0
18152,-2.570339632285847,-9.0,0.0,-9.0
18160,-0.77105874664521,-0.39954907200244144,0.0,0.0
18205,-2.755715193061944,-2.4651553243301394,0.0,0.0
18209,-2.5368098091057814,-2.6558134407425396,0.0,0.0
18212,-1.2728425412567514,-9.0,0.0,-9.0
18241,-0.6430658500964562,-0.11494922264567639,0.0,0.0
18262,-0.3734506662570964,0.9253263199193896,0.0,0.0
18267,-0.9389761067441859,-1.6309131085095805,0.0,0.0
18281,-9.0,-9.0,1.0,1.0
18400,1.384139477832393,-0.2123454736750329,0.0,0.0
18403,-0.3262996671246039,0.45605179627732734,0.0,0.0
18503,-0.47090758511794034,-0.16231277099319075,0.0,0.0
18604,-9.0,-9.0,1.0,-9.0
18636,0.491838594871624,-1.1625625009477087,0.0,0.0
18667,-0.808804050935105,-0.6200360755318173,0.0,0.0
18691,-1.4556174586195791,-1.4350394460460116,0.0,0.0
18718,0.530553470608336,-9.0,0.0,-9.0
18724,-1.8489702963439556,-1.8363907168448261,0.0,0.0
18743,-9.0,-9.0,1.0,-9.0
18745,-1.1212932687366635,-9.0,0.0,-9.0
18839,-3.189618931951657,-2.6945466231747144,0.0,0.0
18847,1.0552878865768354,0.36778907469297323,0.0,0.0
18848,-1.1837190951619254,-0.2977891283536897,0.0,0.0
18863,-1.170194127013882,-0.6001398187063045,0.0,0.0
18869,-1.2207547097463143,-1.1701966797655885,0.0,0.0
18890,-0.5924863170776107,-0.14757127089941727,0.0,0.0
18973,-1.3319444121038169,-2.0880430986144813,0.0,0.0
18991,-3.247977396487068,-2.1814642815937724,0.0,0.0
19083,0.2997874265931941,-0.48983912522855905,0.0,0.0
19118,0.16936875460840367,-0.02429766113238642,0.0,0.0
19122,0.11387391119516643,-1.2918414299764867,0.0,0.0
19133,2.1799808512743115,-9.0,0.0,-9.0
19222,0.7878252880426191,-0.7757119291457009,0.0,0.0
19223,-3.3238778899548094,-0.06362304530096428,0.0,0.0
19244,-2.474079480459205,-2.2726400727369405,0.0,0.0
19281,-1.934596072311699,-0.9027889823784763,0.0,0.0
19394,2.3619017850172024,-9.0,0.0,-9.0
19423,-3.4486512827151197,-9.0,0.0,-9.0
19458,-3.1017682323716587,-0.64215109679486,0.0,0.0
19475,-0.7015746378120453,0.5374831649095811,0.0,0.0
19490,-2.4873333982052888,-9.0,0.0,-9.0
19515,-2.2431278054851207,-9.0,0.0,-9.0
19527,-2.35854355745236,-9.0,0.0,-9.0
19621,0.8994348423500467,-9.0,0.0,-9.0
19638,-0.7943864713109112,-0.9444831284694769,0.0,0.0
19646,-2.0387389231161253,-1.534629152275555,0.0,0.0
19698,-1.1458613939176487,-1.8907672158514979,0.0,0.0
19732,-1.498851500102829,-0.3448525305517167,0.0,0.0
19778,-0.7574120544906616,-0.30663198215056475,0.0,0.0
19833,-2.747384724774813,-9.0,0.0,-9.0
19858,-0.9898428125845232,-1.679582074842502,0.0,0.0
19894,-2.7646598977050236,-9.0,0.0,-9.0
19895,-0.8586438000509646,-1.6784692610930159,0.0,0.0
19916,-0.38364854194497006,-1.3384095058771237,0.0,0.0
19953,-3.081217565720961,-9.0,0.0,-9.0
20018,-0.8987790302394951,-1.0361262077730635,0.0,0.0
20091,-0.17324123110497577,-9.0,0.0,-9.0
20162,-0.5716914801587306,0.009497338255503154,0.0,0.0
20165,-1.7969350613522004,-9.0,0.0,-9.0
20274,0.11138641016352734,-9.0,0.0,-9.0
20307,-3.931231573891558,-2.4519719873402512,0.0,0.0
20351,1.728717715855946,-9.0,0.0,-9.0
20396,-0.9668572715186191,-1.051583871999585,0.0,0.0
20450,-9.0,-9.0,1.0,1.0
20496,-1.901124615471376,-1.9438269952940097,0.0,0.0
20623,-0.21880778954815605,-0.8857919847748676,0.0,0.0
20626,-1.7108850552285582,-2.1254939065932668,0.0,0.0
20707,-1.6310586555951545,1.6225260475109606,0.0,0.0
20754,-3.3012784172888936,-2.4698320918543017,0.0,0.0
20761,-2.71671899256522,-2.6672889307080223,0.0,0.0
20792,-1.326753885831397,-1.026572319974513,0.0,0.0
20824,-3.7707598780480036,-2.55051567025239,0.0,0.0
20852,-1.4514268604021126,-9.0,0.0,-9.0
20871,-9.0,-9.0,1.0,-9.0
20909,-1.1591904496128573,-1.3754037404222474,0.0,0.0
20939,-1.3796533495541834,-1.6930177897037122,0.0,0.0
20966,-0.3572121605020627,-1.335399847052726,0.0,0.0
20973,-3.4313515829956245,0.7423554684431934,0.0,0.0
21019,-0.9376285498083217,-9.0,0.0,-9.0
21075,-2.9961687904941323,-1.9506858036372159,0.0,0.0
21136,-1.122702816463399,-2.0667864828456137,0.0,0.0
21156,-2.3847863261729367,-1.899572340903429,0.0,0.0
21200,-2.7907683220926542,-2.4413471235112096,0.0,0.0
21305,-0.5818554591856697,0.3800236198606493,0.0,0.0
21313,-0.7140712152432254,-1.241475164460414,0.0,0.0
21321,1.4151147675850952,-9.0,0.0,-9.0
21332,-1.6099235105489655,-9.0,0.0,-9.0
21487,-1.03029900253548,-0.5510008731717521,0.0,0.0
21511,-2.833487926440895,-1.8732786882249486,0.0,0.0
21522,-2.9974589268791605,-2.4494552465499644,0.0,0.0
21528,0.3328131593843419,-9.0,0.0,-9.0
21568,-0.9857731438893229,0.8708449840408011,0.0,0.0
21607,-0.8361220028909351,-2.3235013655300967,0.0,0.0
21655,-2.328147143509263,-9.0,0.0,-9.0
21694,-2.611402832642239,-9.0,0.0,-9.0
21817,-3.0432744299115155,-9.0,0.0,-9.0
21863,-2.3569319831501683,-9.0,0.0,-9.0
21894,-2.9268091279687,-9.0,0.0,1.0
21915,-0.8259275243854532,-9.0,0.0,-9.0
21921,-0.7780257086934965,-0.9261977726074244,0.0,0.0
21945,-9.0,-9.0,1.0,1.0
21948,-2.7145397885855074,-2.4744146815385832,0.0,0.0
22005,-2.5661404656044033,-1.7135279848837688,0.0,0.0
22063,-1.5788209755226834,-1.1241726546208517,0.0,0.0
22077,-1.4914635297413352,-2.0152357813734008,0.0,0.0
22123,-2.814916413554311,-9.0,0.0,-9.0
22132,-9.0,-9.0,1.0,1.0
22197,-0.701817648013846,-0.26874677118533635,0.0,0.0
22236,-1.219237216669557,-0.9731996745048094,0.0,0.0
22239,-2.7119456953598724,-9.0,0.0,-9.0
22240,-9.0,-9.0,1.0,1.0
22282,-1.5299996888980456,-1.0367817011945093,0.0,0.0
22291,-1.9062669731667499,-1.6954184312621399,0.0,0.0
22451,-0.8076730484491749,-2.9338489315346514,0.0,0.0
22549,-1.6305654168070987,-2.4961464792874186,0.0,0.0
22553,-2.811505303596497,-9.0,0.0,-9.0
22560,-2.9537011910738395,-2.046037967719581,0.0,0.0
22634,-1.4232492500868985,-9.0,0.0,-9.0
22637,0.37496952848192755,0.838017417619148,0.0,0.0
22721,-1.286912111242895,-1.45962692521078,0.0,0.0
22753,-0.2704401708097748,-0.5375310401505948,0.0,0.0
22770,-0.9402391109940303,-0.7993308113066685,0.0,0.0
22776,-1.9470021577665402,-1.0103188712572473,0.0,0.0
22846,-3.0525618540399373,-9.0,0.0,-9.0
22934,-3.4827442145481267,-9.0,0.0,-9.0
23154,-2.213961785529581,-2.245564544080806,0.0,0.0
23214,0.7129418192094931,-0.7186913196247249,0.0,0.0
23215,-1.7318975708443025,-1.2715928064087632,0.0,0.0
23240,-0.032118300248846196,-9.0,0.0,-9.0
23243,-2.010946574436924,-1.810805778330491,0.0,0.0
23257,-0.8850496838517525,-9.0,0.0,-9.0
23298,-1.5669039537639062,-0.261262127189572,0.0,0.0
23359,-9.0,-9.0,1.0,1.0
23402,-9.0,-9.0,1.0,1.0
23415,-9.0,-1.4068448983327095,1.0,0.0
23474,-1.5808146123746145,-1.0906268003418607,0.0,0.0
23493,1.4801601818268364,1.4339396860927351,0.0,0.0
23500,-0.7643536123197537,-0.6273110683751513,0.0,0.0
23566,-1.0165101837590198,-0.32906192882038454,0.0,0.0
23599,0.816860816119292,1.70393735250704,0.0,0.0
23612,-9.0,-9.0,1.0,1.0
23658,-2.693544465759272,-1.407842585774729,0.0,0.0
23702,-0.8143884503344536,-0.435381000403755,0.0,0.0
23719,-3.430779070796738,-2.655943298975112,0.0,0.0
23736,-1.1369541286341864,-0.6678939472247994,0.0,0.0
23742,-3.0612601608738315,-9.0,0.0,-9.0
23757,-1.5069471698763788,-1.342666639118006,0.0,0.0
23800,-0.21512193566520613,-9.0,0.0,-9.0
23801,-1.419539761133652,-0.537103822919508,0.0,0.0
23805,-2.9003147264777454,-1.9582703787073446,0.0,0.0
23814,-0.9508843856346019,-9.0,0.0,-9.0
23871,-9.0,-9.0,1.0,-9.0
23886,-1.716909547294876,-1.7300177631680052,0.0,0.0
23894,-1.3664830798322667,-0.058056440135298176,0.0,0.0
23950,-2.2486882388899025,-1.666525600150732,0.0,0.0
23957,-2.3104926680874085,-9.0,0.0,-9.0
23989,-1.2628077801114166,-9.0,0.0,-9.0
24004,-2.452826239510058,-1.852252463761118,0.0,0.0
24014,-1.4894625772384131,-0.861899447714843,0.0,0.0
24018,-3.5128779903414085,-9.0,0.0,-9.0
24034,-1.5724938672739075,-1.1325798275531815,0.0,0.0
24063,-1.1243310017896593,-9.0,0.0,-9.0
24089,-0.4351897294365051,-9.0,0.0,-9.0
24090,0.21258206754166967,0.21227049911073856,0.0,0.0
24092,0.8865362468571669,0.664443996514883,0.0,0.0
24116,-1.6293149193557717,0.0618251045986843,0.0,0.0
24127,-0.5170716156043876,-1.1091766872699702,0.0,0.0
24131,-3.0607218991168392,-2.4810151524076662,0.0,0.0
24186,-1.575898338947922,-0.9624370834911254,0.0,0.0
24223,-1.3552934723497505,-0.368485601150854,0.0,0.0
24274,-0.1766653442227257,0.4605434837341621,0.0,0.0
24279,-0.40646495113751924,0.7251246310255046,0.0,0.0
24281,0.8179617806738525,-9.0,0.0,-9.0
24404,-1.4169382486055349,-1.5494754578702776,0.0,0.0
24406,-3.6896290916955228,-9.0,0.0,-9.0
24418,-3.6488318527248005,-2.3990729586371358,0.0,0.0
24437,-0.8226735693075015,0.9220117870277271,0.0,0.0
24443,-1.2961628761428452,-0.060865812854207044,0.0,0.0
24454,-1.768079474003786,-0.7831492127037953,0.0,0.0
24476,-0.7236267943438858,-1.2363889813051792,0.0,0.0
24485,-9.0,-9.0,1.0,1.0
24509,0.2275761839864135,0.40218111873577794,0.0,0.0
24514,-2.3961039125659065,-1.6491101105012549,0.0,0.0
24530,1.162254250929603,2.479405692527285,0.0,0.0
24542,-1.80615371927124,-0.8991705515577078,0.0,0.0
24614,-3.1166992250207692,-9.0,0.0,-9.0
24635,-2.078763977418876,-0.9360462442861937,0.0,0.0
24649,-0.16476963199285025,-0.6903427447073514,0.0,0.0
24657,-2.6945256536516164,-9.0,0.0,-9.0
24679,-0.3021299832143774,-9.0,0.0,-9.0
24681,-9.0,-9.0,1.0,-9.0
24684,-2.2319447472166614,-9.0,0.0,-9.0
24818,-0.34695195022348113,-0.3647448156858698,0.0,0.0
24835,-1.9747229337676762,-1.6896920687608035,0.0,0.0
24868,-2.468377499930664,-2.0861243884011715,0.0,0.0
24879,-3.5388726937796546,0.5747462687355792,0.0,0.0
24907,-1.056662464291757,-0.6711919730722604,0.0,0.0
24909,-2.045301467764482,-9.0,0.0,-9.0
24939,-9.0,-9.0,1.0,-9.0
24951,-1.866335620893251,-1.4984339027596867,0.0,0.0
25051,-1.7681255561489453,-9.0,0.0,-9.0
25081,-1.86096726386586,-0.5783720276545327,0.0,0.0
25088,-9.0,-9.0,1.0,-9.0
25123,0.0329894449237335,-0.5704511184958526,0.0,0.0
25166,-2.520151399112463,-1.5024765183647264,0.0,0.0
25169,-9.0,-9.0,1.0,1.0
25171,-2.469522771418765,-9.0,0.0,-9.0
25175,-1.3278480238701913,-1.1959688931472736,0.0,0.0
25184,-2.3113013474080453,-9.0,0.0,-9.0
25185,-1.7175104769712612,-1.9422213723887078,0.0,0.0
25193,-2.935314783874345,-2.382321916129999,0.0,0.0
25207,0.07943569936090278,0.7545966879356101,0.0,0.0
25299,-3.852045465874077,-2.4103766728636096,0.0,0.0
25313,-0.7977783729242403,0.018722886200117132,0.0,0.0
25386,-1.4313437612293274,-1.478922650113696,0.0,0.0
25390,-1.9395344230419598,-2.521451939959813,0.0,0.0
25393,-0.46748768677127317,-0.49476061075252037,0.0,0.0
25418,-0.23405693685794204,-9.0,0.0,-9.0
25422,-0.8410466386700504,-2.831891570642747,0.0,0.0
25440,0.16136862614731268,0.39999433435275283,0.0,0.0
25463,-2.2820190003075287,-1.563941837573599,0.0,0.0
25507,-2.12248446273509,-9.0,0.0,-9.0
25516,1.7212883012821338,-9.0,0.0,-9.0
25547,-1.9945079075534025,-1.1979750084065102,0.0,0.0
25640,-2.3525820933581074,-2.7790275642635325,0.0,0.0
25708,-3.234687926878766,-1.638910478185593,0.0,0.0
25730,-1.906908661247054,-1.0330746764072416,0.0,0.0
25756,-0.7989575457459761,-1.6221309196509703,0.0,0.0
25786,-3.2048394301458267,-9.0,0.0,-9.0
25905,-2.6131257981463,-2.1301106935426346,0.0,0.0
25969,-0.7826169394858978,0.35570354951950656,0.0,0.0
25972,-9.0,-9.0,1.0,1.0
26011,-9.0,-9.0,1.0,1.0
26044,-1.0182222345363938,-1.042250856249912,0.0,0.0
26186,-2.822893906172788,-1.7834237633155354,0.0,0.0
26205,-2.2526225956443415,-9.0,0.0,-9.0
26211,-9.0,-9.0,1.0,1.0
26233,-9.0,-9.0,1.0,-9.0
26248,-1.5827147855675054,-1.8671443004122832,0.0,0.0
26293,-0.3358516578903782,-1.5288053993668855,0.0,0.0
26325,-2.8504315270512692,-1.5719485788285454,0.0,0.0
26331,-0.6317158490981866,-9.0,0.0,-9.0
26357,-0.3115116250056862,0.06195511368565005,0.0,0.0
26372,-0.90350034340371,-0.7895300553455421,0.0,0.0
26462,-1.1096715395437744,-0.6352995130287943,0.0,0.0
26526,-2.5293530476433776,-9.0,0.0,-9.0
26532,-1.094353554650548,-1.3207933503479217,0.0,0.0
26601,-9.0,-9.0,1.0,-9.0
26704,-1.615116798516714,-9.0,0.0,-9.0
26720,-1.882423746992015,-9.0,0.0,-9.0
26742,-2.8058908294999623,-1.929086909059116,0.0,0.0
26871,0.45829694552176103,-9.0,0.0,-9.0
26960,-3.229656907632407,-2.104354731894299,0.0,0.0
26981,-0.49575606915222326,-0.27228851415842686,0.0,0.0
27011,-0.7315976703155498,-0.5207835144990256,0.0,0.0
27040,-9.0,-9.0,1.0,1.0
27042,-1.2655218518420424,-9.0,0.0,-9.0
27061,-2.6291021241069545,-1.9828876147455843,0.0,0.0
27075,-2.360529467300336,-1.658389817818321,0.0,0.0
27111,-0.33521594772839425,-9.0,0.0,-9.0
27128,-2.489857908533497,-2.275299989606325,0.0,0.0
27151,-1.2501968532414989,-1.1192039414098403,0.0,0.0
27248,-2.084473948232667,-1.2869742665732549,0.0,0.0
27264,-1.7384277319124632,-0.8362248082570356,0.0,0.0
27272,-2.734301398122433,-2.5651405694188005,0.0,0.0
27301,-2.4179098069181095,-9.0,0.0,-9.0
27306,-1.5713173208534814,-0.6628225511079953,0.0,0.0
27311,-1.2816102433315966,-1.3144734541818397,0.0,0.0
27325,-0.8758866226583538,-9.0,0.0,-9.0
27335,-1.9306504417555093,-1.2883307048849906,0.0,0.0
27347,-1.9111234038403624,-0.537150578963877,0.0,0.0
27385,-1.184076010895394,-9.0,0.0,-9.0
27403,-0.3832267109423791,0.20353642580040004,0.0,0.0
27404,0.2683798529001552,-9.0,0.0,-9.0
27412,-2.094592800748728,-1.543999456927249,0.0,0.0
27490,1.3393710319143135,1.531889071007375,0.0,0.0
27510,-0.6509482054033506,-0.4659736118266584,0.0,0.0
27521,-1.4333090877478636,-1.4837568650583495,0.0,0.0
27541,-1.7819936748123986,-1.6674633613548964,0.0,0.0
27553,-1.9839916368220212,-1.628080037340266,0.0,0.0
27574,-2.2427866945241783,-9.0,0.0,-9.0
27578,-3.0329406780916797,-2.412085465726089,0.0,0.0
27625,-9.0,-9.0,1.0,-9.0
27695,-1.2727859783490536,-0.9786611313074981,0.0,0.0
27724,-1.3656662605269025,-1.2111708612598664,0.0,0.0
27760,-2.3478918005773903,-2.5703526195261492,0.0,0.0
27762,-0.8395120064131721,0.7288171825306883,0.0,0.0
27771,-0.7441584084408776,-0.46536861702138405,0.0,0.0
27799,-2.300032728329489,-1.0961203497410041,0.0,0.0
27854,-2.7154133067253996,-2.2584151752643677,0.0,0.0
27876,-9.0,-9.0,1.0,1.0
27920,-1.7934855247243742,-1.0547453768711645,0.0,0.0
27930,-2.9534594508505854,-2.942975374866933,0.0,0.0
28011,-1.0171620221806348,-0.702849797509482,0.0,0.0
28012,-1.201990507451509,-1.1629330655948762,0.0,0.0
28073,-0.9742032242312425,-1.7898081887197679,0.0,0.0
28130,0.35332805231076625,-9.0,0.0,-9.0
28159,-1.0749797879072296,-0.3453491961940098,0.0,0.0
28163,-0.4148655581640097,-9.0,0.0,1.0
28253,-2.8767744857311066,-9.0,0.0,-9.0
28357,-1.5522292096056387,-9.0,0.0,-9.0
28391,-1.4499557286795814,-1.5785650636625992,0.0,0.0
28409,-2.6454494122674084,-1.1092600748595511,0.0,0.0
28424,-1.7788989999061098,-9.0,0.0,-9.0
28446,-1.904281590920005,-9.0,0.0,-9.0
28453,-0.19958854774646334,-9.0,0.0,-9.0
