respid,wgt,cma,married,own,wealth_total,mort_balance,home_value
87,1278.4983244321725,6,0,1,553863.0,0.0,450000.0
94,897.8346892314378,6,0,1,210000.0,0.0,320000.0
109,880.8996211331786,8,1,1,500000.0,230000.0,425000.0
127,1278.4983244321725,7,0,1,0.0,0.0,1500000.0
159,4230.715283026676,1,1,1,65000.0,0.0,1000000.0
171,4942.474513256949,7,0,1,57700.0,0.0,700000.0
222,2740.425636006952,10,0,1,275000.0,0.0,285000.0
272,1278.4983244321725,6,1,1,408773.73818632425,0.0,750000.0
346,580.936724934376,8,1,1,180000.0,65000.0,360000.0
351,4230.715283026676,1,1,1,460000.0,0.0,1500000.0
366,688.7628253365825,5,1,1,199267.4691481501,0.0,250000.0
395,688.7628253365825,5,1,1,70005.5,0.0,300000.0
406,688.7628253365825,5,1,1,310000.0,0.0,465000.0
415,6357.119592832336,4,1,1,280000.0,0.0,350000.0
417,4230.715283026676,6,0,1,9000.0,190000.0,325000.0
426,8497.513381368772,1,0,1,575000.0,0.0,370000.0
441,897.8346892314378,6,0,1,6000.0,0.0,350000.0
442,1321.982893522959,2,0,1,580000.0,0.0,125000.0
471,1321.982893522959,2,0,1,61000.0,135000.0,200000.0
486,11913.367002499095,11,1,1,25005.5,0.0,160000.0
496,897.8346892314378,1,1,1,60005.5,0.0,700000.0
504,1666.0411339049424,3,1,1,460000.0,0.0,1200000.0
538,3306.360982332038,2,1,1,50000.0,0.0,475000.0
549,3306.360982332038,2,0,1,22600.0,20000.0,145000.0
561,1321.982893522959,2,0,1,60005.5,0.0,275000.0
577,3922.9483782185284,6,1,1,275000.0,0.0,650000.0
626,8497.513381368772,1,0,1,91000.0,220000.0,900000.0
634,1278.4983244321725,1,0,1,0.0,247000.0,600000.0
646,4942.474513256949,7,1,1,10000.0,0.0,600000.0
652,4942.474513256949,1,0,1,85000.0,0.0,750000.0
674,967.2736886617231,9,0,1,627000.0,0.0,450000.0
687,4942.474513256949,1,1,1,350000.0,0.0,560000.0
697,4942.474513256949,6,1,1,370000.0,0.0,500000.0
712,2740.425636006952,10,1,1,353916.23097776226,0.0,250000.0
731,897.8346892314378,1,1,1,475000.0,0.0,700000.0
738,1278.4983244321725,1,0,1,75000.0,0.0,1300000.0
751,967.2736886617231,9,0,1,85005.5,0.0,225000.0
793,6226.779569658952,2,1,1,65005.5,0.0,500000.0
795,967.2736886617231,2,1,1,325000.0,0.0,425000.0
817,4230.715283026676,6,1,1,16631.35804501979,250000.0,450000.0
833,4942.474513256949,7,1,1,250000.0,0.0,600000.0
864,3922.9483782185284,6,1,1,300000.0,0.0,615000.0
881,3653.671297737253,8,1,1,330000.0,0.0,400000.0
897,4230.715283026676,1,1,1,175005.5,0.0,800000.0
919,1321.982893522959,2,0,1,262000.0,0.0,420000.0
940,949.5838434120577,3,1,1,12005.5,0.0,2000000.0
941,967.2736886617231,2,1,1,600000.0,0.0,450000.0
944,4942.474513256949,1,0,1,58005.5,2400.0,800000.0
950,688.7628253365825,5,1,1,425000.0,0.0,650000.0
974,8497.513381368772,1,1,1,170000.0,0.0,500000.0
983,8497.513381368772,6,1,1,280000.0,0.0,225000.0
985,4851.619932747694,2,1,1,45000.0,0.0,350000.0
990,6226.779569658952,9,1,1,6000.0,0.0,200000.0
999,2740.425636006952,10,0,1,310000.0,0.0,225000.0
1006,1666.0411339049424,3,0,1,200324.5363588449,0.0,1000000.0
1011,3027.395677984212,4,1,1,190000.0,0.0,380000.0
1014,1666.0411339049424,3,1,1,29005.5,0.0,1600000.0
1019,3084.2107633132296,4,1,1,160000.0,343000.0,485000.0
1031,6226.779569658952,2,1,1,311815.9854604064,50000.0,400000.0
1033,2726.959170965149,10,1,1,400000.0,0.0,450000.0
1035,3084.2107633132296,5,1,1,120005.5,0.0,345000.0
1041,1321.982893522959,2,1,1,290000.0,0.0,260000.0
1047,880.8996211331786,8,0,1,45000.0,0.0,300000.0
1048,1278.4983244321725,1,1,1,490800.46626669535,0.0,1335532.2979256308
1066,6226.779569658952,2,1,1,75005.5,0.0,330000.0
1068,897.8346892314378,6,1,1,285000.0,175000.0,500000.0
1078,897.8346892314378,1,1,1,19000.0,0.0,1200000.0
1105,949.5838434120577,11,1,1,75005.5,0.0,650000.0
1111,967.2736886617231,2,1,1,5.5,0.0,1000000.0
1112,938.1637312456232,10,1,1,265000.0,0.0,300000.0
1114,880.8996211331786,8,1,1,515000.0,0.0,375000.0
1119,967.2736886617231,2,1,1,340000.0,0.0,960000.0
1145,3306.360982332038,2,1,1,515000.0,0.0,500000.0
1149,3027.395677984212,5,1,1,55100.0,0.0,380000.0
1169,3223.604382708034,11,1,1,400000.0,0.0,600000.0
1179,688.7628253365825,5,1,1,60000.0,0.0,450000.0
1188,999.5341708562004,4,1,1,100000.0,0.0,800000.0
1200,999.5341708562004,4,1,1,80000.0,0.0,600000.0
1209,1278.4983244321725,1,1,1,0.0,0.0,1800000.0
1211,3306.360982332038,2,0,1,55000.0,24000.0,220000.0
1212,4398.058351676,11,0,1,240000.0,0.0,500000.0
1227,4230.715283026676,7,1,1,400000.0,0.0,700000.0
1238,897.8346892314378,1,0,1,300000.0,0.0,300000.0
1248,3922.9483782185284,6,0,1,150000.0,0.0,200000.0
1257,897.8346892314378,6,1,1,30000.0,0.0,400000.0
1265,897.8346892314378,1,1,1,110005.5,0.0,800000.0
1268,1666.0411339049424,11,1,1,135000.0,0.0,1500000.0
1281,688.7628253365825,4,1,1,51000.0,220181.19708725048,450000.0
1290,688.7628253365825,5,1,1,300000.0,200000.0,500000.0
1303,3922.9483782185284,1,1,1,135000.0,0.0,1200000.0
1316,4230.715283026676,1,1,1,45000.0,0.0,400000.0
1320,967.2736886617231,2,1,1,420000.0,0.0,450000.0
1323,967.2736886617231,2,1,1,480000.0,0.0,400000.0
1324,967.2736886617231,9,1,1,380000.0,0.0,450000.0
1332,1278.4983244321725,1,0,1,189000.0,23000.0,490000.0
1355,4230.715283026676,1,0,1,518850.74170935113,0.0,669889.3523252574
1364,897.8346892314378,1,0,1,80000.0,0.0,518556.2913388261
1370,1666.0411339049424,3,0,1,210000.0,0.0,500000.0
1374,967.2736886617231,2,1,1,259000.0,0.0,400000.0
1389,4942.474513256949,1,0,1,250000.0,145000.0,375000.0
1404,1321.982893522959,2,0,1,125000.0,0.0,400000.0
1412,4427.977115973115,3,1,1,70000.0,0.0,800000.0
1421,1321.982893522959,2,1,1,100005.5,0.0,1000000.0
1423,4230.715283026676,1,1,1,416016.7976161002,0.0,1307198.4643367315
1439,949.5838434120577,3,0,1,450000.0,0.0,650000.0
1449,3653.671297737253,8,1,1,65000.0,98000.0,325000.0
1472,897.8346892314378,6,1,1,0.0,188000.0,239000.0
1477,1278.4983244321725,1,0,1,31000.0,0.0,850000.0
1506,1278.4983244321725,1,0,1,28827.10715435505,0.0,1500000.0
1540,1278.4983244321725,1,0,1,60005.5,0.0,910000.0
1591,1278.4983244321725,1,0,1,0.0,0.0,900000.0
1592,1278.4983244321725,1,1,1,400005.5,0.0,1400000.0
1660,1278.4983244321725,1,0,1,300000.0,0.0,1200000.0
1685,897.8346892314378,1,1,1,20005.5,0.0,1200000.0
1719,1666.0411339049424,3,1,1,500718.6965261264,0.0,2000000.0
1761,688.7628253365825,5,1,1,450000.0,150000.0,400000.0
1771,1278.4983244321725,7,0,1,257000.0,0.0,500000.0
1788,4230.715283026676,1,0,1,14000.0,0.0,650000.0
1799,999.5341708562004,4,1,1,381545.72005603055,0.0,440000.0
1805,880.8996211331786,8,0,1,316725.11776381294,0.0,514971.50715433276
1842,880.8996211331786,8,1,1,105000.0,0.0,399000.0
1852,4230.715283026676,1,0,1,220000.0,0.0,1300000.0
1869,3027.395677984212,5,1,1,300000.0,0.0,540000.0
1884,3027.395677984212,4,0,1,248000.0,40000.0,185000.0
1892,4427.977115973115,3,0,1,315000.0,0.0,580000.0
1914,999.5341708562004,5,1,1,260000.0,0.0,275000.0
1929,1278.4983244321725,1,1,1,70000.0,34000.0,600000.0
1931,8497.513381368772,1,1,1,110005.5,0.0,1100000.0
1955,897.8346892314378,1,1,1,140005.5,0.0,2000000.0
1967,4230.715283026676,1,1,1,50005.5,0.0,2000000.0
1978,1278.4983244321725,1,1,1,375200.0,0.0,1300000.0
2039,1666.0411339049424,3,1,1,5005.5,400000.0,1200000.0
2048,1278.4983244321725,1,0,1,210000.0,0.0,1000000.0
2049,1278.4983244321725,1,1,1,0.0,0.0,1800000.0
2061,967.2736886617231,2,1,1,214802.63364512665,0.0,728521.205122044
2086,2740.425636006952,10,1,1,440000.0,0.0,500000.0
2089,1278.4983244321725,1,1,1,105000.0,59000.0,1000000.0
2136,688.7628253365825,4,1,1,10000.0,0.0,250000.0
2137,4851.619932747694,2,1,1,555000.0,0.0,400000.0
2142,1321.982893522959,2,0,1,265000.0,0.0,290000.0
2231,3027.395677984212,5,1,1,325000.0,0.0,390000.0
2306,4851.619932747694,2,0,1,266459.4803623847,0.0,500000.0
2334,4851.619932747694,2,1,1,102000.0,21000.0,325000.0
2362,1321.982893522959,2,1,1,550000.0,0.0,400000.0
2365,4427.977115973115,3,1,1,220977.91174451233,0.0,880000.0
2367,999.5341708562004,4,1,1,50005.5,0.0,600000.0
2371,880.8996211331786,8,1,1,100005.5,0.0,375000.0
2392,4398.058351676,3,1,1,600000.0,0.0,1400000.0
2398,949.5838434120577,3,1,1,286446.7621749968,0.0,621102.4083414213
2436,4942.474513256949,1,1,1,150000.0,0.0,800000.0
2442,3306.360982332038,9,1,1,120000.0,50000.0,250000.0
2447,9577.007435639074,8,1,1,0.0,0.0,280000.0
2454,8497.513381368772,1,1,1,64763.74055060386,10000.0,1500000.0
2457,3084.2107633132296,5,0,1,407000.0,0.0,660000.0
2465,938.1637312456232,10,0,1,200.0,130000.0,165000.0
2479,938.1637312456232,10,1,1,447933.42938734806,0.0,180000.0
2487,1278.4983244321725,6,0,1,135000.0,0.0,400000.0
2500,897.8346892314378,1,1,1,107675.07243357645,0.0,1200000.0
2502,897.8346892314378,1,1,1,125005.5,0.0,950000.0
2528,4427.977115973115,11,0,1,327000.0,105000.0,600000.0
2549,4851.619932747694,2,1,1,80005.5,0.0,700000.0
2596,4853.275748785212,8,0,1,140000.0,0.0,225000.0
2598,2341.501344690914,4,1,1,35500.0,0.0,445000.0
2611,4942.474513256949,6,0,1,275000.0,0.0,500000.0
2623,897.8346892314378,1,1,1,150005.5,0.0,950000.0
2636,897.8346892314378,6,0,1,43131.68916913681,0.0,400000.0
2659,8497.513381368772,1,1,1,530000.0,0.0,1300000.0
2676,3653.671297737253,8,1,1,300000.0,90000.0,450000.0
2685,880.8996211331786,8,0,1,50000.0,0.0,650000.0
2686,3027.395677984212,4,1,1,474000.0,0.0,525000.0
2709,2726.959170965149,10,0,1,42000.0,68000.0,100000.0
2726,4230.715283026676,7,0,1,150000.0,0.0,250000.0
2728,3922.9483782185284,1,1,1,120000.0,0.0,1000000.0
2745,3922.9483782185284,6,1,1,54000.0,140000.0,300000.0
2758,8497.513381368772,1,1,1,350000.0,0.0,1000000.0
2768,4942.474513256949,7,1,1,308178.37349398684,0.0,850000.0
2783,3653.671297737253,8,0,1,45005.5,0.0,280000.0
2804,4942.474513256949,1,1,1,328314.8986113579,0.0,895363.4180345486
2829,8497.513381368772,1,1,1,112739.89084050042,0.0,380428.0815205467
2866,999.5341708562004,4,0,1,0.0,50000.0,300000.0
2868,4942.474513256949,7,1,1,45827.0853283441,0.0,850000.0
2869,3027.395677984212,5,1,1,250000.0,0.0,450000.0
2870,4230.715283026676,1,0,1,320000.0,0.0,500000.0
2874,8497.513381368772,1,1,1,475000.0,0.0,800000.0
2877,4230.715283026676,1,1,1,203380.00284372788,0.0,921702.9713281904
2894,6357.119592832336,4,1,1,5.5,0.0,280000.0
2923,4230.715283026676,6,0,1,43000.0,0.0,755554.9510262581
2958,897.8346892314378,7,1,1,100005.5,0.0,750000.0
3014,3027.395677984212,4,1,1,166933.95586516595,132910.8412678234,328547.70384154865
3018,4427.977115973115,11,0,1,106000.0,105000.0,525000.0
3050,1278.4983244321725,1,1,1,44307.91527839679,0.0,2101758.076991191
3069,3306.360982332038,2,1,1,200050.0,69000.0,450000.0
3076,688.7628253365825,4,1,1,500000.0,0.0,500000.0
3098,2341.501344690914,4,1,1,33245.84884585375,0.0,926287.3251406152
3103,897.8346892314378,1,0,1,68000.0,0.0,800000.0
3104,897.8346892314378,1,0,1,235000.0,0.0,980000.0
3105,6226.779569658952,2,1,1,350833.6516526752,0.0,279401.3293256751
3127,1278.4983244321725,1,0,1,100000.0,0.0,140000.0
3136,2726.959170965149,10,1,1,450000.0,0.0,420000.0
3140,967.2736886617231,2,0,1,500000.0,0.0,400000.0
3144,897.8346892314378,7,1,1,150005.5,0.0,1300000.0
3145,4942.474513256949,7,1,1,120000.0,0.0,550000.0
3153,1278.4983244321725,1,0,1,55005.5,0.0,1000000.0
3160,688.7628253365825,5,0,1,0.0,85000.0,200000.0
3197,6357.119592832336,5,1,1,275000.0,0.0,379000.0
3198,897.8346892314378,6,1,1,225000.0,0.0,500000.0
3201,1278.4983244321725,1,1,1,160005.5,0.0,1400000.0
3202,1321.982893522959,9,1,1,220000.0,60000.0,550000.0
3214,3922.9483782185284,1,1,1,100000.0,0.0,475000.0
3235,2726.959170965149,10,1,1,35000.0,0.0,170000.0
3237,3922.9483782185284,1,1,1,157963.79715716862,0.0,985000.0
3242,1278.4983244321725,1,1,1,4000.0,0.0,750000.0
3254,897.8346892314378,1,1,1,200005.5,0.0,1200000.0
3271,2726.959170965149,10,0,1,123000.0,0.0,175000.0
3274,2341.501344690914,5,1,1,620000.0,0.0,325000.0
3319,938.1637312456232,10,0,1,550000.0,0.0,100000.0
3326,4942.474513256949,1,0,1,50000.0,0.0,450000.0
3330,8497.513381368772,1,1,1,0.0,105767.34045076532,750000.0
3338,897.8346892314378,1,0,1,310000.0,0.0,450000.0
3340,4230.715283026676,6,0,1,225000.0,0.0,450000.0
3343,1278.4983244321725,1,0,1,250000.0,32015.926854156132,500000.0
3362,688.7628253365825,5,1,1,151881.44053703416,0.0,486270.6513994485
3365,938.1637312456232,10,0,1,10000.0,8000.0,190000.0
3381,897.8346892314378,1,1,1,280000.0,0.0,1000000.0
3390,6226.779569658952,2,1,1,266000.0,0.0,750000.0
3398,3084.2107633132296,4,1,1,325000.0,0.0,500000.0
3405,897.8346892314378,1,1,1,200000.0,0.0,850000.0
3406,4398.058351676,11,0,1,60000.0,0.0,520000.0
3434,8961.932485320032,10,0,1,0.0,30000.0,79000.0
3435,3306.360982332038,2,1,1,500000.0,0.0,550000.0
3442,4851.619932747694,2,1,1,216054.87243464045,4.0,385318.6338552411
3446,4230.715283026676,1,0,1,410000.0,0.0,800000.0
3452,3653.671297737253,8,0,1,128159.28046944289,0.0,350000.0
3457,897.8346892314378,1,0,1,150000.0,441358.9963354521,1400000.0
3474,1278.4983244321725,1,0,1,0.0,269000.0,550000.0
3488,4942.474513256949,1,1,1,370000.0,0.0,950000.0
3491,2740.425636006952,10,1,1,170000.0,30000.0,325000.0
3501,3922.9483782185284,1,1,1,30000.0,275000.0,1200000.0
3505,999.5341708562004,5,0,1,155000.0,187.0,410000.0
3522,897.8346892314378,6,1,1,573000.0,0.0,450000.0
3531,3306.360982332038,2,1,1,10000.0,0.0,350000.0
3532,897.8346892314378,6,1,1,150240.8271837231,0.0,500000.0
3541,4230.715283026676,1,1,1,170000.0,0.0,539263.9817016127
3550,3306.360982332038,9,1,1,625000.0,0.0,280000.0
3557,4942.474513256949,1,1,1,0.0,40000.0,700000.0
3564,4398.058351676,3,0,1,177497.7057892603,0.0,1100000.0
3572,999.5341708562004,4,1,1,231006.6387257515,0.0,400000.0
3586,580.936724934376,8,0,1,320000.0,0.0,280000.0
3587,4942.474513256949,1,0,1,300000.0,0.0,800000.0
3601,9964.177008128749,2,0,1,255000.0,0.0,340000.0
3631,3306.360982332038,9,1,1,300000.0,4.0,250000.0
3633,897.8346892314378,1,0,1,425000.0,0.0,430000.0
3642,1278.4983244321725,1,0,1,360000.0,0.0,350000.0
3656,967.2736886617231,2,1,1,0.0,0.0,300000.0
3663,3027.395677984212,5,0,1,0.0,0.0,416729.26308680215
3680,2341.501344690914,5,0,1,445000.0,0.0,375000.0
3692,967.2736886617231,2,1,1,153805.5,0.0,375000.0
3695,2341.501344690914,5,1,1,114882.46952551126,0.0,931539.6270481879
3698,897.8346892314378,7,1,1,120365.5721314078,0.0,1096078.1787238494
3699,8497.513381368772,1,0,1,50005.5,0.0,700000.0
3715,3306.360982332038,2,1,1,31464.533911777427,0.0,280000.0
3721,897.8346892314378,6,1,1,457000.0,0.0,520000.0
3729,3922.9483782185284,1,1,1,205569.1262733624,0.0,896613.6616654452
3750,580.936724934376,8,1,1,50000.0,0.0,300000.0
3751,6226.779569658952,2,1,1,77000.0,0.0,350000.0
3771,4398.058351676,3,1,1,600000.0,0.0,1000000.0
3777,1278.4983244321725,1,1,1,135005.5,0.0,425000.0
3785,897.8346892314378,1,1,1,100005.5,0.0,1200000.0
3795,949.5838434120577,3,1,1,35000.0,0.0,1600000.0
3802,8497.513381368772,1,1,1,158617.77348094425,0.0,1000000.0
3807,3084.2107633132296,4,1,1,440000.0,0.0,750000.0
3822,3922.9483782185284,6,1,1,1000000.0,0.0,425000.0
3826,11913.367002499095,3,1,1,110000.0,0.0,1503713.7482429624
3899,897.8346892314378,6,1,1,240000.0,312000.0,650000.0
3908,3306.360982332038,2,1,1,390000.0,0.0,275000.0
3910,6226.779569658952,2,1,1,266583.1486832468,0.0,161390.48625030136
3914,897.8346892314378,6,1,1,100000.0,0.0,400000.0
3924,3223.604382708034,3,1,1,150005.5,0.0,500000.0
3926,1278.4983244321725,1,0,1,320000.0,0.0,519750.0
3930,938.1637312456232,10,1,1,410000.0,160000.0,350000.0
3931,6226.779569658952,2,1,1,133000.0,0.0,350000.0
3935,967.2736886617231,2,1,1,50500.0,71900.0,210000.0
3944,580.936724934376,8,1,1,280000.0,0.0,300000.0
3961,8497.513381368772,7,1,1,99815.29274780306,0.0,500000.0
3975,897.8346892314378,1,1,1,79632.24937183454,0.0,1000000.0
3983,4427.977115973115,3,1,1,126000.0,0.0,850000.0
3996,1278.4983244321725,6,0,1,222238.48285341565,0.0,500000.0
4003,4427.977115973115,3,1,1,0.0,0.0,1024046.0613639683
4035,897.8346892314378,1,0,1,209000.0,0.0,1500000.0
4036,3922.9483782185284,1,1,1,70000.0,0.0,900000.0
4060,6226.779569658952,2,0,1,200000.0,330000.0,500000.0
4074,897.8346892314378,6,1,1,490000.0,0.0,900000.0
4078,897.8346892314378,6,1,1,247237.74635534317,0.0,580000.0
4085,4942.474513256949,7,1,1,0.0,0.0,430000.0
4096,897.8346892314378,1,1,1,80005.5,0.0,1300000.0
4111,3223.604382708034,3,1,1,30005.5,250000.0,450000.0
4113,967.2736886617231,2,1,1,237758.97555971146,0.0,300000.0
4132,3306.360982332038,9,1,1,230000.0,0.0,290000.0
4134,999.5341708562004,4,1,1,130000.0,0.0,600000.0
4139,967.2736886617231,2,1,1,39675.08960191308,0.0,700000.0
4177,4942.474513256949,1,1,1,520000.0,0.0,1700000.0
4182,1278.4983244321725,1,1,1,241640.3082388358,0.0,400000.0
4191,4942.474513256949,7,1,1,150005.5,0.0,950000.0
4205,4427.977115973115,3,1,1,383760.812038991,0.0,1147975.6295756358
4210,938.1637312456232,10,1,1,376630.8705555294,0.0,285000.0
4212,3306.360982332038,2,0,1,282000.0,0.0,215000.0
4221,897.8346892314378,1,1,1,20000.0,0.0,750000.0
4231,3922.9483782185284,1,1,1,500005.5,0.0,1400000.0
4232,3922.9483782185284,7,1,1,394235.73199312645,0.0,478530.7047677364
4249,897.8346892314378,6,1,1,488688.2953727742,0.0,2000000.0
4252,897.8346892314378,1,1,1,150005.5,0.0,1200000.0
4264,3223.604382708034,3,1,1,110000.0,0.0,1000000.0
4270,3922.9483782185284,1,1,1,12000.0,0.0,750000.0
4272,3922.9483782185284,1,1,1,620000.0,0.0,800000.0
4273,688.7628253365825,5,1,1,270000.0,0.0,425000.0
4279,4942.474513256949,1,1,1,391731.77029289916,0.0,500000.0
4292,4851.619932747694,2,0,1,140000.0,0.0,235000.0
4309,8497.513381368772,6,1,1,200000.0,0.0,375000.0
4334,1278.4983244321725,1,1,1,338290.7588483456,400319.74357351003,932119.5060966986
4352,897.8346892314378,1,1,1,400000.0,0.0,1250000.0
4369,3306.360982332038,2,0,1,260000.0,0.0,425000.0
4389,2341.501344690914,5,1,1,210000.0,0.0,350000.0
4392,949.5838434120577,3,1,1,500000.0,0.0,700000.0
4394,3027.395677984212,5,0,1,20000.0,166529.40078685712,200000.0
4412,1278.4983244321725,1,1,1,150000.0,0.0,2000000.0
4503,6357.119592832336,4,1,1,600000.0,0.0,450000.0
4537,11913.367002499095,11,1,1,500000.0,148000.0,610000.0
4542,897.8346892314378,7,0,1,75000.0,116000.0,450000.0
4547,11913.367002499095,3,0,1,49000.0,0.0,565000.0
4551,4942.474513256949,6,1,1,600000.0,306249.8040709463,320000.0
4585,6226.779569658952,2,1,1,160000.0,0.0,450000.0
4587,9964.177008128749,2,1,1,0.0,0.0,283784.7142081897
4589,897.8346892314378,6,1,1,32455.38095393157,0.0,560000.0
4620,4942.474513256949,1,1,1,236615.69365634603,7000.0,300000.0
4622,897.8346892314378,1,1,1,180005.5,0.0,2000000.0
4654,688.7628253365825,4,1,1,50005.5,0.0,550000.0
4670,3922.9483782185284,6,1,1,33000.0,0.0,350000.0
4673,4427.977115973115,3,0,1,200000.0,45000.0,1200000.0
4697,2341.501344690914,5,1,1,202500.0,0.0,310000.0
4701,897.8346892314378,1,1,1,250000.0,100000.0,1200000.0
4722,4230.715283026676,1,1,1,40.0,0.0,650000.0
4727,897.8346892314378,1,1,1,140005.5,0.0,950000.0
4736,3922.9483782185284,1,1,1,340000.0,0.0,750000.0
4738,967.2736886617231,9,1,1,1000000.0,0.0,500000.0
4746,897.8346892314378,6,1,1,100000.0,0.0,1000000.0
4775,6226.779569658952,2,1,1,328000.0,2400.0,250000.0
4815,6226.779569658952,2,1,1,75000.0,50000.0,60000.0
4816,1278.4983244321725,1,1,1,130600.0,0.0,1439264.5087759066
4826,1278.4983244321725,1,1,1,0.0,0.0,1800000.0
4868,967.2736886617231,2,1,1,800000.0,0.0,450000.0
4893,999.5341708562004,5,0,1,412653.08797177876,0.0,415932.47899861645
4901,3922.9483782185284,1,1,1,100000.0,60000.0,650000.0
4904,949.5838434120577,11,1,1,33000.0,0.0,700000.0
4919,688.7628253365825,5,1,1,76500.0,0.0,215000.0
4922,3922.9483782185284,1,1,1,50000.0,0.0,800000.0
4932,897.8346892314378,1,1,1,450005.5,250000.0,990000.0
4936,967.2736886617231,2,1,1,200005.5,0.0,450000.0
4943,2341.501344690914,4,0,1,85005.5,0.0,265000.0
4945,897.8346892314378,1,0,1,860209.0,0.0,1250000.0
4957,6226.779569658952,9,1,1,155000.0,0.0,190000.0
4968,897.8346892314378,7,1,1,330000.0,0.0,750000.0
4970,897.8346892314378,6,1,1,400000.0,0.0,610000.0
4984,999.5341708562004,5,0,1,130000.0,0.0,300000.0
4991,2341.501344690914,5,1,1,360000.0,0.0,300000.0
4995,4942.474513256949,7,0,1,100000.0,0.0,500000.0
4998,6357.119592832336,5,1,1,52000.0,0.0,220000.0
5000,949.5838434120577,3,1,1,245099.1773187328,540000.0,670000.0
5015,4427.977115973115,3,1,1,20000.0,0.0,495243.9402893196
5041,897.8346892314378,1,1,1,185800.0,0.0,800000.0
5104,897.8346892314378,1,0,1,6000.0,0.0,267000.0
5105,999.5341708562004,5,0,1,209565.30078351553,0.0,220000.0
5110,2341.501344690914,5,1,1,238859.93081671896,0.0,400000.0
5130,4230.715283026676,1,1,1,150951.1629683288,0.0,873074.0803607411
5141,897.8346892314378,1,1,1,117431.26912966941,0.0,722224.8248719915
5155,1666.0411339049424,3,0,1,0.0,242906.0,800000.0
5156,897.8346892314378,7,1,1,440000.0,0.0,450000.0
5164,938.1637312456232,10,1,1,280000.0,0.0,500000.0
5231,1278.4983244321725,6,1,1,100000.0,0.0,500000.0
5236,2726.959170965149,10,1,1,127643.45711150648,0.0,450000.0
5262,3922.9483782185284,7,1,1,200005.5,0.0,850000.0
5267,2341.501344690914,5,1,1,50000.0,0.0,400000.0
5281,1278.4983244321725,1,0,1,71500.0,20000.0,525000.0
5291,1278.4983244321725,1,0,1,150000.0,0.0,680000.0
5317,1321.982893522959,2,1,1,5.5,30000.0,1500000.0
5321,9577.007435639074,8,0,1,2400.0,20000.0,285000.0
5322,9964.177008128749,2,0,1,80017.19126354376,0.0,365016.99963319086
5344,9577.007435639074,8,0,1,0.0,194652.86246705626,175000.0
5351,897.8346892314378,1,1,1,245000.0,0.0,350000.0
5353,3306.360982332038,9,1,1,101000.0,66500.0,320000.0
5354,1321.982893522959,2,1,1,20000.0,0.0,350000.0
5356,4851.619932747694,2,1,1,366137.49858026847,0.0,285000.0
5366,3084.2107633132296,5,1,1,12339.901907034946,0.0,350000.0
5372,897.8346892314378,6,1,1,250000.0,0.0,700000.0
5392,967.2736886617231,9,1,1,130602.5,0.0,325000.0
5404,1321.982893522959,2,1,1,60005.5,0.0,400000.0
5407,4942.474513256949,1,1,1,281888.007768493,0.0,426835.6891846125
5430,967.2736886617231,9,1,1,50000.0,116000.0,265000.0
5433,897.8346892314378,1,1,1,70000.0,0.0,600000.0
5438,897.8346892314378,1,1,1,423000.0,0.0,1100000.0
5454,688.7628253365825,4,1,1,130000.0,0.0,419646.9460563644
5479,4230.715283026676,7,1,1,89528.76112207484,0.0,514798.31530734245
5495,897.8346892314378,6,1,1,370000.0,0.0,350000.0
5503,3223.604382708034,3,1,1,0.0,0.0,402365.378088219
5513,9964.177008128749,9,1,1,0.0,83586.83708896553,286101.6704061892
5526,4942.474513256949,1,1,1,540000.0,0.0,700000.0
5529,880.8996211331786,8,0,1,195000.0,0.0,250000.0
5541,3306.360982332038,2,1,1,416000.0,0.0,350000.0
5557,6226.779569658952,2,1,1,280000.0,0.0,450000.0
5564,3922.9483782185284,7,1,1,100000.0,30000.0,825000.0
5568,897.8346892314378,6,1,1,200000.0,0.0,400000.0
5572,897.8346892314378,6,1,1,280000.0,0.0,240000.0
5610,897.8346892314378,6,0,1,250000.0,68000.0,200000.0
5612,897.8346892314378,1,1,1,160000.0,0.0,1100000.0
5631,3922.9483782185284,7,1,1,100000.0,0.0,600000.0
5663,949.5838434120577,11,1,1,135000.0,0.0,850000.0
5676,897.8346892314378,1,1,1,100005.5,0.0,1200000.0
5693,688.7628253365825,4,1,1,155005.5,0.0,750000.0
5703,897.8346892314378,7,1,1,40000.0,0.0,700000.0
5707,4230.715283026676,1,1,1,482000.0,0.0,860000.0
5743,3922.9483782185284,1,1,1,137005.5,0.0,1400000.0
5772,4942.474513256949,1,1,1,419258.41013882024,0.0,1500000.0
5795,3306.360982332038,2,1,1,135000.0,32000.0,220000.0
5797,9964.177008128749,9,1,1,30000.0,0.0,195000.0
5857,6357.119592832336,4,1,1,126005.5,0.0,1000000.0
5885,3922.9483782185284,1,1,1,67000.0,96000.0,930000.0
5933,3306.360982332038,2,0,1,75000.0,0.0,450000.0
5941,4398.058351676,3,1,1,180000.0,0.0,1400000.0
5943,8497.513381368772,1,1,1,100005.5,0.0,700000.0
5949,4942.474513256949,7,1,1,5000.0,0.0,350000.0
5951,8497.513381368772,6,0,1,0.0,200000.0,360000.0
5956,967.2736886617231,2,1,1,510000.0,0.0,400000.0
5961,1321.982893522959,2,0,1,0.0,0.0,185000.0
5968,3027.395677984212,4,1,1,0.0,0.0,590000.0
6001,3223.604382708034,11,1,1,60005.5,80000.0,1000000.0
6010,688.7628253365825,4,1,1,15005.5,0.0,800000.0
6012,897.8346892314378,1,1,1,450000.0,0.0,750000.0
6028,8497.513381368772,6,0,1,140000.0,0.0,800000.0
6029,688.7628253365825,4,1,1,400000.0,0.0,70000.0
6041,2341.501344690914,5,1,1,310000.0,0.0,335000.0
6049,949.5838434120577,3,1,1,7200.0,0.0,900000.0
6060,897.8346892314378,1,1,1,340000.0,0.0,750000.0
6073,3922.9483782185284,6,1,1,270000.0,0.0,500000.0
6089,3223.604382708034,3,1,1,200000.0,0.0,1900000.0
6126,1278.4983244321725,1,0,1,150000.0,0.0,415000.0
6143,4942.474513256949,7,1,1,3000.0,333000.0,600000.0
6145,2726.959170965149,10,1,1,44000.0,28000.0,350000.0
6146,4942.474513256949,1,1,1,166867.58967740717,0.0,1323285.3316355546
6159,3223.604382708034,3,1,1,40000.0,90000.0,400000.0
6178,897.8346892314378,6,0,1,101499.69276758126,0.0,380000.0
6196,4942.474513256949,1,1,1,370000.0,0.0,1100000.0
6201,897.8346892314378,6,1,1,600000.0,0.0,300000.0
6217,897.8346892314378,6,1,1,300000.0,0.0,400000.0
6234,9577.007435639074,8,1,1,35953.91072198392,36000.0,350000.0
6245,1321.982893522959,2,1,1,325000.0,0.0,280000.0
6249,688.7628253365825,4,0,1,70005.5,0.0,500000.0
6261,897.8346892314378,1,1,1,35000.0,0.0,550000.0
6272,897.8346892314378,1,1,1,150000.0,178018.99184370434,1314504.0104513443
6277,688.7628253365825,5,1,1,151005.5,0.0,700000.0
6288,1278.4983244321725,1,0,1,300005.5,0.0,680000.0
6310,688.7628253365825,4,0,1,100000.0,0.0,455042.8366050585
6318,4942.474513256949,1,1,1,62880.84036920917,0.0,120000.0
6321,4398.058351676,11,1,1,0.0,0.0,140000.0
6323,967.2736886617231,9,1,1,420000.0,0.0,225000.0
6330,4851.619932747694,2,0,1,10000.0,130000.0,165000.0
6335,3306.360982332038,2,0,1,65000.0,0.0,350000.0
6345,3922.9483782185284,1,0,1,216433.3878488192,0.0,1000000.0
6348,4398.058351676,11,1,1,300000.0,0.0,1000000.0
6349,897.8346892314378,1,1,1,160000.0,0.0,900000.0
6357,949.5838434120577,11,1,1,195000.0,138000.0,985000.0
6361,3922.9483782185284,1,0,1,75266.57246560813,0.0,980287.8231085804
6374,8497.513381368772,1,1,1,500005.5,0.0,880000.0
6377,4230.715283026676,6,1,1,450000.0,0.0,800000.0
6386,897.8346892314378,1,1,1,300000.0,0.0,2000000.0
6395,6226.779569658952,2,0,1,228431.28255975858,135000.0,250000.0
6406,897.8346892314378,1,1,1,360000.0,0.0,800000.0
6410,3922.9483782185284,1,1,1,380005.5,0.0,900000.0
6430,949.5838434120577,3,1,1,0.0,0.0,700000.0
6457,897.8346892314378,6,1,1,90005.5,0.0,550000.0
6465,897.8346892314378,1,0,1,250000.0,0.0,1000000.0
6474,3922.9483782185284,7,1,1,460000.0,145000.0,760000.0
6479,6357.119592832336,4,1,1,180000.0,300000.0,850000.0
6482,3653.671297737253,8,0,1,285000.0,0.0,280000.0
6492,4851.619932747694,2,0,1,265000.0,0.0,300000.0
6502,580.936724934376,8,1,1,420000.0,0.0,320000.0
6511,3306.360982332038,2,1,1,85000.0,0.0,400000.0
6524,3922.9483782185284,1,1,1,165000.0,0.0,900000.0
6530,3922.9483782185284,7,1,1,0.0,0.0,850000.0
6536,897.8346892314378,7,0,1,575000.0,0.0,500000.0
6570,4942.474513256949,7,1,1,410000.0,0.0,850000.0
6578,1278.4983244321725,6,1,1,120000.0,0.0,1000000.0
6587,3922.9483782185284,1,1,1,250005.5,0.0,650000.0
6611,1278.4983244321725,1,1,1,130000.0,0.0,800000.0
6623,897.8346892314378,1,1,1,510000.0,0.0,800000.0
6629,2341.501344690914,4,1,1,365000.0,0.0,95000.0
6631,3223.604382708034,3,1,1,400000.0,0.0,984233.1419354319
6638,688.7628253365825,5,1,1,560000.0,0.0,650000.0
6656,1278.4983244321725,1,1,1,50483.47821424982,0.0,496328.2144554321
6673,11913.367002499095,3,1,1,0.0,0.0,60000.0
6678,3306.360982332038,2,1,1,540269.441047127,0.0,450000.0
6697,1278.4983244321725,1,0,1,65005.5,0.0,2000000.0
6712,1278.4983244321725,1,0,1,140000.0,0.0,2000000.0
6713,4942.474513256949,1,1,1,467000.0,34000.0,565000.0
6716,688.7628253365825,4,1,1,135000.0,80000.0,450000.0
6717,4398.058351676,11,1,1,228403.71175199415,0.0,1050972.8762948264
6729,2726.959170965149,10,1,1,5.5,0.0,500000.0
6740,967.2736886617231,2,1,1,228956.19048337472,0.0,2000000.0
6747,4851.619932747694,2,1,1,10005.5,20000.0,300000.0
6759,1278.4983244321725,1,1,1,364129.99857491,0.0,1236948.8193993568
6765,999.5341708562004,5,1,1,224167.81008175734,0.0,470000.0
6801,1278.4983244321725,1,0,1,235000.0,0.0,750000.0
6810,3306.360982332038,2,1,1,0.0,223000.0,410000.0
6823,1278.4983244321725,6,1,1,600000.0,0.0,550000.0
6845,897.8346892314378,1,1,1,270000.0,0.0,999999.0
6852,4851.619932747694,2,1,1,625000.0,0.0,700000.0
6854,3223.604382708034,3,1,1,2000.0,0.0,700000.0
6871,2726.959170965149,10,1,1,0.0,212872.68278568093,225000.0
6873,1666.0411339049424,3,0,1,136321.9231316147,0.0,1600000.0
6878,897.8346892314378,1,0,1,50000.0,0.0,750000.0
6892,9964.177008128749,2,1,1,66000.0,75000.0,349000.0
6900,4230.715283026676,6,0,1,140000.0,0.0,130000.0
6906,4942.474513256949,1,1,1,550000.0,0.0,750000.0
6967,967.2736886617231,2,1,1,300000.0,0.0,950000.0
6983,2341.501344690914,4,1,1,164143.142043235,0.0,448447.0980411888
6987,688.7628253365825,4,1,1,575000.0,0.0,850000.0
6993,1278.4983244321725,6,0,1,249647.32999535062,0.0,425000.0
7002,897.8346892314378,1,1,1,16000.0,200000.0,550000.0
7029,3027.395677984212,4,1,1,580000.0,0.0,224856.62768046034
7036,3922.9483782185284,1,1,1,100000.0,198172.37109992286,750000.0
7057,6226.779569658952,2,0,1,206115.4836405626,0.0,425000.0
7063,1321.982893522959,9,0,1,100000.0,0.0,337000.0
7069,8961.932485320032,10,1,1,100005.5,0.0,600000.0
7078,4942.474513256949,1,1,1,320000.0,0.0,709000.0
7087,4942.474513256949,1,1,1,205000.0,0.0,526265.2188564438
7094,897.8346892314378,1,1,1,313292.01665719895,0.0,925374.652013756
7143,3306.360982332038,2,1,1,240000.0,0.0,350000.0
7147,580.936724934376,8,1,1,218345.31966205293,26000.0,400000.0
7175,1666.0411339049424,11,0,1,200000.0,0.0,700000.0
7179,6226.779569658952,2,1,1,175000.0,0.0,450000.0
7180,3306.360982332038,2,1,1,80000.0,0.0,300000.0
7185,3223.604382708034,3,1,1,150005.5,0.0,1600000.0
7192,3223.604382708034,3,1,1,111000.0,0.0,850000.0
7201,897.8346892314378,1,0,1,201586.01545286604,0.0,1100000.0
7210,3922.9483782185284,6,1,1,120800.05596866498,0.0,380000.0
7246,4398.058351676,3,0,1,297000.0,0.0,960000.0
7287,4398.058351676,3,1,1,580000.0,0.0,975000.0
7291,3922.9483782185284,7,1,1,14000.0,0.0,300000.0
7312,897.8346892314378,1,0,1,220000.0,130000.0,750000.0
7332,967.2736886617231,2,0,1,286000.0,0.0,390000.0
7344,3922.9483782185284,6,0,1,94970.39711616431,58322.25109700426,320000.0
7345,897.8346892314378,1,0,1,78318.46307926395,0.0,304253.7176645875
7363,2341.501344690914,5,0,1,44000.0,0.0,400000.0
7387,1278.4983244321725,1,0,1,160000.0,0.0,400000.0
7390,2726.959170965149,10,1,1,72000.0,0.0,150000.0
7391,6226.779569658952,2,1,1,137000.0,0.0,260000.0
7392,4230.715283026676,1,1,1,120000.0,0.0,400000.0
7393,4230.715283026676,1,1,1,60005.5,0.0,750000.0
7396,897.8346892314378,1,0,1,410000.0,0.0,650000.0
7409,897.8346892314378,6,1,1,63986.438672359815,190000.0,500000.0
7429,3306.360982332038,2,1,1,40005.5,0.0,400000.0
7441,4942.474513256949,6,1,1,460000.0,0.0,400000.0
7449,4230.715283026676,1,0,1,600000.0,0.0,850000.0
7468,999.5341708562004,4,1,1,150000.0,0.0,400000.0
7474,967.2736886617231,2,1,1,485343.0,0.0,260000.0
7488,8497.513381368772,6,1,1,177427.3481447004,0.0,450000.0
7491,897.8346892314378,6,1,1,0.0,0.0,280000.0
7496,897.8346892314378,1,1,1,297115.9327892693,0.0,700000.0
7529,8497.513381368772,7,0,1,0.0,5000.0,490000.0
7532,897.8346892314378,1,1,1,130000.0,300000.0,900000.0
7536,8497.513381368772,1,1,1,165000.0,0.0,1100000.0
7538,897.8346892314378,1,1,1,486007.65105182416,0.0,800000.0
7540,3306.360982332038,2,1,1,164000.0,169000.0,350000.0
7545,1278.4983244321725,1,1,1,90000.0,0.0,650000.0
7558,967.2736886617231,2,1,1,175000.0,36000.0,350000.0
7567,949.5838434120577,3,1,1,200000.0,0.0,930463.0092360841
7589,1278.4983244321725,1,1,1,560000.0,0.0,800000.0
7595,1666.0411339049424,3,1,1,414266.0488175777,0.0,864187.6740216265
7607,2726.959170965149,10,1,1,400000.0,10000.0,450000.0
7621,897.8346892314378,6,1,1,240202.57906546956,0.0,700000.0
7688,4853.275748785212,8,0,1,25000.0,0.0,300000.0
7698,897.8346892314378,1,1,1,126005.5,0.0,1100000.0
7699,8497.513381368772,1,1,1,126005.5,0.0,1100000.0
7730,897.8346892314378,1,1,1,78005.5,550000.0,1800000.0
7766,897.8346892314378,1,1,1,5.5,420000.0,850000.0
7790,897.8346892314378,1,1,1,420000.0,0.0,600000.0
7791,3223.604382708034,3,1,1,190000.0,0.0,950000.0
7815,8497.513381368772,1,1,1,13000.0,0.0,592858.2209125054
7836,897.8346892314378,1,1,1,250000.0,0.0,1400000.0
7852,6357.119592832336,5,1,1,455166.87236687896,0.0,500000.0
7854,2341.501344690914,4,1,1,0.0,0.0,450000.0
7860,999.5341708562004,4,0,1,254000.0,0.0,450000.0
7863,897.8346892314378,1,1,1,283364.1012517704,0.0,1000000.0
7870,3922.9483782185284,1,1,1,230000.0,0.0,400000.0
7873,3084.2107633132296,5,1,1,70000.0,0.0,505000.0
7907,4398.058351676,3,1,1,110000.0,0.0,1200000.0
7908,8497.513381368772,1,0,1,190000.0,0.0,600000.0
7911,897.8346892314378,1,1,1,300005.5,0.0,800000.0
7966,3223.604382708034,3,1,1,63090.8116649891,0.0,160000.0
7979,4851.619932747694,9,0,1,161000.0,151000.0,246600.0
7987,3084.2107633132296,4,1,1,494000.0,0.0,387000.0
7999,1278.4983244321725,1,1,1,100005.5,0.0,947028.84078537
8003,967.2736886617231,2,1,1,307000.0,400000.0,700000.0
8006,897.8346892314378,1,1,1,405000.0,0.0,2000000.0
8008,6357.119592832336,4,1,1,75005.5,0.0,300000.0
8009,3027.395677984212,5,0,1,72524.04233546334,144245.61709477578,380000.0
8033,1321.982893522959,2,0,1,60000.0,0.0,300000.0
8039,967.2736886617231,2,0,1,308269.2618295667,0.0,471949.8571607603
8049,6226.779569658952,2,1,1,133400.0,0.0,540000.0
8051,967.2736886617231,2,1,1,120005.5,0.0,300000.0
8053,999.5341708562004,4,0,1,75000.0,0.0,300000.0
8072,1321.982893522959,2,0,1,430000.0,0.0,450000.0
8077,1666.0411339049424,3,1,1,230000.0,0.0,1500000.0
8099,1666.0411339049424,11,1,1,290766.5276516909,0.0,820136.6903837038
8111,9964.177008128749,2,0,1,436000.0,0.0,400000.0
8122,9468.047129807803,10,1,1,400000.0,0.0,220000.0
8126,4427.977115973115,3,0,1,150000.0,0.0,1000000.0
8127,11913.367002499095,3,1,1,100000.0,0.0,800000.0
8144,897.8346892314378,6,1,1,200005.5,0.0,300000.0
8170,3306.360982332038,2,1,1,229000.0,0.0,500000.0
8174,1666.0411339049424,11,1,1,0.0,256185.63164786552,500000.0
8181,3084.2107633132296,4,1,1,318486.4468086663,0.0,446410.40182468767
8196,580.936724934376,8,1,1,340000.0,0.0,475000.0
8204,688.7628253365825,5,1,1,100000.0,0.0,400000.0
8206,880.8996211331786,8,0,1,81341.51734367521,0.0,172704.37118187366
8224,1666.0411339049424,3,1,1,100005.5,0.0,2000000.0
8226,999.5341708562004,4,1,1,490000.0,0.0,650000.0
8231,3306.360982332038,2,1,1,200000.0,90000.0,325000.0
8232,999.5341708562004,4,0,1,50005.5,0.0,600000.0
8234,3717.1214505199555,8,1,1,420000.0,0.0,450000.0
8249,6357.119592832336,4,1,1,510000.0,0.0,500000.0
8258,1666.0411339049424,3,1,1,204292.79826215553,0.0,1500000.0
8263,1321.982893522959,2,1,1,460000.0,0.0,400000.0
8264,1321.982893522959,2,0,1,174079.33554289973,0.0,719848.5090012352
8270,3084.2107633132296,4,1,1,379980.48754887044,0.0,494257.55371845746
8282,949.5838434120577,3,1,1,380000.0,0.0,900000.0
8287,999.5341708562004,4,1,1,322542.2251771226,0.0,630000.0
8289,999.5341708562004,4,0,1,202500.0,7710.545120314942,375000.0
8290,6226.779569658952,2,1,1,370000.0,0.0,275000.0
8304,967.2736886617231,9,1,1,500000.0,60000.0,500000.0
8305,1666.0411339049424,3,0,1,275000.0,0.0,481100.0832323171
8310,688.7628253365825,4,1,1,200000.0,0.0,600000.0
8318,9964.177008128749,2,1,1,291624.7900635029,0.0,400000.0
8319,1321.982893522959,2,1,1,50005.5,0.0,600000.0
8322,949.5838434120577,3,1,1,60000.0,0.0,2000000.0
8325,880.8996211331786,8,1,1,210000.0,0.0,700000.0
8326,3223.604382708034,3,0,1,365000.0,0.0,700000.0
8333,3306.360982332038,2,1,1,120005.5,0.0,750000.0
8338,999.5341708562004,5,1,1,260000.0,0.0,450000.0
8377,3027.395677984212,4,1,1,70000.0,0.0,350000.0
8390,3027.395677984212,5,0,1,457500.0,0.0,400000.0
8393,11913.367002499095,3,0,1,442000.0,180000.0,1000000.0
8401,967.2736886617231,9,1,1,380000.0,0.0,350000.0
8416,1321.982893522959,2,0,1,150000.0,0.0,500000.0
8417,4427.977115973115,3,1,1,184252.3783104323,0.0,900000.0
8418,949.5838434120577,11,1,1,140005.5,0.0,2000000.0
8420,2341.501344690914,4,1,1,10005.5,456000.0,500000.0
8424,688.7628253365825,4,1,1,30005.5,0.0,220000.0
8430,11913.367002499095,11,1,1,5000.0,0.0,550000.0
8434,688.7628253365825,5,1,1,120000.0,0.0,500000.0
8439,3084.2107633132296,4,1,1,800000.0,0.0,700000.0
8440,2341.501344690914,4,1,1,410000.0,50000.0,400000.0
8460,3306.360982332038,2,0,1,40000.0,60000.0,425000.0
8461,2341.501344690914,5,1,1,270000.0,430000.0,600000.0
8467,9964.177008128749,2,1,1,287152.624946191,0.0,900000.0
8474,688.7628253365825,4,0,1,180000.0,0.0,500000.0
8475,4427.977115973115,3,0,1,280000.0,0.0,550000.0
8486,897.8346892314378,6,1,1,50000.0,200000.0,430000.0
8503,688.7628253365825,4,1,1,70005.5,0.0,800000.0
8504,688.7628253365825,4,1,1,445000.0,0.0,625000.0
8505,999.5341708562004,5,1,1,437812.9577670233,0.0,500000.0
8510,3223.604382708034,3,1,1,220000.0,0.0,850000.0
8513,3306.360982332038,2,1,1,356760.9539582247,0.0,200000.0
8529,3306.360982332038,2,1,1,5.5,5000.0,375000.0
8532,4398.058351676,3,1,1,510000.0,0.0,2000000.0
8538,3027.395677984212,5,0,1,410000.0,0.0,400000.0
8556,1321.982893522959,2,0,1,285000.0,0.0,500000.0
8561,688.7628253365825,5,1,1,425000.0,0.0,300000.0
8574,688.7628253365825,4,1,1,60005.5,0.0,353103.0271617299
8576,3084.2107633132296,5,1,1,525000.0,0.0,600000.0
8612,1321.982893522959,2,1,1,150005.5,0.0,420000.0
8614,1321.982893522959,2,1,1,520000.0,0.0,600000.0
8623,688.7628253365825,4,1,1,195506.17540663306,0.0,543461.1958148391
8637,1666.0411339049424,3,0,1,393000.0,108000.0,1800000.0
8648,3084.2107633132296,4,1,1,50005.5,0.0,600000.0
8649,688.7628253365825,4,1,1,300000.0,0.0,550000.0
8669,9468.047129807803,10,0,1,225000.0,0.0,400000.0
8698,9964.177008128749,9,1,1,460000.0,0.0,375000.0
8718,1321.982893522959,9,1,1,197105.34004262352,0.0,250000.0
8719,2341.501344690914,4,1,1,12500.0,0.0,500000.0
8721,3027.395677984212,5,1,1,560000.0,0.0,360000.0
8734,999.5341708562004,5,0,1,194350.0,0.0,250000.0
8749,999.5341708562004,5,0,1,333802.39306512935,0.0,550554.7779156234
8765,688.7628253365825,4,1,1,60000.0,80000.0,630000.0
8767,2341.501344690914,5,0,1,75005.5,0.0,400000.0
8781,3306.360982332038,9,1,1,270000.0,0.0,225000.0
8783,4427.977115973115,3,1,1,120000.0,19500.0,650000.0
8786,8961.932485320032,10,1,1,28123.051761477676,0.0,307115.8579188101
8790,999.5341708562004,4,0,1,255000.0,0.0,435000.0
8810,688.7628253365825,4,1,1,100005.5,0.0,850000.0
8818,938.1637312456232,10,1,1,61500.0,96984.29393773607,215000.0
8822,999.5341708562004,4,0,1,160000.0,0.0,350000.0
8823,4851.619932747694,2,1,1,157401.48227887636,0.0,600000.0
8832,3027.395677984212,4,1,1,160005.5,0.0,410000.0
8848,6226.779569658952,2,1,1,520000.0,0.0,400000.0
8858,1321.982893522959,9,0,1,175000.0,0.0,265000.0
8862,967.2736886617231,9,1,1,371000.0,0.0,250000.0
8880,9468.047129807803,10,0,1,260000.0,15000.0,250000.0
8901,3306.360982332038,2,1,1,15000.0,180000.0,250000.0
8902,688.7628253365825,5,0,1,30000.0,0.0,375000.0
8911,4427.977115973115,3,0,1,281603.13556003064,0.0,585496.5500418863
8912,3223.604382708034,3,1,1,464197.0807228947,0.0,680000.0
8917,1321.982893522959,9,0,1,80000.0,0.0,275000.0
8942,9964.177008128749,2,1,1,360066.0147474859,0.0,450000.0
8946,688.7628253365825,4,1,1,150005.5,0.0,500000.0
8953,580.936724934376,8,1,1,286000.0,0.0,354000.0
8958,938.1637312456232,10,1,1,253000.0,174419.0,450000.0
8970,9964.177008128749,2,0,1,135000.0,0.0,100000.0
8984,949.5838434120577,3,1,1,42986.128426856856,0.0,1293364.3395264172
8986,3027.395677984212,5,1,1,355000.0,0.0,385000.0
8997,688.7628253365825,4,0,1,21005.5,0.0,400000.0
9062,4851.619932747694,2,1,1,263000.0,0.0,290000.0
9071,3306.360982332038,2,1,1,25000.0,159000.0,220000.0
9115,2341.501344690914,4,0,1,480000.0,0.0,310000.0
9161,3306.360982332038,2,1,1,580000.0,0.0,750000.0
9171,688.7628253365825,4,1,1,220000.0,100000.0,75000.0
9180,1666.0411339049424,3,1,1,72407.13988003427,0.0,1565324.6717893188
9192,11913.367002499095,3,1,1,422764.34516783094,0.0,1697953.9098109175
9193,3084.2107633132296,4,1,1,282941.1098884868,0.0,650000.0
9198,3027.395677984212,5,1,1,80005.5,0.0,685000.0
9217,1666.0411339049424,3,0,1,75005.5,0.0,1500000.0
9232,999.5341708562004,4,1,1,50005.5,300000.0,420000.0
9241,897.8346892314378,1,0,1,0.0,90000.0,250000.0
9242,967.2736886617231,2,1,1,272000.0,0.0,400000.0
9244,897.8346892314378,1,1,1,580000.0,0.0,1000000.0
9246,967.2736886617231,2,0,1,48005.5,30358.0,350000.0
9270,897.8346892314378,1,1,1,0.0,30000.0,550000.0
9291,3922.9483782185284,1,0,1,65005.5,0.0,350000.0
9296,897.8346892314378,6,1,1,330000.0,0.0,1300000.0
9331,3922.9483782185284,1,1,1,300097.5958634919,0.0,1500000.0
9342,3084.2107633132296,5,1,1,45000.0,0.0,375000.0
9353,3223.604382708034,11,1,1,470000.0,0.0,400000.0
9367,3084.2107633132296,5,1,1,87005.5,118000.0,450000.0
9370,8497.513381368772,1,0,1,135000.0,0.0,966748.5813716756
9390,1278.4983244321725,6,1,1,600000.0,0.0,260000.0
9426,688.7628253365825,5,1,1,61224.676831085715,0.0,493877.66912144556
9440,1666.0411339049424,3,1,1,900000.0,0.0,1300000.0
9448,880.8996211331786,8,1,1,155000.0,0.0,340000.0
9450,967.2736886617231,2,0,1,175000.0,0.0,500000.0
9453,3084.2107633132296,5,0,1,105000.0,0.0,590000.0
9460,3084.2107633132296,5,1,1,350000.0,0.0,450000.0
9481,3027.395677984212,5,1,1,25005.5,0.0,1300000.0
9486,2341.501344690914,4,1,1,230000.0,0.0,350000.0
9492,4427.977115973115,3,1,1,590000.0,0.0,1450000.0
9512,2341.501344690914,4,1,1,300005.5,0.0,750000.0
9552,4427.977115973115,3,1,1,260000.0,0.0,2000000.0
9558,3223.604382708034,3,1,1,250000.0,0.0,1300000.0
9560,1666.0411339049424,3,1,1,280000.0,0.0,2000000.0
9564,949.5838434120577,3,1,1,5.5,0.0,1100000.0
9578,688.7628253365825,4,1,1,14162.268969903758,269971.6217472728,400000.0
9616,688.7628253365825,5,0,1,347000.0,0.0,730000.0
9637,3717.1214505199555,8,1,1,66000.0,360000.0,600000.0
9659,580.936724934376,8,1,1,5.5,0.0,500000.0
9684,2341.501344690914,5,1,1,0.0,250000.0,2000000.0
9689,688.7628253365825,4,1,1,100005.5,0.0,500000.0
9713,9964.177008128749,2,1,1,25000.0,0.0,295000.0
9717,4851.619932747694,2,1,1,5.5,0.0,450090.0
9726,3653.671297737253,8,0,1,27000.0,130000.0,250000.0
9735,688.7628253365825,4,0,1,400000.0,0.0,300000.0
9737,4851.619932747694,9,1,1,70000.0,0.0,350000.0
9743,9964.177008128749,2,1,1,104000.0,0.0,200000.0
9779,880.8996211331786,8,1,1,117181.62205469942,0.0,600000.0
9792,1321.982893522959,2,0,1,83000.0,135000.0,250000.0
9798,4851.619932747694,9,1,1,389842.9820803157,0.0,240000.0
9857,6357.119592832336,5,1,1,500000.0,0.0,400000.0
9894,1278.4983244321725,1,1,1,325000.0,0.0,800000.0
9909,3027.395677984212,5,0,1,380000.0,0.0,400000.0
9925,1278.4983244321725,1,1,1,300000.0,0.0,700000.0
9936,4230.715283026676,1,1,1,230000.0,0.0,1000000.0
9939,999.5341708562004,5,0,1,100005.5,0.0,1100000.0
9957,4942.474513256949,1,1,1,325000.0,0.0,700000.0
9961,1278.4983244321725,1,1,1,412849.43294596294,0.0,2000000.0
9985,999.5341708562004,5,0,1,83000.0,0.0,250000.0
10008,880.8996211331786,8,1,1,123194.00902843259,0.0,240000.0
10032,8497.513381368772,1,1,1,363243.7689679468,0.0,1100000.0
10043,1278.4983244321725,7,0,1,120000.0,0.0,800000.0
10066,8497.513381368772,7,0,1,65000.0,0.0,550000.0
10072,4230.715283026676,1,1,1,50000.0,300000.0,1300000.0
10104,1278.4983244321725,1,0,1,275000.0,0.0,1000000.0
10119,9964.177008128749,2,1,1,15000.0,25000.0,300000.0
10120,999.5341708562004,4,1,1,700000.0,0.0,750000.0
10145,1278.4983244321725,6,0,1,400000.0,0.0,600000.0
10169,3027.395677984212,5,1,1,120000.0,313000.0,425000.0
10187,4851.619932747694,9,0,1,100000.0,0.0,250000.0
10209,32181.48483364921,10,0,1,300000.0,0.0,350000.0
10213,3084.2107633132296,5,1,1,229719.65243458998,0.0,400000.0
10214,949.5838434120577,3,1,1,200005.5,0.0,2000000.0
10215,938.1637312456232,10,1,1,865000.0,0.0,480000.0
10224,6357.119592832336,5,1,1,65.0,0.0,350000.0
10229,949.5838434120577,3,0,1,23573.446033019078,360000.0,1400000.0
10240,967.2736886617231,2,1,1,40005.5,0.0,400000.0
10245,3306.360982332038,2,1,1,270000.0,0.0,350000.0
10283,967.2736886617231,2,1,1,390000.0,0.0,550000.0
10290,1666.0411339049424,3,1,1,550000.0,0.0,1200000.0
10302,11913.367002499095,3,0,1,75625.10007080792,0.0,650000.0
10313,967.2736886617231,9,1,1,500005.5,0.0,1500000.0
10316,3717.1214505199555,8,0,1,35000.0,170000.0,240000.0
10326,3717.1214505199555,8,1,1,60000.0,0.0,350000.0
10327,3717.1214505199555,8,0,1,310000.0,0.0,700000.0
10338,2341.501344690914,4,0,1,5000.0,0.0,500000.0
10346,3027.395677984212,5,1,1,253200.8841529385,0.0,1200000.0
10356,580.936724934376,8,1,1,110000.0,0.0,450000.0
10386,580.936724934376,8,1,1,150005.5,0.0,411000.0
10396,1321.982893522959,2,1,1,200000.0,220000.0,300000.0
10399,4398.058351676,3,1,1,250000.0,170000.0,950000.0
10403,4942.474513256949,1,0,1,27525.333246225295,170000.0,500000.0
10404,999.5341708562004,5,0,1,340000.0,30000.0,650000.0
10405,688.7628253365825,5,1,1,620000.0,0.0,450000.0
10407,580.936724934376,8,1,1,66005.5,0.0,750000.0
10409,3084.2107633132296,5,0,1,140000.0,0.0,330000.0
10424,1278.4983244321725,1,0,1,250100.0,0.0,560000.0
10431,897.8346892314378,6,1,1,125000.0,0.0,400000.0
10442,1278.4983244321725,1,1,1,515000.0,0.0,750000.0
10460,4853.275748785212,8,1,1,494187.89938497765,150000.0,400000.0
10462,4942.474513256949,7,1,1,436000.0,0.0,1100000.0
10486,1278.4983244321725,7,0,1,62000.0,0.0,525000.0
10498,897.8346892314378,1,0,1,70000.0,0.0,300000.0
10503,897.8346892314378,1,1,1,315000.0,0.0,1200000.0
10525,4853.275748785212,8,1,1,25562.80459810619,0.0,375000.0
10532,1278.4983244321725,1,0,1,100000.0,100000.0,500000.0
10541,897.8346892314378,1,0,1,169971.22754788748,0.0,715888.5764829018
10551,4942.474513256949,6,0,1,30005.5,0.0,250000.0
10553,3922.9483782185284,1,1,1,324300.40340632363,0.0,300000.0
10556,897.8346892314378,6,1,1,30005.5,0.0,458000.0
10565,1278.4983244321725,7,0,1,150000.0,0.0,300000.0
10577,1278.4983244321725,1,0,1,94005.5,0.0,600000.0
10589,999.5341708562004,5,1,1,520000.0,0.0,500000.0
10594,897.8346892314378,6,1,1,520000.0,0.0,750000.0
10603,4230.715283026676,6,0,1,375000.0,0.0,240000.0
10605,897.8346892314378,7,1,1,330000.0,0.0,700000.0
10648,897.8346892314378,6,0,1,50005.5,0.0,900000.0
10667,4230.715283026676,6,0,1,30005.5,0.0,900000.0
10700,4230.715283026676,1,0,1,20005.5,175000.0,575000.0
10721,4851.619932747694,9,1,1,130000.0,0.0,620000.0
10723,897.8346892314378,1,1,1,250000.0,220000.0,1000000.0
10738,967.2736886617231,9,1,1,155005.5,0.0,325000.0
10740,4851.619932747694,2,0,1,85000.0,179000.0,300000.0
10746,897.8346892314378,6,1,1,120005.5,0.0,900000.0
10791,4230.715283026676,6,1,1,139036.1897503111,0.0,372269.0132421069
10797,897.8346892314378,6,1,1,500000.0,0.0,700000.0
10807,3306.360982332038,2,0,1,100005.5,0.0,320000.0
10812,9964.177008128749,2,0,1,123690.68464739555,99000.0,285000.0
10813,1321.982893522959,9,1,1,233879.57047448267,160000.0,450000.0
10822,1278.4983244321725,1,1,1,293864.06900155084,0.0,680000.0
10826,897.8346892314378,6,1,1,515000.0,0.0,450000.0
10854,4230.715283026676,6,0,1,170000.0,0.0,850000.0
10862,967.2736886617231,9,1,1,300000.0,0.0,200000.0
10872,8497.513381368772,6,1,1,200000.0,0.0,260000.0
10897,897.8346892314378,7,1,1,200000.0,0.0,600000.0
10900,3922.9483782185284,6,1,1,440000.0,0.0,180000.0
10920,1278.4983244321725,6,1,1,5.5,0.0,2000000.0
10927,4230.715283026676,6,0,1,66000.0,0.0,290233.28846801934
10929,967.2736886617231,2,1,1,50005.5,0.0,750000.0
10935,3922.9483782185284,6,1,1,56500.0,0.0,425000.0
10948,9964.177008128749,2,0,1,460000.0,0.0,555000.0
10978,4851.619932747694,2,1,1,245000.0,75000.0,350000.0
10981,1278.4983244321725,6,0,1,180000.0,0.0,350000.0
10997,4942.474513256949,1,1,1,180500.0,0.0,2000000.0
11002,897.8346892314378,6,1,1,520000.0,0.0,390000.0
11007,967.2736886617231,2,1,1,450000.0,0.0,450000.0
11011,4230.715283026676,1,1,1,560000.0,0.0,1000000.0
11012,1278.4983244321725,6,0,1,0.0,0.0,321794.629664247
11016,897.8346892314378,6,1,1,1020.0,31000.0,500000.0
11035,1278.4983244321725,6,1,1,245000.0,0.0,375000.0
11044,4230.715283026676,6,0,1,50000.0,0.0,150230.89891855337
11049,967.2736886617231,9,1,1,575000.0,0.0,430000.0
11067,8497.513381368772,6,1,1,150000.0,0.0,260000.0
11073,897.8346892314378,6,1,1,450000.0,0.0,525000.0
11076,967.2736886617231,9,1,1,255000.0,129000.0,360000.0
11087,1278.4983244321725,1,1,1,340000.0,0.0,1000000.0
11105,967.2736886617231,9,1,1,240000.0,0.0,250000.0
11110,1278.4983244321725,1,0,1,530000.0,0.0,850000.0
11111,4851.619932747694,9,1,1,674786.6652389572,0.0,400000.0
11116,1278.4983244321725,6,0,1,0.0,0.0,225000.0
11139,938.1637312456232,10,1,1,155000.0,0.0,450000.0
11157,1278.4983244321725,6,0,1,200000.0,0.0,400000.0
11164,1278.4983244321725,1,1,1,65000.0,0.0,1000000.0
11182,8497.513381368772,6,0,1,80000.0,0.0,185000.0
11189,1321.982893522959,9,1,1,135000.0,0.0,375000.0
11197,1278.4983244321725,7,1,1,132005.5,0.0,725000.0
11205,8497.513381368772,6,1,1,13612.971119484835,0.0,380000.0
11209,4230.715283026676,6,0,1,20000.0,70000.0,470000.0
11245,4851.619932747694,2,0,1,81170.09100988532,55000.0,120000.0
11255,1321.982893522959,2,1,1,300000.0,0.0,400000.0
11291,1278.4983244321725,1,1,1,450000.0,0.0,1250000.0
11299,999.5341708562004,5,1,1,12500.0,123000.0,175000.0
11321,1278.4983244321725,1,1,1,280000.0,0.0,1100000.0
11332,4230.715283026676,1,0,1,82500.0,0.0,600000.0
11340,8497.513381368772,1,1,1,5.5,0.0,650000.0
11342,688.7628253365825,4,0,1,176972.48490861818,0.0,380000.0
11379,4230.715283026676,7,1,1,200000.0,0.0,650000.0
11395,999.5341708562004,4,0,1,160000.0,0.0,500000.0
11425,999.5341708562004,4,1,1,1000.0,0.0,525000.0
11432,4230.715283026676,1,1,1,450000.0,0.0,950000.0
11441,999.5341708562004,5,1,1,245791.55001309433,0.0,475000.0
11453,1666.0411339049424,3,1,1,398559.88746570586,0.0,938636.2483138934
11464,1666.0411339049424,3,1,1,165607.9616586009,0.0,1600000.0
11472,2341.501344690914,4,1,1,180005.5,0.0,380000.0
11489,949.5838434120577,3,0,1,120005.5,0.0,1000000.0
11492,6357.119592832336,4,0,1,120000.0,0.0,600000.0
11507,2341.501344690914,4,1,1,75000.0,125000.0,725000.0
11512,2341.501344690914,5,1,1,3000.0,0.0,515000.0
11529,688.7628253365825,4,1,1,120005.5,0.0,700000.0
11538,4398.058351676,3,1,1,525000.0,0.0,2000000.0
11555,580.936724934376,8,1,1,510000.0,0.0,300000.0
11557,949.5838434120577,3,1,1,145000.0,0.0,1700000.0
11616,949.5838434120577,3,1,1,65000.0,0.0,839743.2362984349
11626,4851.619932747694,9,0,1,300.0,40000.0,130000.0
11632,3306.360982332038,2,1,1,320000.0,0.0,550000.0
11651,4398.058351676,3,1,1,200005.5,0.0,900000.0
11652,688.7628253365825,4,0,1,400000.0,290000.0,500000.0
11660,6357.119592832336,5,0,1,6000.0,200000.0,355000.0
11681,1666.0411339049424,3,1,1,80005.5,0.0,1500000.0
11719,688.7628253365825,4,1,1,150005.5,0.0,500000.0
11720,949.5838434120577,3,1,1,525000.0,0.0,1200000.0
11727,949.5838434120577,3,0,1,65005.5,0.0,950000.0
11729,688.7628253365825,4,1,1,65005.5,0.0,900000.0
11732,580.936724934376,8,1,1,245005.5,0.0,525000.0
11738,880.8996211331786,8,1,1,520000.0,0.0,450000.0
11762,3717.1214505199555,8,1,1,450000.0,0.0,400000.0
11794,949.5838434120577,3,0,1,371328.8829397982,0.0,1500000.0
11802,949.5838434120577,3,1,1,190000.0,0.0,900000.0
11805,3223.604382708034,11,1,1,548000.0,0.0,900000.0
11853,3027.395677984212,5,1,1,150170.48058208538,0.0,377000.0
11866,3084.2107633132296,4,1,1,530000.0,0.0,600000.0
11879,4851.619932747694,2,0,1,112000.0,4000.0,234000.0
11880,967.2736886617231,9,1,1,450000.0,0.0,650000.0
11917,880.8996211331786,8,0,1,198000.0,0.0,311000.0
11932,4427.977115973115,3,1,1,350005.5,0.0,1200000.0
11938,949.5838434120577,3,1,1,200000.0,0.0,1000000.0
11949,2341.501344690914,4,1,1,20005.5,0.0,475000.0
12011,1666.0411339049424,3,0,1,20000.0,400000.0,560000.0
12028,1666.0411339049424,3,1,1,614802.1543883571,0.0,834241.880193711
12049,2341.501344690914,4,1,1,130005.5,0.0,493000.0
12061,688.7628253365825,4,1,1,40005.5,0.0,1000000.0
12073,3223.604382708034,3,1,1,250000.0,0.0,950000.0
12088,2341.501344690914,5,1,1,130000.0,200000.0,550000.0
12096,688.7628253365825,5,1,1,350000.0,0.0,475000.0
12099,688.7628253365825,5,1,1,90005.5,0.0,700000.0
12133,3027.395677984212,4,1,1,300000.0,300000.0,520000.0
12139,11913.367002499095,3,1,1,320000.0,0.0,1200000.0
12147,688.7628253365825,5,1,1,220000.0,0.0,680000.0
12181,897.8346892314378,1,1,1,700000.0,0.0,1000000.0
12183,8497.513381368772,1,1,1,80005.5,0.0,2000000.0
12223,897.8346892314378,6,0,1,90005.5,0.0,375000.0
12228,1321.982893522959,9,1,1,200000.0,155000.0,400000.0
12236,897.8346892314378,6,1,1,41105.4348880171,0.0,300000.0
12244,4230.715283026676,1,1,1,500000.0,0.0,800000.0
12250,1321.982893522959,9,1,1,256432.2134569711,0.0,280000.0
12256,967.2736886617231,9,1,1,0.0,39000.0,500000.0
12279,897.8346892314378,6,1,1,175005.5,0.0,800000.0
12297,9964.177008128749,2,1,1,430837.3823892437,0.0,300000.0
12300,4851.619932747694,2,1,1,20005.5,0.0,435000.0
12328,1278.4983244321725,1,1,1,500000.0,0.0,1500000.0
12346,897.8346892314378,1,1,1,600000.0,0.0,1500000.0
12347,8497.513381368772,1,1,1,266795.2931094098,0.0,999000.0
12350,2341.501344690914,5,1,1,160005.5,0.0,200000.0
12390,897.8346892314378,6,1,1,630000.0,0.0,650000.0
12399,6226.779569658952,9,1,1,2000.0,0.0,335635.7740182342
12421,4230.715283026676,6,0,1,290643.51469225105,0.0,475000.0
12432,8497.513381368772,1,1,1,189556.0539919357,0.0,433470.6642938295
12463,3084.2107633132296,4,1,1,130000.0,0.0,225000.0
12472,3084.2107633132296,4,1,1,15005.5,0.0,425000.0
12500,4851.619932747694,2,1,1,270000.0,0.0,350000.0
12505,2341.501344690914,4,1,1,250346.8132633124,0.0,1416628.439963767
12529,688.7628253365825,4,1,1,400000.0,190000.0,750000.0
12549,4398.058351676,3,1,1,441452.09238633176,300000.0,2000000.0
12557,949.5838434120577,11,1,1,250000.0,0.0,600000.0
12564,3306.360982332038,9,1,1,310000.0,0.0,400000.0
12647,3084.2107633132296,4,1,1,5.5,0.0,640000.0
12662,2341.501344690914,4,1,1,21552.474915185157,0.0,350000.0
12672,688.7628253365825,5,1,1,423000.0,0.0,425000.0
12683,2341.501344690914,5,1,1,0.0,319000.0,400000.0
12700,3084.2107633132296,5,1,1,100005.5,0.0,340000.0
12725,967.2736886617231,2,1,1,550000.0,0.0,530000.0
12760,967.2736886617231,2,0,1,290332.14943890256,0.0,300000.0
12767,3306.360982332038,2,1,1,22000.0,0.0,325000.0
12794,4427.977115973115,3,1,1,258000.38217610458,0.0,1494679.5595856984
12803,1278.4983244321725,1,0,1,0.0,0.0,1095416.933051536
12825,3306.360982332038,2,1,1,90000.0,0.0,200000.0
12839,3922.9483782185284,1,0,1,123119.74299688387,0.0,700000.0
12861,1278.4983244321725,1,1,1,150000.0,0.0,1000000.0
12871,1278.4983244321725,1,1,1,133109.16955291596,0.0,1005000.0
12880,897.8346892314378,6,1,1,350000.0,0.0,1300000.0
12886,4942.474513256949,7,0,1,465000.0,0.0,650000.0
12913,1278.4983244321725,6,1,1,320704.5563907439,0.0,400000.0
12972,1278.4983244321725,1,0,1,34000.0,580000.0,900000.0
13012,1278.4983244321725,1,1,1,400000.0,0.0,1500000.0
13019,1278.4983244321725,1,1,1,50005.5,0.0,955730.7202737783
13033,1278.4983244321725,1,1,1,430000.0,0.0,500000.0
13042,4851.619932747694,9,1,1,130005.5,0.0,950000.0
13046,1278.4983244321725,1,0,1,155000.0,0.0,480000.0
13049,967.2736886617231,2,1,1,125005.5,0.0,500000.0
13062,4942.474513256949,1,0,1,442971.2004023761,0.0,913534.3734600066
13065,4942.474513256949,1,1,1,430000.0,0.0,900000.0
13081,1321.982893522959,2,1,1,45156.09549144079,0.0,800000.0
13082,967.2736886617231,9,1,1,75000.0,0.0,300000.0
13101,1321.982893522959,2,0,1,125000.0,0.0,275000.0
13109,1321.982893522959,9,1,1,350000.0,0.0,570000.0
13113,967.2736886617231,2,1,1,375000.0,0.0,400000.0
13137,3306.360982332038,2,1,1,225030.0,0.0,350000.0
13138,1321.982893522959,9,1,1,175000.0,0.0,269000.0
13170,3306.360982332038,2,1,1,160000.0,0.0,249000.0
13230,3306.360982332038,2,1,1,425000.0,150000.0,450000.0
13338,3306.360982332038,2,1,1,115005.5,0.0,650000.0
13356,967.2736886617231,2,1,1,455000.0,71850.0,380000.0
13432,967.2736886617231,2,1,1,10000.0,0.0,600000.0
13459,967.2736886617231,2,1,1,125005.5,0.0,400000.0
13534,1321.982893522959,2,0,1,100100.0,37000.0,280000.0
13570,1321.982893522959,2,0,1,230000.0,13000.0,2000000.0
13596,1321.982893522959,9,1,1,220000.0,280000.0,1400000.0
13719,4853.275748785212,8,1,1,459949.1588256886,27000.0,280000.0
13733,8497.513381368772,6,1,1,180000.0,0.0,600000.0
13777,897.8346892314378,7,0,1,55000.0,0.0,525000.0
13795,4942.474513256949,1,1,1,52000.0,0.0,750000.0
13866,4398.058351676,3,0,1,0.0,286703.2858155879,260000.0
13867,999.5341708562004,4,1,1,155000.0,150000.0,300000.0
13896,999.5341708562004,5,0,1,276000.0,0.0,310000.0
13902,8497.513381368772,1,1,1,0.0,0.0,600000.0
13926,1321.982893522959,9,1,1,250000.0,140000.0,575000.0
13930,897.8346892314378,1,1,1,650000.0,0.0,1000000.0
13967,1278.4983244321725,1,0,1,230000.0,0.0,450000.0
13990,1321.982893522959,2,0,1,150000.0,0.0,260000.0
14001,1278.4983244321725,1,0,1,456000.0,0.0,350000.0
14017,1278.4983244321725,1,1,1,168359.2122221727,0.0,900000.0
14024,3922.9483782185284,1,0,1,108329.35747147791,0.0,1291385.1991868024
14027,11913.367002499095,3,1,1,50000.0,0.0,2000000.0
14051,3306.360982332038,9,1,1,175000.0,0.0,300000.0
14085,688.7628253365825,4,1,1,190000.0,0.0,155000.0
14110,3084.2107633132296,4,0,1,0.0,0.0,210000.0
14115,3084.2107633132296,5,1,1,660000.0,0.0,400000.0
14127,4853.275748785212,8,0,1,75000.0,0.0,200000.0
14134,4942.474513256949,6,1,1,233130.4608833752,0.0,250000.0
14147,688.7628253365825,5,1,1,278000.0,0.0,360000.0
14179,4942.474513256949,1,1,1,5000.0,322000.0,600000.0
14188,9964.177008128749,2,1,1,413320.50032920024,0.0,400000.0
14196,999.5341708562004,4,1,1,100000.0,0.0,450000.0
14211,897.8346892314378,1,0,1,700000.0,0.0,500000.0
14219,3084.2107633132296,4,0,1,0.0,208000.0,265000.0
14234,3027.395677984212,4,1,1,150000.0,120000.0,500000.0
14240,1666.0411339049424,3,0,1,315000.0,0.0,550000.0
14261,3922.9483782185284,1,1,1,115000.0,0.0,450000.0
14262,4942.474513256949,7,1,1,500000.0,0.0,550000.0
14317,3306.360982332038,2,1,1,231129.7676674833,0.0,620000.0
14340,6226.779569658952,2,1,1,0.0,0.0,300000.0
14384,4942.474513256949,6,1,1,20000.0,0.0,450000.0
14388,580.936724934376,8,1,1,375000.0,0.0,500000.0
14421,3223.604382708034,11,1,1,279.34180315611593,0.0,1110000.0
14427,6226.779569658952,2,1,1,500000.0,0.0,300000.0
14452,4942.474513256949,7,0,1,150000.0,0.0,225000.0
14456,4851.619932747694,2,0,1,241664.09308449656,140000.0,150000.0
14474,967.2736886617231,9,1,1,84005.5,0.0,375000.0
14476,1321.982893522959,2,1,1,575000.0,0.0,750000.0
14749,3306.360982332038,2,1,1,400000.0,0.0,400000.0
14770,4427.977115973115,3,0,1,348000.0,0.0,380000.0
14777,949.5838434120577,3,1,1,5.5,0.0,1450000.0
14788,1278.4983244321725,1,1,1,200005.5,0.0,2000000.0
14817,949.5838434120577,3,1,1,650000.0,0.0,2000000.0
14820,688.7628253365825,4,1,1,5.5,0.0,2000000.0
14829,3922.9483782185284,1,1,1,175000.0,0.0,950000.0
14834,949.5838434120577,3,1,1,250000.0,0.0,1700000.0
14838,1278.4983244321725,1,1,1,60000.0,300094.3502710191,800000.0
14842,949.5838434120577,3,0,1,200000.0,0.0,700000.0
14860,1278.4983244321725,1,1,1,150005.5,0.0,1200000.0
14862,2341.501344690914,5,1,1,270000.0,0.0,400000.0
14864,949.5838434120577,3,1,1,150005.5,0.0,2000000.0
14921,897.8346892314378,1,1,1,60005.5,0.0,1000000.0
14951,1278.4983244321725,1,0,1,110000.0,0.0,900000.0
14958,580.936724934376,8,1,1,125605.5,0.0,575000.0
14968,897.8346892314378,1,1,1,122027.11020671627,0.0,800000.0
14974,949.5838434120577,3,1,1,100005.5,0.0,2000000.0
14982,4851.619932747694,2,0,1,0.0,90000.0,300000.0
15003,688.7628253365825,4,1,1,70005.5,0.0,1200000.0
15012,3223.604382708034,11,1,1,100005.5,0.0,900000.0
15015,949.5838434120577,3,1,1,350000.0,0.0,1400000.0
15034,897.8346892314378,1,1,1,100005.5,0.0,1300000.0
15056,3223.604382708034,3,1,1,300000.0,420000.0,1500000.0
15066,1278.4983244321725,1,0,1,374939.2659524836,0.0,650000.0
15083,949.5838434120577,3,1,1,275000.0,0.0,950000.0
15087,3223.604382708034,3,1,1,301916.1052501564,0.0,459701.10526864
15102,1666.0411339049424,3,0,1,343000.0,0.0,850000.0
15106,4427.977115973115,3,0,1,100000.0,0.0,425955.32163792575
15108,3223.604382708034,3,1,1,120005.5,0.0,850000.0
15118,4427.977115973115,3,1,1,234239.1822859925,0.0,706322.7054597449
15122,949.5838434120577,3,1,1,534000.0,0.0,1300000.0
15133,4427.977115973115,3,1,1,340000.0,0.0,750000.0
15151,949.5838434120577,3,0,1,120000.0,0.0,775000.0
15156,949.5838434120577,3,0,1,510000.0,200000.0,2000000.0
15186,949.5838434120577,3,1,1,180005.5,0.0,2000000.0
15216,949.5838434120577,11,1,1,12605.5,0.0,590000.0
15237,897.8346892314378,1,1,1,70005.5,0.0,1600000.0
15255,688.7628253365825,4,1,1,250005.5,0.0,900000.0
15266,688.7628253365825,4,1,1,6440.576096324847,180000.0,450000.0
15270,4398.058351676,3,1,1,490668.77651947294,0.0,1600000.0
15273,688.7628253365825,4,1,1,413719.2642396047,0.0,940540.8624818539
15290,688.7628253365825,4,1,1,280000.0,0.0,650000.0
15292,999.5341708562004,5,1,1,500005.5,0.0,2000000.0
15341,897.8346892314378,1,0,1,55000.0,0.0,750000.0
15385,8497.513381368772,1,0,1,20500.0,0.0,1000000.0
15390,897.8346892314378,1,1,1,420000.0,0.0,800000.0
15404,897.8346892314378,7,1,1,300000.0,160000.0,600000.0
15406,688.7628253365825,4,1,1,280000.0,0.0,500000.0
15407,1321.982893522959,2,1,1,172162.9114795895,0.0,2000000.0
15449,3922.9483782185284,1,0,1,210000.0,0.0,950000.0
15452,897.8346892314378,1,1,1,250000.0,0.0,1700000.0
15460,4230.715283026676,1,0,1,525000.0,0.0,1800000.0
15462,3922.9483782185284,1,1,1,500000.0,0.0,1200000.0
15464,4942.474513256949,1,1,1,162000.0,17000.0,750000.0
15469,3922.9483782185284,7,1,1,135556.29752551162,0.0,500000.0
15478,897.8346892314378,1,1,1,75005.5,0.0,1050503.09925446
15488,897.8346892314378,1,1,1,420005.5,0.0,1100000.0
15517,1278.4983244321725,1,1,1,100005.5,0.0,1600000.0
15524,897.8346892314378,7,1,1,140000.0,0.0,1200000.0
15557,1278.4983244321725,1,1,1,110000.0,0.0,750000.0
15561,4230.715283026676,1,1,1,450000.0,0.0,750000.0
15562,897.8346892314378,7,1,1,150005.5,0.0,975000.0
15569,3922.9483782185284,1,1,1,120005.5,0.0,2000000.0
15591,897.8346892314378,6,1,1,150005.5,0.0,635000.0
15605,897.8346892314378,1,1,1,400000.0,0.0,700000.0
15612,999.5341708562004,5,1,1,150005.5,0.0,500000.0
15620,999.5341708562004,4,0,1,420000.0,0.0,390000.0
15626,4230.715283026676,1,0,1,332385.0296320441,0.0,1100843.389295321
15633,1278.4983244321725,1,0,1,85000.0,0.0,950000.0
15636,1278.4983244321725,1,0,1,363123.71552816953,0.0,900000.0
15657,1321.982893522959,2,0,1,330000.0,0.0,900000.0
15658,897.8346892314378,1,1,1,260000.0,315000.0,1000000.0
15660,1278.4983244321725,1,1,1,23424.228412841803,0.0,618766.4613460095
15663,4942.474513256949,1,1,1,260000.0,400000.0,1500000.0
15672,688.7628253365825,5,1,1,530000.0,0.0,1600000.0
15684,688.7628253365825,4,1,1,352455.1261088419,0.0,1000000.0
15697,897.8346892314378,1,1,1,750000.0,0.0,1500000.0
15725,3084.2107633132296,4,1,1,300000.0,0.0,600000.0
15767,949.5838434120577,3,1,1,275000.0,370000.0,1500000.0
15812,4853.275748785212,8,1,1,100005.5,0.0,1250000.0
15833,4942.474513256949,1,0,1,60100.0,40000.0,700000.0
15835,949.5838434120577,3,1,1,500005.5,0.0,1500000.0
15852,1321.982893522959,2,0,1,276000.0,0.0,190000.0
15869,1321.982893522959,2,1,1,360000.0,0.0,1000000.0
15886,897.8346892314378,1,1,1,335000.0,0.0,1500000.0
15901,4230.715283026676,1,1,1,250000.0,0.0,1200000.0
15911,897.8346892314378,1,0,1,60005.5,0.0,1000000.0
15926,3717.1214505199555,8,1,1,220000.0,0.0,450000.0
15928,949.5838434120577,3,0,1,92000.0,70000.0,650000.0
15968,897.8346892314378,1,1,1,130005.5,0.0,2000000.0
15970,897.8346892314378,7,1,1,150005.5,0.0,600000.0
15987,949.5838434120577,3,1,1,313283.85843748256,0.0,900000.0
15989,6357.119592832336,4,1,1,150005.5,0.0,600000.0
16002,897.8346892314378,6,1,1,280000.0,0.0,450000.0
16009,8497.513381368772,1,0,1,216000.0,0.0,425000.0
16035,8497.513381368772,1,1,1,410000.0,240000.0,1300000.0
16052,8497.513381368772,1,1,1,25000.0,0.0,931017.4012363093
16059,1278.4983244321725,1,1,1,60005.5,0.0,1200000.0
16080,1321.982893522959,2,1,1,435857.4738933219,0.0,1000000.0
16144,4853.275748785212,8,1,1,470000.0,0.0,650000.0
16168,1278.4983244321725,1,1,1,82200.0,0.0,680000.0
16172,3084.2107633132296,4,1,1,367108.99312307127,64460.70562103047,495000.0
16179,949.5838434120577,3,1,1,295936.0,0.0,900000.0
16180,949.5838434120577,3,1,1,200005.5,0.0,1400000.0
16186,2341.501344690914,5,1,1,0.0,800000.0,1250000.0
16191,897.8346892314378,7,1,1,81627.81469157782,225000.0,550000.0
16206,3084.2107633132296,4,1,1,211000.0,200000.0,550000.0
16228,580.936724934376,8,1,1,150005.5,0.0,500000.0
16239,580.936724934376,8,1,1,34019.413264850795,50000.0,320000.0
16242,580.936724934376,8,1,1,200005.5,0.0,180000.0
16281,897.8346892314378,1,1,1,100005.5,0.0,1100000.0
16283,580.936724934376,8,1,1,200000.0,0.0,750000.0
16337,949.5838434120577,3,1,1,340005.5,0.0,2000000.0
16349,897.8346892314378,1,1,1,241168.25808643393,0.0,850000.0
16360,897.8346892314378,6,1,1,130005.5,0.0,765000.0
16372,1278.4983244321725,1,1,1,250000.0,0.0,2000000.0
16384,3922.9483782185284,6,1,1,400000.0,195000.0,370000.0
16392,1278.4983244321725,1,1,1,200005.5,0.0,800000.0
16413,1666.0411339049424,3,1,1,575000.0,0.0,1600000.0
16455,967.2736886617231,2,1,1,130005.5,0.0,600000.0
16481,688.7628253365825,5,1,1,460000.0,0.0,500000.0
16507,4398.058351676,3,1,1,0.0,0.0,1500000.0
16514,580.936724934376,8,1,1,91444.81155383635,0.0,445868.08339549403
16564,1278.4983244321725,1,1,1,200005.5,0.0,1600000.0
16590,3922.9483782185284,1,1,1,540000.0,0.0,1600000.0
16598,897.8346892314378,1,1,1,227457.36369336798,0.0,1067086.1202017115
16606,3922.9483782185284,1,1,1,330000.0,0.0,800000.0
16614,3922.9483782185284,1,1,1,489673.5112770909,0.0,847021.1097495034
16644,4230.715283026676,1,1,1,170000.0,0.0,650000.0
16665,897.8346892314378,1,1,1,120000.0,0.0,2000000.0
16679,1278.4983244321725,1,0,1,460000.0,230000.0,1000000.0
16700,1278.4983244321725,1,1,1,320000.0,429000.0,1500000.0
16708,897.8346892314378,1,1,1,125005.5,0.0,950000.0
16710,1278.4983244321725,1,1,1,290000.0,0.0,600000.0
16712,897.8346892314378,1,1,1,5005.5,0.0,700000.0
16724,949.5838434120577,3,0,1,145000.0,0.0,620000.0
16727,897.8346892314378,1,1,1,375000.0,0.0,1200000.0
16730,1278.4983244321725,1,1,1,25005.5,0.0,1300000.0
16749,4942.474513256949,1,1,1,91191.19879112809,0.0,640924.5849073995
16754,897.8346892314378,1,1,1,402305.5,0.0,650000.0
16757,949.5838434120577,3,1,1,100005.5,26000.0,925000.0
16758,897.8346892314378,1,1,1,120005.5,0.0,1300000.0
16782,897.8346892314378,1,1,1,120005.5,0.0,1500000.0
16799,897.8346892314378,1,1,1,500005.5,0.0,1100000.0
16811,3922.9483782185284,1,1,1,31200.0,180000.0,800000.0
16817,897.8346892314378,1,1,1,105832.78281661554,0.0,1200000.0
16827,3223.604382708034,3,1,1,700000.0,200000.0,2000000.0
16832,897.8346892314378,1,1,1,650000.0,0.0,2000000.0
16852,4230.715283026676,1,1,1,737908.1389227891,0.0,676160.9755670849
16855,897.8346892314378,1,1,1,200000.0,0.0,2000000.0
16863,897.8346892314378,7,1,1,116591.42770263889,0.0,529871.533572091
16884,4942.474513256949,7,1,1,135005.5,0.0,450000.0
16887,897.8346892314378,1,1,1,400000.0,0.0,1150000.0
16904,897.8346892314378,1,1,1,60005.5,0.0,750000.0
16905,1278.4983244321725,1,1,1,75005.5,0.0,600000.0
16913,897.8346892314378,1,1,1,50005.5,300000.0,1800000.0
16923,3922.9483782185284,1,0,1,45005.5,0.0,700000.0
16931,1278.4983244321725,1,1,1,594220.7867764448,0.0,999424.4701156428
16960,1321.982893522959,2,1,1,185000.0,0.0,800000.0
16999,949.5838434120577,3,0,1,14505.5,0.0,1200000.0
17025,967.2736886617231,2,1,1,95000.0,0.0,325000.0
17074,967.2736886617231,9,0,1,63005.5,0.0,500000.0
17098,1321.982893522959,2,0,1,50005.5,0.0,500000.0
17145,967.2736886617231,2,1,1,575000.0,0.0,325000.0
17151,967.2736886617231,2,1,1,81000.0,0.0,650000.0
17165,6226.779569658952,2,1,1,206508.69100289707,0.0,875000.0
17185,1321.982893522959,2,0,1,338925.019340268,0.0,200000.0
17192,967.2736886617231,2,1,1,170005.5,0.0,800000.0
17194,967.2736886617231,2,1,1,37459.642273687874,38000.0,300000.0
17219,967.2736886617231,2,1,1,75000.0,90000.0,500000.0
17227,1321.982893522959,2,0,1,61280.227158424255,91424.39126984413,275000.0
17238,1321.982893522959,9,1,1,499727.2156203474,0.0,400000.0
17251,967.2736886617231,2,1,1,567000.0,0.0,450000.0
17260,949.5838434120577,3,1,1,150005.5,0.0,1700000.0
17289,1321.982893522959,2,1,1,130005.5,140000.0,800000.0
17345,1321.982893522959,2,1,1,526000.0,0.0,450000.0
17378,1278.4983244321725,1,0,1,350000.0,0.0,750000.0
17464,4942.474513256949,7,1,1,366000.0,75000.0,450000.0
17468,1278.4983244321725,1,1,1,500005.5,0.0,1000000.0
17527,1278.4983244321725,1,1,1,700000.0,0.0,1500000.0
17540,3922.9483782185284,1,1,1,220000.0,0.0,1400000.0
17541,967.2736886617231,2,1,1,201000.0,400000.0,775000.0
17561,3922.9483782185284,1,0,1,130000.0,0.0,999000.0
17612,897.8346892314378,1,1,1,105000.0,0.0,750000.0
17614,6357.119592832336,5,1,1,341783.3721885816,0.0,262776.5432982453
17632,4427.977115973115,3,1,1,199570.72318805457,0.0,2000000.0
17635,1278.4983244321725,1,0,1,375000.0,0.0,900000.0
17637,967.2736886617231,2,1,1,260000.0,0.0,1500000.0
17640,897.8346892314378,1,1,1,87259.24218500551,0.0,650000.0
17658,897.8346892314378,1,1,1,492730.23085964425,0.0,848521.7684877348
17661,949.5838434120577,3,1,1,500000.0,0.0,650000.0
17668,897.8346892314378,1,1,1,168005.5,0.0,1500000.0
17686,949.5838434120577,3,1,1,45000.0,400000.0,1400000.0
17704,4398.058351676,3,1,1,275000.0,225000.0,975000.0
17713,1278.4983244321725,1,1,1,257202.74865644093,0.0,1700000.0
17774,897.8346892314378,1,1,1,335000.0,0.0,1000000.0
17778,3306.360982332038,2,1,1,176718.6366922376,0.0,180000.0
17784,4942.474513256949,1,1,1,30005.5,0.0,750000.0
17803,3306.360982332038,9,0,1,70000.0,180000.0,900000.0
17824,967.2736886617231,2,1,1,30005.5,35000.0,1200000.0
17856,688.7628253365825,5,1,1,60000.0,0.0,824489.813505895
17886,3922.9483782185284,1,1,1,76831.41956669462,0.0,600000.0
17887,967.2736886617231,2,1,1,20005.5,280000.0,850000.0
17889,4851.619932747694,2,1,1,531552.3457782276,0.0,700000.0
17893,1278.4983244321725,1,1,1,500005.5,0.0,2000000.0
17947,897.8346892314378,7,1,1,470000.0,0.0,890000.0
18002,949.5838434120577,3,0,1,343949.0,0.0,589000.0
18011,6357.119592832336,4,0,1,155000.0,0.0,225000.0
18028,897.8346892314378,1,1,1,650000.0,0.0,1200000.0
18060,3922.9483782185284,1,1,1,535000.0,0.0,975000.0
18063,4851.619932747694,2,0,1,44440.559963566935,75000.0,225000.0
18087,999.5341708562004,5,1,1,425753.3573272466,0.0,650000.0
18121,1278.4983244321725,1,0,1,365000.0,450000.0,2000000.0
18152,999.5341708562004,4,0,1,500000.0,0.0,1400000.0
18160,999.5341708562004,4,1,1,231116.80491826014,0.0,1028130.8422738393
18205,949.5838434120577,3,1,1,600000.0,250000.0,2000000.0
18209,1666.0411339049424,3,1,1,549000.0,0.0,1700000.0
18212,897.8346892314378,7,0,1,325000.0,0.0,750000.0
18241,688.7628253365825,5,1,1,300000.0,0.0,500000.0
18262,9964.177008128749,2,1,1,0.0,350000.0,500000.0
18267,949.5838434120577,3,1,1,350000.0,10000.0,1000000.0
18281,967.2736886617231,2,1,1,194009.6665428747,75000.0,275000.0
18400,897.8346892314378,1,1,1,90000.0,0.0,750000.0
18403,4230.715283026676,1,1,1,375000.0,0.0,956940.5377168575
18503,3922.9483782185284,1,1,1,185903.78079085075,0.0,1250000.0
18604,1321.982893522959,2,0,1,586055.5684165156,0.0,300000.0
18636,949.5838434120577,3,1,1,250000.0,0.0,1400000.0
18667,999.5341708562004,5,1,1,254004.72620453924,0.0,933256.1967623871
18691,1666.0411339049424,3,1,1,130000.0,0.0,400000.0
18718,967.2736886617231,2,0,1,500000.0,0.0,400000.0
18724,897.8346892314378,1,1,1,220000.0,0.0,1600000.0
18743,967.2736886617231,2,0,1,0.0,0.0,411697.8054070844
18745,967.2736886617231,2,0,1,0.0,218000.0,320000.0
18839,4398.058351676,3,1,1,415000.0,0.0,2000000.0
18847,897.8346892314378,1,1,1,231306.77102888277,0.0,773077.8863910297
18848,6226.779569658952,2,1,1,346941.19818124885,0.0,500000.0
18863,3306.360982332038,9,1,1,290000.0,0.0,392000.0
18869,4427.977115973115,3,1,1,484681.732787522,0.0,1250000.0
18890,6226.779569658952,2,1,1,530000.0,0.0,350000.0
18973,1321.982893522959,2,1,1,420000.0,0.0,275000.0
18991,4398.058351676,3,1,1,650000.0,0.0,1400000.0
19083,1278.4983244321725,1,1,1,260000.0,0.0,900000.0
19118,967.2736886617231,2,1,1,395000.0,0.0,275000.0
19122,949.5838434120577,3,1,1,100000.0,0.0,1000000.0
19133,1278.4983244321725,1,0,1,0.0,0.0,450000.0
19222,3306.360982332038,2,1,1,0.0,0.0,239000.0
19223,4851.619932747694,2,1,1,0.0,290000.0,416000.0
19244,1278.4983244321725,1,1,1,100000.0,0.0,2000000.0
19281,4942.474513256949,1,1,1,197390.82900433504,0.0,800000.0
19394,4851.619932747694,2,0,1,265000.0,132000.0,380000.0
19423,1278.4983244321725,1,0,1,92000.0,0.0,1600000.0
19458,4230.715283026676,1,1,1,600000.0,0.0,1000000.0
19475,6226.779569658952,2,1,1,222217.97770361335,35000.0,485000.0
19490,1278.4983244321725,1,0,1,300000.0,0.0,735000.0
19515,3306.360982332038,2,0,1,115000.0,95000.0,190000.0
19527,1666.0411339049424,3,0,1,600000.0,0.0,850000.0
19621,1321.982893522959,2,0,1,5.5,0.0,260000.0
19638,1278.4983244321725,1,1,1,154611.49558569468,0.0,950000.0
19646,9964.177008128749,9,1,1,180000.0,0.0,110000.0
19698,1321.982893522959,2,1,1,155000.0,0.0,700000.0
19732,3084.2107633132296,5,1,1,480000.0,0.0,400000.0
19778,967.2736886617231,2,1,1,361722.7103583166,0.0,375000.0
19833,897.8346892314378,1,0,1,467000.0,0.0,800000.0
19858,4851.619932747694,2,1,1,68000.0,136000.0,235000.0
19894,1321.982893522959,2,0,1,78600.01404475993,0.0,472592.5536551924
19895,4851.619932747694,2,1,1,310000.0,0.0,350000.0
19916,949.5838434120577,3,1,1,480669.67724438896,0.0,2000000.0
19953,3223.604382708034,3,0,1,230888.48365002061,0.0,525000.0
20018,949.5838434120577,3,1,1,200005.5,0.0,2000000.0
20091,6226.779569658952,2,0,1,129000.0,0.0,255000.0
20162,6226.779569658952,2,1,1,38600.0,228000.0,485000.0
20165,3306.360982332038,2,0,1,214652.37937678234,0.0,250000.0
20274,967.2736886617231,2,0,1,500000.0,0.0,400000.0
20307,6226.779569658952,2,1,1,335000.0,0.0,350000.0
20351,1666.0411339049424,3,0,1,7500.0,0.0,850000.0
20396,949.5838434120577,3,1,1,270000.0,0.0,1000000.0
20450,3223.604382708034,3,1,1,487777.3459300032,0.0,1500000.0
20496,967.2736886617231,2,1,1,1000.0,0.0,350000.0
20623,4851.619932747694,2,1,1,375000.0,0.0,317000.0
20626,1321.982893522959,2,1,1,450000.0,0.0,900000.0
20707,1278.4983244321725,1,1,1,2505.5,480000.0,650000.0
20754,4942.474513256949,1,1,1,70030.8118216386,0.0,750000.0
20761,1666.0411339049424,3,1,1,268857.76560636365,0.0,2000000.0
20792,688.7628253365825,5,1,1,400000.0,0.0,550000.0
20824,2341.501344690914,5,1,1,400000.0,0.0,380000.0
20852,3922.9483782185284,1,0,1,324821.138190741,0.0,766957.0635513195
20871,897.8346892314378,1,0,1,170000.0,0.0,450000.0
20909,967.2736886617231,2,1,1,200005.5,0.0,370000.0
20939,949.5838434120577,3,1,1,350000.0,0.0,2000000.0
20966,967.2736886617231,2,1,1,240000.0,0.0,650000.0
20973,3306.360982332038,2,1,1,40005.5,112000.0,450000.0
21019,1666.0411339049424,3,0,1,800000.0,0.0,1000000.0
21075,967.2736886617231,2,1,1,280000.0,0.0,850000.0
21136,580.936724934376,8,1,1,370000.0,0.0,153675.36488904408
21156,3306.360982332038,2,1,1,336923.7163622382,0.0,300000.0
21200,580.936724934376,8,1,1,320000.0,0.0,575000.0
21305,1278.4983244321725,1,1,1,0.0,350000.0,850000.0
21313,1321.982893522959,2,1,1,110000.0,80000.0,435000.0
21321,4230.715283026676,1,0,1,0.0,0.0,450000.0
21332,1278.4983244321725,1,0,1,425000.0,0.0,1200000.0
21487,688.7628253365825,5,1,1,35000.0,0.0,450000.0
21511,897.8346892314378,1,1,1,370000.0,0.0,400000.0
21522,897.8346892314378,7,1,1,65005.5,0.0,950000.0
21528,1278.4983244321725,1,0,1,380000.0,0.0,950000.0
21568,1278.4983244321725,1,1,1,255000.0,0.0,900000.0
21607,688.7628253365825,5,1,1,250005.5,0.0,560000.0
21655,8497.513381368772,1,0,1,85005.5,0.0,700000.0
21694,4230.715283026676,7,0,1,285000.0,0.0,750000.0
21817,1278.4983244321725,1,0,1,95005.5,0.0,2000000.0
21863,1278.4983244321725,1,0,1,65000.0,0.0,150000.0
21894,1321.982893522959,2,1,1,200000.0,0.0,250000.0
21915,4942.474513256949,1,0,1,260000.0,0.0,110000.0
21921,999.5341708562004,5,1,1,320000.0,0.0,400000.0
21945,967.2736886617231,2,1,1,210000.0,148000.0,400000.0
21948,1321.982893522959,9,1,1,225000.0,0.0,600000.0
22005,949.5838434120577,3,1,1,70000.0,40000.0,425000.0
22063,4398.058351676,3,1,1,185005.5,0.0,1500000.0
22077,2341.501344690914,5,1,1,800000.0,0.0,420000.0
22123,949.5838434120577,3,0,1,0.0,25000.0,700000.0
22132,3223.604382708034,3,1,1,550000.0,0.0,1000000.0
22197,967.2736886617231,2,1,1,71915.2833174683,0.0,300000.0
22236,3306.360982332038,2,1,1,62000.0,125000.0,300000.0
22239,4398.058351676,3,0,1,150000.0,0.0,1000000.0
22240,3223.604382708034,3,1,1,65005.5,0.0,1000000.0
22282,3306.360982332038,2,1,1,393637.2699180636,100000.0,375000.0
22291,949.5838434120577,3,1,1,182005.5,0.0,1600000.0
22451,4427.977115973115,3,1,1,20005.5,0.0,1700000.0
22549,4851.619932747694,2,1,1,200000.0,40000.0,450000.0
22553,4851.619932747694,2,0,1,450000.0,0.0,625000.0
22560,967.2736886617231,2,1,1,290000.0,0.0,1000000.0
22634,1278.4983244321725,1,0,1,165000.0,0.0,300000.0
22637,1278.4983244321725,1,1,1,100005.5,0.0,1000000.0
22721,999.5341708562004,5,1,1,480000.0,0.0,650000.0
22753,4851.619932747694,2,1,1,5005.5,0.0,500000.0
22770,4851.619932747694,2,1,1,500000.0,510000.0,864000.0
22776,3306.360982332038,2,1,1,100500.0,180000.0,380000.0
22846,4230.715283026676,1,0,1,460000.0,90000.0,450000.0
22934,1278.4983244321725,1,0,1,365000.0,0.0,1500000.0
23154,1666.0411339049424,3,1,1,400000.0,0.0,1500000.0
23214,897.8346892314378,1,1,1,500005.5,0.0,1200000.0
23215,1278.4983244321725,1,1,1,50000.0,0.0,800000.0
23240,9964.177008128749,2,0,1,100000.0,0.0,240000.0
23243,1321.982893522959,2,1,1,400000.0,0.0,220000.0
23257,1278.4983244321725,1,0,1,73906.83899230364,60000.0,350000.0
23298,3922.9483782185284,1,1,1,680000.0,0.0,800000.0
23359,1278.4983244321725,1,1,1,333406.6719816035,0.0,718446.3667438054
23402,4851.619932747694,2,1,1,94000.0,0.0,325000.0
23415,4230.715283026676,1,1,1,459185.3754398767,0.0,662550.8980924378
23474,3306.360982332038,2,1,1,2005.5,0.0,350000.0
23493,897.8346892314378,1,1,1,620000.0,0.0,800000.0
23500,967.2736886617231,2,1,1,450000.0,200000.0,350000.0
23566,1321.982893522959,2,1,1,189626.30602641695,0.0,500000.0
23599,1666.0411339049424,3,1,1,250000.0,0.0,1300000.0
23612,1666.0411339049424,3,1,1,494394.5320017067,0.0,821504.9776077699
23658,8497.513381368772,1,1,1,160005.5,0.0,2000000.0
23702,967.2736886617231,2,1,1,150005.5,0.0,650000.0
23719,6226.779569658952,2,1,1,0.0,0.0,345000.0
23736,967.2736886617231,2,1,1,75005.5,60000.0,350000.0
23742,967.2736886617231,2,0,1,558000.0,0.0,250000.0
23757,967.2736886617231,2,1,1,140005.5,0.0,525000.0
23800,1278.4983244321725,1,0,1,530000.0,0.0,1000000.0
23801,1278.4983244321725,1,1,1,70000.0,0.0,1500000.0
23805,897.8346892314378,1,1,1,180005.5,0.0,1750000.0
23814,4851.619932747694,2,0,1,160000.0,0.0,700000.0
23871,967.2736886617231,2,0,1,360000.0,0.0,250000.0
23886,9964.177008128749,2,1,1,98000.0,70000.0,290000.0
23894,6357.119592832336,5,1,1,0.0,0.0,800000.0
23950,967.2736886617231,2,1,1,100000.0,230000.0,525000.0
23957,1278.4983244321725,7,0,1,150005.5,0.0,900000.0
23989,897.8346892314378,1,0,1,76005.5,0.0,750000.0
24004,3223.604382708034,3,1,1,200000.0,60000.0,1200000.0
24014,4398.058351676,3,1,1,370000.0,0.0,980000.0
24018,3223.604382708034,3,0,1,85000.0,0.0,1600000.0
24034,4230.715283026676,1,1,1,100005.5,0.0,1200000.0
24063,897.8346892314378,1,0,1,5.5,0.0,850000.0
24089,897.8346892314378,1,0,1,570000.0,0.0,750000.0
24090,999.5341708562004,5,1,1,340000.0,0.0,410000.0
24092,897.8346892314378,1,1,1,230000.0,0.0,750000.0
24116,897.8346892314378,1,1,1,165000.0,0.0,1800000.0
24127,4942.474513256949,1,1,1,510000.0,0.0,700000.0
24131,897.8346892314378,1,1,1,178714.6277838184,0.0,1200000.0
24186,3306.360982332038,2,1,1,825000.0,0.0,450000.0
24223,897.8346892314378,1,1,1,120000.0,395000.0,900000.0
24274,897.8346892314378,7,1,1,500005.5,0.0,1000000.0
24279,3306.360982332038,2,1,1,350000.0,0.0,300000.0
24281,4230.715283026676,1,0,1,81000.0,0.0,360000.0
24404,6226.779569658952,2,1,1,142000.0,0.0,279000.0
24406,4942.474513256949,1,0,1,250000.0,0.0,525000.0
24418,3223.604382708034,3,1,1,0.0,0.0,900000.0
24437,897.8346892314378,1,1,1,565000.0,0.0,725000.0
24443,897.8346892314378,1,1,1,248869.85091538515,0.0,828888.8169119849
24454,6226.779569658952,2,1,1,5.5,0.0,300000.0
24476,4230.715283026676,7,1,1,82475.03627159989,0.0,800000.0
24485,11913.367002499095,3,1,1,168621.4018274667,0.0,1091869.8425078003
24509,1278.4983244321725,1,1,1,419569.5808567075,0.0,1081115.8958088066
24514,3223.604382708034,3,1,1,245000.0,0.0,1000000.0
24530,897.8346892314378,1,1,1,83373.36595433552,0.0,924072.9737913641
24542,949.5838434120577,3,1,1,42005.5,0.0,2000000.0
24614,3223.604382708034,3,0,1,135000.0,0.0,550000.0
24635,4942.474513256949,1,1,1,5.5,0.0,800000.0
24649,3922.9483782185284,7,1,1,40000.0,170000.0,500000.0
24657,3306.360982332038,2,0,1,385000.0,110000.0,350000.0
24679,3922.9483782185284,1,0,1,80000.0,0.0,800000.0
24681,897.8346892314378,1,0,1,495000.0,0.0,200000.0
24684,4230.715283026676,7,0,1,0.0,0.0,672028.0207878312
24818,897.8346892314378,1,1,1,130000.0,0.0,800000.0
24835,6226.779569658952,2,1,1,90000.0,0.0,275000.0
24868,897.8346892314378,1,1,1,515000.0,0.0,800000.0
24879,6226.779569658952,2,1,1,257000.0,0.0,300000.0
24907,897.8346892314378,1,1,1,30005.5,0.0,650000.0
24909,8497.513381368772,7,0,1,85000.0,39000.0,400000.0
24939,4942.474513256949,1,0,1,98505.5,0.0,950000.0
24951,8497.513381368772,1,1,1,315000.0,0.0,750000.0
25051,4230.715283026676,1,0,1,455000.0,72000.0,600000.0
25081,4230.715283026676,1,1,1,269000.0,0.0,450000.0
25088,8497.513381368772,1,0,1,141903.61334157694,0.0,600000.0
25123,897.8346892314378,1,1,1,260000.0,0.0,1000000.0
25166,897.8346892314378,1,1,1,160005.5,0.0,2000000.0
25169,967.2736886617231,2,1,1,150000.0,0.0,1642189.0198273193
25171,1278.4983244321725,1,0,1,360000.0,0.0,875000.0
25175,967.2736886617231,2,1,1,280000.0,80000.0,350000.0
25184,4230.715283026676,1,0,1,80000.0,380000.0,600000.0
25185,9964.177008128749,2,1,1,305000.0,85000.0,350000.0
25193,967.2736886617231,2,1,1,372000.0,0.0,600000.0
25207,897.8346892314378,1,1,1,300000.0,0.0,800000.0
25299,3223.604382708034,3,1,1,540000.0,0.0,500000.0
25313,897.8346892314378,1,1,1,405000.0,0.0,850000.0
25386,1278.4983244321725,1,1,1,100000.0,0.0,800000.0
25390,897.8346892314378,1,1,1,320000.0,0.0,600000.0
25393,897.8346892314378,1,1,1,150005.5,200000.0,1500000.0
25418,8497.513381368772,1,0,1,150000.0,50000.0,850000.0
25422,3306.360982332038,2,1,1,12000.0,0.0,280000.0
25440,897.8346892314378,1,1,1,50005.5,0.0,1000000.0
25463,6226.779569658952,2,1,1,98277.53679656252,0.0,350000.0
25507,3922.9483782185284,1,0,1,260000.0,0.0,1000000.0
25516,4230.715283026676,1,0,1,211020.94099318644,0.0,655040.9919421079
25547,897.8346892314378,1,1,1,500005.5,300000.0,1200000.0
25640,1321.982893522959,2,1,1,165000.0,0.0,400000.0
25708,1666.0411339049424,3,1,1,224825.91443063552,98000.0,450000.0
25730,967.2736886617231,2,1,1,500000.0,0.0,500000.0
25756,949.5838434120577,3,1,1,200005.5,0.0,2000000.0
25786,4942.474513256949,1,0,1,57005.5,130000.0,700000.0
25905,1278.4983244321725,1,1,1,366956.3697827859,0.0,1700000.0
25969,1278.4983244321725,1,1,1,140000.0,0.0,850000.0
25972,4942.474513256949,1,1,1,298238.74295005377,0.0,578219.4268344137
26011,4230.715283026676,1,1,1,401239.88216722733,0.0,1247852.5574623032
26044,897.8346892314378,1,1,1,100005.5,0.0,1200000.0
26186,6226.779569658952,2,1,1,55005.5,0.0,400000.0
26205,9964.177008128749,2,0,1,24892.50737391616,120000.0,380000.0
26211,9964.177008128749,2,1,1,186282.9137592617,0.0,500000.0
26233,1321.982893522959,2,0,1,200000.0,49300.0,360000.0
26248,967.2736886617231,2,1,1,300000.0,0.0,275000.0
26293,967.2736886617231,2,1,1,155500.0,0.0,300000.0
26325,4942.474513256949,1,1,1,303082.0313118966,0.0,1500000.0
26331,3922.9483782185284,1,0,1,0.0,230000.0,500000.0
26357,967.2736886617231,2,1,1,1005.5,0.0,450000.0
26372,1321.982893522959,2,1,1,500005.5,0.0,650000.0
26462,1278.4983244321725,1,1,1,200000.0,0.0,900000.0
26526,1666.0411339049424,3,0,1,153999.8894367686,0.0,750000.0
26532,949.5838434120577,3,1,1,400000.0,0.0,175000.0
26601,8497.513381368772,1,0,1,272929.8394024607,0.0,1600000.0
26704,1278.4983244321725,1,0,1,145000.0,0.0,800000.0
26720,4230.715283026676,1,0,1,0.0,0.0,800000.0
26742,967.2736886617231,2,1,1,620000.0,0.0,600000.0
26871,4851.619932747694,2,0,1,85999.46020306626,0.0,300000.0
26960,897.8346892314378,1,1,1,680000.0,0.0,120000.0
26981,4942.474513256949,1,1,1,180000.0,0.0,850000.0
27011,897.8346892314378,1,1,1,221469.48027460361,0.0,850000.0
27040,897.8346892314378,1,1,1,224185.79442834473,0.0,442892.3383330082
27042,1321.982893522959,2,0,1,500005.5,0.0,650000.0
27061,967.2736886617231,2,1,1,271695.8641108383,0.0,850000.0
27075,3223.604382708034,3,1,1,220000.0,0.0,800000.0
27111,4230.715283026676,1,0,1,75005.5,0.0,1500000.0
27128,1278.4983244321725,1,1,1,361780.03406341124,0.0,900000.0
27151,1321.982893522959,2,1,1,650000.0,0.0,579058.9903823073
27248,3922.9483782185284,1,1,1,500005.5,0.0,1200000.0
27264,897.8346892314378,1,1,1,175000.0,0.0,695000.0
27272,967.2736886617231,2,1,1,90005.5,0.0,750000.0
27301,897.8346892314378,1,0,1,260000.0,0.0,600000.0
27306,967.2736886617231,2,1,1,480000.0,102000.0,1200000.0
27311,9964.177008128749,2,1,1,80000.0,0.0,450000.0
27325,3306.360982332038,2,0,1,269000.0,0.0,275000.0
27335,897.8346892314378,1,1,1,620000.0,0.0,1500000.0
27347,4942.474513256949,1,1,1,260000.0,0.0,1200000.0
27385,8497.513381368772,7,0,1,295000.0,0.0,575000.0
27403,897.8346892314378,1,1,1,200000.0,0.0,700000.0
27404,4230.715283026676,1,0,1,317000.0,0.0,500000.0
27412,3922.9483782185284,1,1,1,200000.0,60000.0,800000.0
27490,3922.9483782185284,1,1,1,200000.0,0.0,650000.0
27510,897.8346892314378,1,1,1,195000.0,0.0,700000.0
27521,3922.9483782185284,1,1,1,140000.0,0.0,900000.0
27541,1666.0411339049424,3,1,1,550000.0,0.0,1200000.0
27553,949.5838434120577,3,1,1,220000.0,350000.0,850000.0
27574,4942.474513256949,7,0,1,530000.0,0.0,320000.0
27578,4230.715283026676,1,1,1,161370.25658611968,72000.0,450000.0
27625,1278.4983244321725,1,0,1,0.0,0.0,600000.0
27695,897.8346892314378,1,1,1,55000.0,0.0,1200000.0
27724,3306.360982332038,2,1,1,150009.0,14000.0,297000.0
27760,949.5838434120577,3,1,1,400000.0,0.0,850000.0
27762,897.8346892314378,1,1,1,175000.0,0.0,875000.0
27771,1278.4983244321725,1,1,1,60005.5,0.0,1000000.0
27799,897.8346892314378,1,1,1,85005.5,0.0,1100000.0
27854,967.2736886617231,2,1,1,458000.0,0.0,600000.0
27876,4942.474513256949,1,1,1,276398.7916794651,0.0,693265.2189844544
27920,3306.360982332038,2,1,1,422203.06755953113,0.0,400000.0
27930,8497.513381368772,1,1,1,122533.78157185455,0.0,900000.0
28011,9964.177008128749,2,1,1,129752.15227827539,0.0,404744.52531532774
28012,3922.9483782185284,1,1,1,315000.0,80000.0,400000.0
28073,967.2736886617231,2,1,1,649280.233020376,0.0,554468.0434989203
28130,1278.4983244321725,1,0,1,259000.0,0.0,500000.0
28159,949.5838434120577,3,1,1,405868.7754692098,0.0,1400000.0
28163,4230.715283026676,1,1,1,25005.5,0.0,1300000.0
28253,1321.982893522959,2,0,1,200000.0,60000.0,1200000.0
28357,3223.604382708034,3,0,1,90000.0,100000.0,330000.0
28391,3922.9483782185284,1,1,1,160005.5,0.0,500000.0
28409,897.8346892314378,1,1,1,180000.0,0.0,600000.0
28424,1278.4983244321725,1,0,1,195000.0,170000.0,650000.0
28446,3223.604382708034,3,0,1,142000.0,113000.0,900000.0
28453,949.5838434120577,3,0,1,120000.0,0.0,549089.7863666923
