respid,mu,zeta
87,0.6218589310103857,1.757984609052628
94,-3.0,3.0
109,-3.0,3.0
127,-1.9780075482694293,0.5607410535334644
159,-0.052356990966113084,2.332670030548471
171,-0.9050083058072266,3.0
222,0.3619998729473916,0.11122484032940001
272,0.14317087053811053,1.317386069860402
346,0.5745397373832422,0.5391564617302692
351,-0.19151120250191114,2.779382600528383
366,-1.0233557936873214,1.1177232382086635
395,0.24967668749133065,0.009801723085795973
406,-1.7817425114748031,2.0088682295443347
415,0.09533436561650684,0.3805029951272953
417,-0.01069214015764993,2.5047208627905353
426,0.14761634920917857,0.012944964369734024
441,0.1720238643544151,0.8407312322323772
442,0.3233816769265251,0.04616472565638041
471,-3.0,3.0
486,0.01713277835125608,0.026202607094275805
496,0.18617779845117682,0.042312328194373285
504,0.014567721847429091,0.0091140079202622
538,2.0190301386465284,2.934261816683892
549,-0.42072301728100114,3.0
561,-1.6140469558485484,0.9438456031604134
577,0.15224577676701262,0.5876735472840015
626,0.18617779845117682,0.042312328194373285
634,-0.019365348615259053,0.5775218876247546
646,0.32370420530818544,0.6650567433205946
652,0.03826054987823283,0.5864226313820459
674,-0.41547059166084593,3.0
687,-1.7459797875593284,0.5461880637013854
697,0.7088840640499116,0.2749288802847368
712,0.4275120482233358,0.3541811069567322
731,-1.7459797875593284,0.5461880637013854
738,0.7992758769508693,0.7886779983505109
751,-0.41547059166084593,3.0
793,1.5044941267357412,1.8293998697784943
795,0.4735476347822686,0.8943364338840583
817,0.4738582872997204,0.0807967260708199
833,-1.6710590555620735,0.7297765536528875
864,1.186992807787739,3.0
881,0.05769113846522713,1.2342481852533376
897,0.09059139186546548,0.40737624174439596
919,-3.0,3.0
940,0.11438784275995317,0.3920545971074055
941,0.5242476304588474,0.7236699286707482
944,0.40842185939296544,0.8199688491705404
950,0.11062382490664358,0.29889084195250526
974,0.18617779845117682,0.042312328194373285
983,0.4738582872997204,0.0807967260708199
985,-1.6140469558485484,0.9438456031604134
990,0.7786404553290343,0.20678510340487116
999,1.0567949341570564,0.32312043367346743
1006,-1.4420036572249875,0.5861020770790358
1011,-1.4389764589917848,1.0310785761906236
1014,0.6487946176926822,1.0838580195073124
1019,0.004830594347042735,0.0010498451467579883
1031,-0.1838915673966427,0.34751948838043256
1033,-0.0808014172048572,2.643449349900862
1035,-0.21825360838307764,1.216664110628784
1041,0.06617687541768054,0.6503309026270399
1047,0.05961980379433637,1.3349194423835562
1048,0.09059139186546548,0.40737624174439596
1066,1.814917378747249,1.8072385396512334
1068,1.4539762219921486,3.0
1078,-1.276791183619632,3.0
1105,0.5806252879504163,1.0744589975257048
1111,0.3233816769265251,0.04616472565638041
1112,0.0886990489822156,0.851927927422273
1114,1.0980232619665782,1.0724091345315936
1119,0.16044665693960772,0.4429974083312902
1145,0.30182979730253223,0.12780859212389403
1149,-1.407251274797425,0.5646114113520408
1169,-3.0,3.0
1179,0.0011224739609688348,0.34571883659399516
1188,0.3844450964622565,0.016851054182121454
1200,0.9474345003252057,0.836652761170411
1209,0.29088952840055754,0.9045869433266833
1211,-0.1838915673966427,0.34751948838043256
1212,0.016071130820658204,0.008071742005232764
1227,0.1887270607663764,0.13879211270429492
1238,0.7041454467710216,1.5958084204502196
1248,-2.7472369994264882,0.8673454179309807
1257,0.11958846332998227,1.9268149545239324
1265,0.18617779845117682,0.042312328194373285
1268,0.016071130820658204,0.008071742005232764
1281,-1.4951248579077376,0.5311226186034657
1290,1.3410478931627963,1.028500257958531
1303,0.4424437975716059,0.1997242356577422
1316,0.07115560375185653,1.3356569671822331
1320,-3.0,3.0
1323,0.7884392198695301,0.2678486619037723
1324,-3.0,3.0
1332,1.3419724030436935,3.0
1355,0.18439781489311666,0.24383560332549753
1364,1.1392948112715493,1.0173925071042953
1370,0.014567721847429091,0.0091140079202622
1374,-3.0,3.0
1389,0.18617779845117682,0.042312328194373285
1404,-1.6140469558485484,0.9438456031604134
1412,0.7832692895469193,1.0706794219950515
1421,0.7198412712785945,1.6108359052965056
1423,0.18617779845117682,0.042312328194373285
1439,-0.12787514649906234,1.632542816088418
1449,0.17259524783056987,0.2326195638382337
1472,1.0712968912682388,1.1357914806976896
1477,0.629195685502518,0.1865306175155617
1506,0.23635482694788335,0.5351794388633739
1540,0.27098456087421774,1.3922176872689465
1591,0.18617779845117682,0.042312328194373285
1592,0.3033942087218247,0.7696140880200122
1660,-3.0,3.0
1685,-0.012171326471793368,1.242471774437884
1719,0.09134956429114412,0.2656719867506289
1761,-0.0026384285410029702,0.7803969135283285
1771,0.2016304072648399,0.033380395951526656
1788,0.18617779845117682,0.042312328194373285
1799,1.1534381007841714,0.3188947961592202
1805,0.29243434053630696,0.035096778464150546
1842,0.24914336872240564,0.7852454615433633
1852,0.07115560375185653,1.3356569671822331
1869,0.11077735430480841,0.174550482077067
1884,0.004830594347042735,0.0010498451467579883
1892,0.601885906965456,0.04563834521275001
1914,0.24487569843397328,0.3746138832790188
1929,0.36537305839298545,0.40640734498620174
1931,-1.186719310720659,0.8747505258353493
1955,0.9058801413003597,1.643872272401438
1967,1.0286822372939088,3.0
1978,0.3167440939719719,0.6115383004017675
2039,0.06269753477050373,0.7691863754931306
2048,-0.24285286716347876,3.0
2049,0.29088952840055754,0.9045869433266833
2061,0.1276838054672264,0.8856096391314061
2086,0.4966381650651515,1.1905494745238652
2089,0.784946564761754,1.566512263357227
2136,0.1541778816020061,0.8077317303008986
2137,-1.6003345886809832e-07,0.232374449153631
2142,0.1230728691895573,1.4812205930352216
2231,0.09634899014088132,0.1893697511867579
2306,0.3233816769265251,0.04616472565638041
2334,0.3233816769265251,0.04616472565638041
2362,0.5916273418187405,0.10190136330319421
2365,0.014567721847429091,0.0091140079202622
2367,-0.005184390198630995,0.7136627814200422
2371,-0.005611496849428471,1.366348672462537
2392,0.014567721847429091,0.0091140079202622
2398,0.014567721847429091,0.0091140079202622
2436,0.18617779845117682,0.042312328194373285
2442,0.33000209764989175,0.033195162660160336
2447,0.5329023401853293,0.4412435432649547
2454,0.030490305373435493,0.4549762212988533
2457,0.0761730768276442,0.4545580321355338
2465,0.3619998729473916,0.11122484032940001
2479,0.3619998729473916,0.11122484032940001
2487,1.6626783180851195,1.4878672684248941
2500,0.18617779845117682,0.042312328194373285
2502,0.2585417017166114,0.030371047715692864
2528,0.7597088131007691,0.1126251205872798
2549,0.3233816769265251,0.04616472565638041
2596,0.039546925069448034,0.9112172547924505
2598,-0.2766501213092872,1.2551496405738847
2611,3.0,2.0509145246873763
2623,-2.2157334776180284,3.0
2636,0.3207520139582146,0.2994241221037355
2659,0.18617779845117682,0.042312328194373285
2676,-0.19527454776449263,0.3192950582795886
2685,0.12312743593723764,0.3838322770514827
2686,-3.0,3.0
2709,-1.256277295162986,0.9175101329492361
2726,0.9320375008314069,0.7276821676702998
2728,0.3033769252545914,0.7693540151192746
2745,0.1720238643544151,0.8407312322323772
2758,0.18617779845117682,0.042312328194373285
2768,0.2016304072648399,0.033380395951526656
2783,0.13903039490628313,0.5767260294087758
2804,0.18617779845117682,0.042312328194373285
2829,0.14761634920917857,0.012944964369734024
2866,0.8316921493912687,0.5483949121318606
2868,0.3326776379970395,0.09755924081591916
2869,0.08700847037999931,0.5723054041475613
2870,0.4041182923990192,1.23210446470855
2874,8.059596833118585e-05,0.6690332055979751
2877,-0.012171326471793368,1.242471774437884
2894,0.004830594347042735,0.0010498451467579883
2923,-1.6334291637646265,1.0885115581022655
2958,-3.0,3.0
3014,0.012107106602291534,0.011155911068597658
3018,-0.6164492599333539,1.2043708134177797
3050,0.11066619450377652,0.752242978608231
3069,-0.057766526551280735,2.140984789721353
3076,1.5699484128495698,0.35496987998191465
3098,-3.0,3.0
3103,0.26026734759183634,0.9237973875976091
3104,0.10663983419209518,0.35770418542193516
3105,0.3233816769265251,0.04616472565638041
3127,-0.025655168333508685,1.9810944691046855
3136,0.6647061077770143,0.08976634553725164
3140,1.3070333391466349,0.5157775302327354
3144,0.3274891628773013,0.9373287310563537
3145,0.11639228224108446,0.5554855672042841
3153,0.09059139186546548,0.40737624174439596
3160,0.24967668749133065,0.009801723085795973
3197,0.11062382490664358,0.29889084195250526
3198,0.19267091829177305,0.751389729067305
3201,-3.0,3.0
3202,0.06973222764500996,1.1797882076968063
3214,-1.7459797875593284,0.5461880637013854
3235,-1.256277295162986,0.9175101329492361
3237,0.18617779845117682,0.042312328194373285
3242,0.3167440939719719,0.6115383004017675
3254,1.231186616242057,1.5871586963510955
3271,0.26243072644330456,0.908755415064355
3274,0.24967668749133065,0.009801723085795973
3319,0.7597979684046491,0.4273796528505246
3326,-1.7459797875593284,0.5461880637013854
3330,0.18617779845117682,0.042312328194373285
3338,1.1105164654226376,2.6200730635368856
3340,0.07692890482116405,0.1516464662875863
3343,-0.17848830112056582,2.8395065027948467
3362,-0.4907770778217644,1.7195602860951693
3365,-0.026614914108354853,2.0945485648048434
3381,2.3560946251032524,3.0
3390,1.1827405551766403,1.0451029560459304
3398,-1.4951248579077376,0.5311226186034657
3405,-1.2340943213421218,0.7068215808805439
3406,-2.6799921938215956,2.3078679787384377
3434,0.3619998729473916,0.11122484032940001
3435,0.5881890270987793,1.3158329797472645
3442,-1.3901162217482246,2.7475667699792643
3446,0.07818354183677054,0.5793518549812804
3452,1.3617342982801461,0.23578651303203657
3457,-0.17848830112056582,2.8395065027948467
3474,0.03826054987823283,0.5864226313820459
3488,0.45900324855443614,0.7075030394102287
3491,0.2052443260291879,0.9468451692044689
3501,0.10058213821044067,0.7381555472768885
3505,0.6154639025873903,0.7955430946793618
3522,1.1377082913767356,1.4181550066319495
3531,0.44641753196103656,0.7802722706935967
3532,0.0716978561654341,0.022152618297282767
3541,-1.1833374478100085,0.7755398957240578
3550,0.33000209764989175,0.033195162660160336
3557,-0.012171326471793368,1.242471774437884
3564,0.928280451433242,0.6032913621542243
3572,0.012107106602291534,0.011155911068597658
3586,1.0096001797213199,1.126929132601288
3587,0.7306098359348864,2.687798860648323
3601,-0.10990141074428754,1.0135707570179178
3631,-3.0,3.0
3633,2.0298319570865404,1.0072396108202875
3642,0.7536909355842966,0.3630077941300787
3656,0.5822670171518335,0.3553674488793331
3663,0.24967668749133065,0.009801723085795973
3680,0.027384549570951152,0.5883351912152861
3692,-0.6776482589592172,3.0
3695,0.24967668749133065,0.009801723085795973
3698,-1.9780075482694293,0.5607410535334644
3699,0.988946553029863,1.3753350447673602
3715,-1.6140469558485484,0.9438456031604134
3721,-2.7472369994264882,0.8673454179309807
3729,0.18617779845117682,0.042312328194373285
3750,0.14117538428777435,0.35218915595195
3751,1.4131200628928626,1.5321526086037593
3771,1.0580839161432052,1.0627671799803136
3777,0.11066619450377652,0.752242978608231
3785,1.4011824563002875,3.0
3795,-0.17998602166886563,1.8518191148111915
3802,0.1696371264162722,0.060321530659776225
3807,0.6788546187671969,1.0581422869131527
3822,1.532150185368853,0.31821893500226045
3826,0.2604202404728452,0.46011538583037553
3899,0.06429473331731465,2.2275604689708763
3908,0.3233816769265251,0.04616472565638041
3910,-3.0,3.0
3914,0.17594324619643775,0.6513485707849438
3924,0.373123556957106,0.794716513246532
3926,0.05275620926707856,0.9130739830229755
3930,1.3944016820781997,1.8293180830519065
3931,-1.6003345886809832e-07,0.232374449153631
3935,0.12349793700762143,0.0835190084052269
3944,0.7103700328083122,0.17993419801016952
3961,0.11647449124697125,0.36556518046515146
3975,-0.04755722657527738,1.7189818196128226
3983,0.11414457325576989,0.40795217760895724
3996,1.3516374395332498,1.940827079782249
4003,0.18594670202012986,0.1589968991128025
4035,0.6684999336243165,1.395098624438982
4036,0.04884911605031545,1.2635211009789287
4060,1.411997836137924,1.5862562979805284
4074,-0.020492613081993353,1.7927206387191845
4078,0.4738582872997204,0.0807967260708199
4085,0.2016304072648399,0.033380395951526656
4096,0.19375056511798291,0.1533552484600932
4111,-3.0,3.0
4113,0.15669098723015987,0.4517686897402147
4132,0.33000209764989175,0.033195162660160336
4134,-0.8756761840118942,1.3922544191190858
4139,0.7884390633982059,0.25858170192994595
4177,1.1038409515248844,2.038175063032964
4182,-0.012171326471793368,1.242471774437884
4191,0.8169097956401248,0.8583816606129452
4205,0.32093195439894695,0.2643861937497327
4210,0.26419156599458354,0.6033136483765169
4212,-0.02790777952688753,2.073714379187717
4221,0.1651234246485111,0.010881067508140996
4231,0.2674376889677272,1.4798515082837727
4232,0.5715210492591498,1.4569900484303717
4249,1.0517494441854112,2.723516742647006
4252,0.26403890921204176,1.053283456105056
4264,-3.0,3.0
4270,0.07900973047667498,0.4439842573610261
4272,-0.41899354605851485,2.887450088932167
4273,-3.0,3.0
4279,0.020090062264490567,0.6592920487670643
4292,0.1230728691895573,1.4812205930352216
4309,-0.043133536945684815,2.8580453890438173
4334,0.9513038059101,2.007108070101368
4352,0.26047724240227876,0.9310138699312398
4369,0.17264556661454633,0.3262662583140009
4389,-0.6147429811760632,1.6889804069663306
4392,2.166309188492731,0.7574938584388339
4394,0.08700847037999931,0.5723054041475613
4412,0.6991170727067799,1.0344119507666547
4503,-1.8253877671968497,1.05461310041721
4537,0.3768560978843259,0.015562238875567694
4542,0.2016304072648399,0.033380395951526656
4547,0.0717531284929376,0.8710221519435374
4551,-0.1784577615685456,1.1038397418840982
4585,1.5044941267357412,1.8293998697784943
4587,0.1230728691895573,1.4812205930352216
4589,0.06681863875900249,0.03200472270521321
4620,0.18617779845117682,0.042312328194373285
4622,-3.0,3.0
4654,0.9139117153215887,0.5956698180545946
4670,1.1851843220424763,2.928616336157695
4673,0.09134956429114412,0.2656719867506289
4697,0.3711135598162799,0.03062369740485077
4701,0.45583953860664805,0.20883120711861913
4722,0.019131112661949376,1.6745477946019656
4727,0.29416801261622355,0.47357708083443995
4736,0.08763698157840759,0.28173130962499043
4738,0.33000209764989175,0.033195162660160336
4746,1.2009881030799565,2.6056409282404567
4775,1.4259063325018178,0.7182592361049216
4815,0.3233816769265251,0.04616472565638041
4816,0.19565639367134346,0.1806819929700006
4826,0.2582589954979528,0.7055231212520519
4868,0.7014261789042301,1.0807216270215025
4893,0.3711135598162799,0.03062369740485077
4901,0.4558396245449885,0.19795189979431213
4904,1.0836543148371054,0.5565741047117155
4919,0.043418169311454285,0.08519977403381344
4922,0.4153771434239213,0.18160056593458215
4932,1.0395127261534598,1.7772921636253836
4936,-1.3436300891178836,1.9856421679614322
4943,0.012107106602291534,0.011155911068597658
4945,0.171506019415546,0.01016488623832601
4957,0.19466001785084353,0.3163035974084311
4968,2.6265378238131474,3.0
4970,-0.0036301978594095448,2.627489835537369
4984,0.12468673103667138,0.1593162811489524
4991,-3.0,3.0
4995,0.2016304072648399,0.033380395951526656
4998,0.059734640667095724,0.5413888647506836
5000,-0.08605082582824598,0.7286937560289652
5015,0.4881772445546805,0.7654569387091862
5041,-0.5955921252228877,3.0
5104,-1.064152840013886,0.7914838652599492
5105,0.24967668749133065,0.009801723085795973
5110,0.04678557817726995,0.6616072171206192
5130,-1.7459797875593284,0.5461880637013854
5141,2.0298319570865404,1.0072396108202875
5155,-0.01657243093568117,1.0421673198225954
5156,0.6160169296616933,1.475064983351847
5164,-0.005010144302981845,2.6459394711730955
5231,0.4738582872997204,0.0807967260708199
5236,0.3619998729473916,0.11122484032940001
5262,0.7530138372105943,2.0837049426554874
5267,0.08700847037999931,0.5723054041475613
5281,-1.2050914269551807,3.0
5291,0.11388012226231285,0.5103895805039086
5317,1.0943735675264283,1.3269729854890242
5321,-0.03768869413711629,1.4616228285614374
5322,-3.0,3.0
5344,0.06786725709625704,1.1104839028307063
5351,0.18617779845117682,0.042312328194373285
5353,-0.663782656701596,3.0
5354,-3.0,3.0
5356,-0.31979654843508726,0.4708534732526727
5366,0.24967668749133065,0.009801723085795973
5372,-0.12236477114798365,3.0
5392,0.46616630464925407,0.7499905595223854
5404,0.3233816769265251,0.04616472565638041
5407,-0.5712471025771424,3.0
5430,0.33000209764989175,0.033195162660160336
5433,0.5459511578592401,3.0
5438,0.5937818501965758,1.7053051395526646
5454,0.5344950443217403,0.5502935461563373
5479,0.2016304072648399,0.033380395951526656
5495,0.7660755862166544,0.35281755728471126
5503,-1.4420036572249875,0.5861020770790358
5513,0.06535556396282101,1.4540651599971275
5526,0.292560664564652,0.9226559806163036
5529,0.11087713501940734,1.154736567579712
5541,0.1230728691895573,1.4812205930352216
5557,-0.7853498284870476,2.2552547264086646
5564,1.118335742452778,1.6980910652183827
5568,-0.65849835545846,3.0
5572,0.4340236410142148,1.0178032409770028
5610,0.0716978561654341,0.022152618297282767
5612,-0.012171326471793368,1.242471774437884
5631,-0.026224540462540226,2.156143490170869
5663,0.9608996021983293,0.2274064131746224
5676,0.18617779845117682,0.042312328194373285
5693,0.9347778945266724,0.6856592576072998
5703,0.3326776379970395,0.09755924081591916
5707,-1.7459797875593284,0.5461880637013854
5743,0.1859789272524861,0.30496498393946203
5772,-0.8222749119287203,3.0
5795,1.921896715643575,2.833366451956189
5797,0.1902684930093089,0.3091847068992773
5857,1.0687858746741905,0.06217484554586272
5885,-1.2809572838433454,3.0
5933,0.5031359433548247,1.003176116341036
5941,0.05319745384755458,0.5954783392499616
5943,0.18617779845117682,0.042312328194373285
5949,1.1229498694753361,0.19972314939016972
5951,-1.692750368580587,0.9408538528470721
5956,0.5466018247685147,0.3560732254905113
5961,0.19711094195734902,0.3724935333693216
5968,0.4510766137427609,0.5766001089294203
6001,0.7597088131007691,0.1126251205872798
6010,0.4939530073358048,0.23048249230297146
6012,0.9466210716278011,1.1477214337484551
6028,-0.29995259235129285,3.0
6029,0.0767157262490882,0.07068864900334552
6041,0.24967668749133065,0.009801723085795973
6049,0.11159214815776362,0.4905775176156657
6060,0.34515216791457176,0.7519411806557282
6073,1.4059740848178937,0.48610017525226373
6089,-0.6006155341553755,3.0
6126,0.2716931475764215,0.03663770401743347
6143,-0.4936875088247923,3.0
6145,-1.7234273102135134,3.0
6146,-1.4603303584969596,3.0
6159,1.1083913876149711,1.4602577333649518
6178,0.5762979448072115,1.3873329218411883
6196,0.18617779845117682,0.042312328194373285
6201,0.3150041608103145,0.327078559351186
6217,1.2679484275757231,2.2268190723873134
6234,0.17759255530727627,0.2903841775908713
6245,0.20794341555277326,0.672877962523994
6249,-0.016583289892272375,0.6510653598943048
6261,0.4605376937878537,0.8586604161735708
6272,1.0493107006155682,1.629698420729718
6277,0.08560020235594813,0.3514974741971347
6288,0.08804352293311309,0.39554812223743385
6310,1.0762462063615512,0.5235017686768924
6318,-3.0,3.0
6321,0.6562206110886187,0.5840222477607413
6323,0.31495142126170084,0.2297013565209981
6330,-1.484499497408536,3.0
6335,-1.6003345886809832e-07,0.232374449153631
6345,0.06445450023980215,0.46577510649747833
6348,0.016071130820658204,0.008071742005232764
6349,0.19098162911416236,0.2663570896914429
6357,0.016071130820658204,0.008071742005232764
6361,-1.6108813936391604,3.0
6374,-0.04755722657527738,1.7189818196128226
6377,0.19138487419172598,0.7362932987408124
6386,0.1959079216362923,0.1792735464192508
6395,0.13666060455826248,0.49237135867922555
6406,0.07115560375185653,1.3356569671822331
6410,1.1364872169650537,1.2169366867065863
6430,1.0075364460859335,0.4109942858904086
6457,0.5745256747689291,0.4847818798471304
6465,0.18617779845117682,0.042312328194373285
6474,0.2016304072648399,0.033380395951526656
6479,-0.2766501213092872,1.2551496405738847
6482,0.05961980379433637,1.3349194423835562
6492,0.1230728691895573,1.4812205930352216
6502,0.5341492550158174,0.5427412897583853
6511,0.10968347900727173,0.7262806201495613
6524,-1.1848116979199563,0.6812328545246714
6530,-1.3723614057389946,0.8831202030792207
6536,0.2016304072648399,0.033380395951526656
6570,0.6160169296616933,1.475064983351847
6578,-0.7630563029369158,2.9336114901930435
6587,0.18617779845117682,0.042312328194373285
6611,-0.8577457429582832,3.0
6623,0.18617779845117682,0.042312328194373285
6629,0.1501910884949683,0.2753708835084527
6631,2.166309188492731,0.7574938584388339
6638,0.11077735430480841,0.174550482077067
6656,0.629195685502518,0.1865306175155617
6673,-1.4420036572249875,0.5861020770790358
6678,1.7577169917330833,2.1286429128630036
6697,0.312277114604765,1.2768599506544414
6712,-3.0,3.0
6713,-0.011480576859605277,1.4417653217123427
6716,0.03932661047558876,0.05517861072231227
6717,0.016071130820658204,0.008071742005232764
6729,3.0,1.251056658064768
6740,-3.0,3.0
6747,0.16827804208834227,1.130881285867744
6759,-1.185516115355231,3.0
6765,0.11223040198049693,0.36704642974842355
6801,-0.007888307540907092,1.187377902586855
6810,0.3233816769265251,0.04616472565638041
6823,0.0716978561654341,0.022152618297282767
6845,1.1163052179286446,1.4696663993097439
6852,0.3233816769265251,0.04616472565638041
6854,0.0717531284929376,0.8710221519435374
6871,-1.5481580334789764e-08,0.3003467426139618
6873,0.014567721847429091,0.0091140079202622
6878,0.019131112661949376,1.6745477946019656
6892,-3.0,3.0
6900,-0.043133536945684815,2.8580453890438173
6906,0.18617779845117682,0.042312328194373285
6967,0.3233816769265251,0.04616472565638041
6983,-1.4951248579077376,0.5311226186034657
6987,0.8492114346730263,0.9013899393553332
6993,1.1473863099595598,0.34993032846896804
7002,0.9119191085723972,0.6686085300947098
7029,0.5622481138249353,0.030122432951050042
7036,0.08361006474083449,1.0195107566572676
7057,0.1230728691895573,1.4812205930352216
7063,-3.0,3.0
7069,-3.0,3.0
7078,0.556521408797663,1.349788342528246
7087,-1.7459797875593284,0.5461880637013854
7094,-1.0699803955713885,0.8551814963368556
7143,1.2197974299584509,2.25146102551494
7147,1.2438966042082338,1.279093438071067
7175,0.7597088131007691,0.1126251205872798
7179,0.40880729133478344,0.5934807503221564
7180,1.255775571782265,1.3680971090817624
7185,0.3451159103708398,0.8264138533501414
7192,-1.2895765987417998,0.6274987786561644
7201,0.48449572246290035,0.9244468950941468
7210,0.06430000281938396,0.8459829430866909
7246,-1.4420036572249875,0.5861020770790358
7287,0.5738307262555977,0.9057783517008433
7291,0.2016304072648399,0.033380395951526656
7312,0.18617779845117682,0.042312328194373285
7332,0.7644034897537527,0.22976450329331236
7344,0.3123109962981107,0.34006797359322183
7345,-0.8372357545624622,2.60958238625759
7363,0.11077735430480841,0.174550482077067
7387,0.04884911605031545,1.2635211009789287
7390,-0.008369224013382227,2.2961530433532915
7391,-0.10332786539210584,2.167647349223852
7392,0.32598021608271227,0.10368392625761486
7393,0.3400623323836381,1.1864878156510619
7396,-1.1848116979199563,0.6812328545246714
7409,0.15216159491574097,0.5871159810389036
7429,1.0424893038773506,1.5030117204144302
7441,-0.07992261361808803,2.4797981426562075
7449,0.5861213546977252,0.7026351721710924
7468,-2.1047100228495053,2.117177867740566
7474,-0.8981039798548237,3.0
7488,0.06430000281938396,0.8459829430866909
7491,0.07692890482116405,0.1516464662875863
7496,0.9315248185503547,1.037723334377614
7529,0.27935477683123194,0.8719829941903737
7532,0.18617779845117682,0.042312328194373285
7536,1.0493107006155682,1.629698420729718
7538,0.6301095776208633,2.9461130143322065
7540,0.3216646145762846,0.33826166280336606
7545,-1.0440993877385383,3.0
7558,0.8168486861837867,0.9199178124715753
7567,1.2199775191514293,1.5850725773529295
7589,0.6906634086126596,1.5966022614333197
7595,0.601885906965456,0.04563834521275001
7607,0.26401370168609994,0.7414594267460133
7621,1.5325553945307615,0.9645563677407469
7688,1.2521164072188118,0.4205348154275135
7698,0.19250068236859133,0.10439548917916297
7699,0.19250068236859133,0.10439548917916297
7730,0.6850960313717871,1.6958107149548634
7766,-0.006357030844547128,1.7362439304284034
7790,0.5789708222073798,1.6806297424172598
7791,0.014567721847429091,0.0091140079202622
7815,-3.0,3.0
7836,0.14761634920917857,0.012944964369734024
7852,0.13842032257967754,0.2680311037278078
7854,0.4406595210672064,0.15634902731556075
7860,0.10278728255584131,0.6031413477669378
7863,0.629195685502518,0.1865306175155617
7870,0.18617779845117682,0.042312328194373285
7873,0.1392547148715466,0.2186890688172759
7907,0.014567721847429091,0.0091140079202622
7908,0.14761634920917857,0.012944964369734024
7911,0.6284555264492407,1.4561605368458264
7966,-0.17577356918286782,1.809690066185026
7979,-3.0,3.0
7987,0.10278728255584131,0.6031413477669378
7999,0.29088952840055754,0.9045869433266833
8003,1.7577169917330833,2.1286429128630036
8006,0.23709180258341075,0.8604728357286269
8008,0.10278728255584131,0.6031413477669378
8009,0.35974576428307015,0.15899743978165537
8033,0.5916273418187405,0.10190136330319421
8039,0.3233816769265251,0.04616472565638041
8049,0.5862755569583826,1.0487522766888875
8051,1.5219133067200084,2.063961937055043
8053,-1.4951248579077376,0.5311226186034657
8072,0.3233816769265251,0.04616472565638041
8077,-0.9936220906650981,3.0
8099,1.8798248388393417,2.8938115390067614
8111,-1.6140469558485484,0.9438456031604134
8122,0.1975023125172619,1.3266495383677084
8126,-1.4420036572249875,0.5861020770790358
8127,0.394813508103654,0.8544942476963341
8144,0.538625707173097,1.2439127470890115
8170,1.1931498034698476,0.2690008447308998
8174,2.421567034788167,0.5989525851129448
8181,0.055265229450443785,0.26481513267952594
8196,1.2847245998667798,1.6634250216493103
8204,0.24967668749133065,0.009801723085795973
8206,-0.018977416860410393,1.0742232900427258
8224,0.02886276868632818,0.05501904440836005
8226,1.0687858746741905,0.06217484554586272
8231,0.5916273418187405,0.10190136330319421
8232,0.37319444084886444,0.06169288268367252
8234,0.8713804418655231,0.9944058193923467
8249,0.24462326435015727,0.07795512795594745
8258,0.921786585676223,0.5240469434412437
8263,0.40880729133478344,0.5934807503221564
8264,1.1931498034698476,0.2690008447308998
8270,0.004830594347042735,0.0010498451467579883
8282,-0.33623982584111023,2.355114250816424
8287,-0.050350291980789844,0.8217163060692223
8289,-1.4951248579077376,0.5311226186034657
8290,1.2510525029957336,1.9166882095836462
8304,0.5839794203711076,0.3163024040507054
8305,0.014567721847429091,0.0091140079202622
8310,0.9939381404705714,0.8452563029358575
8318,0.15669098723015987,0.4517686897402147
8319,0.19711094195734902,0.3724935333693216
8322,-0.12323479900651495,1.7234298615909953
8325,1.722481319677897,2.8859072087121977
8326,0.037330069860677696,0.9310520951015888
8333,2.586668806310405,2.9014781318739775
8338,1.1669084914138719,0.9137830830157843
8377,0.004830594347042735,0.0010498451467579883
8390,0.04678557817726995,0.6616072171206192
8393,-0.38078835283098217,2.4862546207702363
8401,0.7347037907281,0.17447389647600342
8416,0.3233816769265251,0.04616472565638041
8417,0.014567721847429091,0.0091140079202622
8418,-1.280573241900362,0.768960850310707
8420,-3.0,3.0
8424,1.5213785386058754,1.744820761408196
8430,0.3768560978843259,0.015562238875567694
8434,0.41805760244147866,0.1439194923072041
8439,0.6374906189124232,0.09769201413768516
8440,0.004830594347042735,0.0010498451467579883
8460,-0.5164456064571847,1.4626643768923544
8461,0.24967668749133065,0.009801723085795973
8467,0.17723827594229552,0.5123006244282851
8474,-1.4951248579077376,0.5311226186034657
8475,0.08405683635778652,0.029132258360297536
8486,0.7316792570580455,0.28943544568105944
8503,0.004830594347042735,0.0010498451467579883
8504,-1.2087755563649858,1.1779462614479426
8505,0.24967668749133065,0.009801723085795973
8510,0.7049672244587092,0.674593826555257
8513,1.611199832039625,1.1508085415612983
8529,0.33387556602476104,0.03888677436425585
8532,0.08017621982562945,0.3953800429767835
8538,0.09089520716497397,0.4780703793094396
8556,0.15669098723015987,0.4517686897402147
8561,0.9893238634213667,1.219344530887302
8574,0.10737352665910817,0.50384246792507
8576,0.02931497149080206,0.00965183722817764
8612,1.1103340995136763,0.8986170139668315
8614,0.37963161980489174,0.5934801711915578
8623,0.34140781466604875,0.24166590757641268
8637,0.23833280143153202,0.349019190708662
8648,0.41712697020497375,0.027729753168170758
8649,0.1308569172721921,0.1839607301796822
8669,0.7222169999009098,2.435143429376166
8698,0.17503530624271657,0.43502548559720355
8718,0.33000209764989175,0.033195162660160336
8719,0.6303605906546055,0.29169829899830285
8721,0.24967668749133065,0.009801723085795973
8734,0.8432167109079733,0.9564219539177187
8749,0.24967668749133065,0.009801723085795973
8765,0.004830594347042735,0.0010498451467579883
8767,1.6296367299381105,1.1598541529773487
8781,0.1545291903814181,0.6568932753193831
8783,-1.403255171009576,2.72550722003465
8786,0.7883767296943501,1.7236247768266355
8790,-0.3787271522801535,1.3066082614309382
8810,0.030237341189886552,0.03445109397996223
8818,0.3619998729473916,0.11122484032940001
8822,0.004830594347042735,0.0010498451467579883
8823,0.3233816769265251,0.04616472565638041
8832,0.0033134790990334653,0.6778666622934737
8848,0.4063080179322397,1.378978671703091
8858,0.4474247712574964,0.9366496980579497
8862,0.33000209764989175,0.033195162660160336
8880,0.7326453011120616,0.4664505338249022
8901,-3.0,3.0
8902,0.24967668749133065,0.009801723085795973
8911,-1.4420036572249875,0.5861020770790358
8912,0.33244367422319254,0.36667884958978186
8917,0.49655065893874567,0.8496461944465593
8942,0.33387556602476104,0.03888677436425585
8946,-0.10517012926026326,0.9489907170481054
8953,0.537876100927933,0.6500720872088567
8958,-0.4833132501405813,3.0
8970,0.1230728691895573,1.4812205930352216
8984,-3.0,3.0
8986,0.11896816812463859,0.43693860206425783
8997,0.03932661047558876,0.05517861072231227
9062,-3.0,3.0
9071,-3.0,3.0
9115,-0.5659215342587592,1.8042467505222706
9161,0.3233816769265251,0.04616472565638041
9171,0.004830594347042735,0.0010498451467579883
9180,0.014567721847429091,0.0091140079202622
9192,0.038580307692803434,0.38243049452900363
9193,0.14053240254902902,0.46050374078965167
9198,0.668123532593825,0.4636715461076098
9217,0.014567721847429091,0.0091140079202622
9232,0.14785693626590582,0.26317093513943063
9241,-1.3114840835009847,0.7096537520343537
9242,-1.6140469558485484,0.9438456031604134
9244,0.07433408039496904,1.1157369698915738
9246,1.7736891858638784,0.7131192768737479
9270,2.0298319570865404,1.0072396108202875
9291,0.13983844900679746,2.5918486847202034
9296,0.1720238643544151,0.8407312322323772
9331,-1.5066787034140456,3.0
9342,-0.14792475099521918,0.7632317865047534
9353,0.046566029337465946,0.37034553355732164
9367,-2.988027088494621,3.0
9370,0.20127419322009069,0.07853606997322223
9390,1.1608145787252167,1.4184942284561053
9426,-1.407251274797425,0.5646114113520408
9440,0.9134592524080615,1.0720568369337293
9448,0.06751149603552388,0.36727916624013696
9450,-0.2787159314395162,3.0
9453,0.24967668749133065,0.009801723085795973
9460,0.9433121395611977,0.7289451651984087
9481,0.11062384125194918,0.17413365298634728
9486,-3.0,3.0
9492,-8.550888514859442e-08,0.13535597032857768
9512,0.030237341189886552,0.03445109397996223
9552,0.6621771110746163,1.056757060796136
9558,0.022687954233798293,0.06585521778386219
9560,0.014567721847429091,0.0091140079202622
9564,0.014567721847429091,0.0091140079202622
9578,0.07620498236930395,0.4123327388522079
9616,0.4510652596060075,0.2689456201512374
9637,0.29243434053630696,0.035096778464150546
9659,0.43801439618238724,0.04705585555214164
9684,0.11062382490664358,0.29889084195250526
9689,0.109404240984555,0.725915687141022
9713,0.5765729824941659,1.2480080968729579
9717,0.6849126679304895,0.19564066124538348
9726,-0.11346678686341719,1.8168299131381618
9735,0.1308569172721921,0.1839607301796822
9737,0.19466001785084353,0.3163035974084311
9743,-1.6140469558485484,0.9438456031604134
9779,-1.4737374799975378,0.9266321434845449
9792,0.3252041765503162,0.0718444005014763
9798,0.33000209764989175,0.033195162660160336
9857,0.24967668749133065,0.009801723085795973
9894,0.9315248185503547,1.037723334377614
9909,-3.0,3.0
9925,0.18617779845117682,0.042312328194373285
9936,-1.2340943213421218,0.7068215808805439
9939,0.1113232487675929,0.2220566189545884
9957,0.10236031123216045,0.5827739268157254
9961,-1.7459797875593284,0.5461880637013854
9985,-1.407251274797425,0.5646114113520408
10008,0.2805980663077597,0.12195754527521029
10032,0.14761634920917857,0.012944964369734024
10043,0.11639228224108446,0.5554855672042841
10066,-0.7110328068599376,3.0
10072,0.8545427414646457,1.1325480965489754
10104,0.40842185939296544,0.8199688491705404
10119,-1.3378119685297194,3.0
10120,0.7810225576320781,0.6848752952449169
10145,1.2853926442425245,2.5597804425449033
10169,0.09089520716497397,0.4780703793094396
10187,0.40372696617402376,0.5039550592120985
10209,0.5283975013386165,0.29652195662814695
10213,0.24967668749133065,0.009801723085795973
10214,-1.4420036572249875,0.5861020770790358
10215,3.0,1.251056658064768
10224,-0.7640025706179759,1.1808912325744245
10229,-0.7194618803231534,1.3626604345980509
10240,0.7614113712195365,0.25836978134625
10245,0.3233816769265251,0.04616472565638041
10283,-0.05245676359776269,1.957611426393643
10290,0.038580307692803434,0.38243049452900363
10302,0.038581704114219205,1.0069814147361764
10313,0.7786406906292225,0.20988087203955377
10316,0.14101861306992308,0.35151139820617033
10326,-0.07412695708261881,1.4861423757006176
10327,0.7103703129890704,0.19110187900413295
10338,1.0687858746741905,0.06217484554586272
10346,0.3151976273585998,0.3450905733555129
10356,0.41557960647859854,0.03388973863963732
10386,0.7103702358988156,0.20505052616648908
10396,-0.7187026670883767,2.267126044578412
10399,0.3209318411269899,0.2643867494937314
10403,-0.13408742831381565,3.0
10404,0.1392547148715466,0.2186890688172759
10405,0.2914216807582661,0.34319158936545835
10407,-0.13261745018502524,1.8028806133565265
10409,0.04678567482349937,0.251268122752555
10424,0.629195685502518,0.1865306175155617
10431,0.8271939249494203,3.0
10442,-2.00382947938682e-08,0.2232227545174898
10460,0.13276091013075006,0.7894799059564287
10462,0.09943671509416371,1.1098509092285338
10486,0.10461788126600494,0.6342749379577958
10498,0.12308095453878794,0.03644630646085345
10503,0.18437823591201546,0.24394712509219216
10525,0.003577733693771987,1.297731626657079
10532,0.18617779845117682,0.042312328194373285
10541,0.32598021608271227,0.10368392625761486
10551,0.9318100460495115,2.916881385073477
10553,1.5302118395868736,1.7720929334610487
10556,0.11841594662501875,0.45620951067989046
10565,0.0023442865329887444,1.6337450106916902
10577,0.07173010840147262,1.1026289362865243
10589,-0.4077045727133482,1.547272315547842
10594,0.30872966937665225,0.4693876935684773
10603,1.448536494202932,2.7354318103988384
10605,0.6145547796560169,1.4545680747124654
10648,1.3109101180223721,0.9188592251183222
10667,1.1473863099595598,0.34993032846896804
10700,1.0493107006155682,1.629698420729718
10721,-1.4458204662511451,0.9232140268629598
10723,-2.00382947938682e-08,0.2232227545174898
10738,1.708905413114601,2.866792272161844
10740,-0.4901414172619162,2.03083303576638
10746,0.49591812054160017,1.1084790015813681
10791,-2.7472369994264882,0.8673454179309807
10797,0.10730434105442134,0.09720150706396898
10807,1.343781345897339,0.34320605561603906
10812,-1.4431561593988065,2.8852798526168213
10813,0.33000209764989175,0.033195162660160336
10822,0.18617779845117682,0.042312328194373285
10826,1.5654995373141123,1.49708824085824
10854,-3.0,3.0
10862,0.4445744039590692,0.8699293346776747
10872,0.0716978561654341,0.022152618297282767
10897,0.2016304072648399,0.033380395951526656
10900,0.0716978561654341,0.022152618297282767
10920,0.11958846332998227,1.9268149545239324
10927,-0.1404018281748412,0.4392382883926071
10929,2.8183235185194446,2.782121488210075
10935,-0.12236477114798365,3.0
10948,0.3233816769265251,0.04616472565638041
10978,-0.04438529382331324,2.1970184218589477
10981,0.5610649262998546,0.4504238516285675
10997,1.0493107006155682,1.629698420729718
11002,0.4134845625135007,0.8950248988699044
11007,1.0480909907415947,1.7442221279826844
11011,0.18617779845117682,0.042312328194373285
11012,0.0716978561654341,0.022152618297282767
11016,-0.1169636758839727,0.9844353741323645
11035,0.16665245156092276,1.4304984017500086
11044,-2.7472369994264882,0.8673454179309807
11049,0.33000209764989175,0.033195162660160336
11067,0.5507806906543512,0.4244028572654175
11073,-0.07992261361808803,2.4797981426562075
11076,1.4748725282256083,1.2049700035240625
11087,0.8521958459487523,0.26696797476244644
11105,0.9055709590538413,1.5045845290838387
11110,0.11319736319663931,0.6255471520786932
11111,0.33000209764989175,0.033195162660160336
11116,-2.7472369994264882,0.8673454179309807
11139,-0.0022758099979097893,2.245212658087177
11157,0.11958846332998227,1.9268149545239324
11164,-1.7459797875593284,0.5461880637013854
11182,-0.6527126688157867,3.0
11189,-0.3740814522497751,1.1719616906002186
11197,0.323731669522387,0.6655695656242104
11205,0.19023717435342677,0.9024219371134283
11209,-1.878321016296515,3.0
11245,-0.7988677661474004,1.501038670914852
11255,-1.6140469558485484,0.9438456031604134
11291,0.3418797136052514,0.3358889597850911
11299,2.511910962900265,0.433552192460273
11321,0.7052288344303698,2.0301911289404773
11332,1.0493107006155682,1.629698420729718
11340,0.18617779845117682,0.042312328194373285
11342,1.2709958879285175,0.840464576202763
11379,0.2016304072648399,0.033380395951526656
11395,0.8113267971573644,0.753018551930624
11425,0.13067656916962295,0.3150056305820655
11432,0.18617779845117682,0.042312328194373285
11441,0.0011224739609688348,0.34571883659399516
11453,-3.0,3.0
11464,1.1549879243460106,1.1680976577545197
11472,0.004830594347042735,0.0010498451467579883
11489,0.014567721847429091,0.0091140079202622
11492,0.004830594347042735,0.0010498451467579883
11507,0.004830594347042735,0.0010498451467579883
11512,0.2458201680634965,0.05171590348274792
11529,-0.2578099400839264,1.2822554723887838
11538,0.014567721847429091,0.0091140079202622
11555,0.5137904602934313,0.48624562902739177
11557,0.601885906965456,0.04563834521275001
11616,0.7769167910176746,0.8534686021950637
11626,0.12154237313698386,1.2577755038796576
11632,0.3233816769265251,0.04616472565638041
11651,-3.0,3.0
11652,2.8899951474555876,0.43381058743602524
11660,-0.43238741503268563,0.6780344183018092
11681,0.3612822166941057,0.46173805398429224
11719,-0.009182546588984293,0.7840263507515155
11720,1.193753275515526,1.741678799879453
11727,0.038580307692803434,0.38243049452900363
11729,0.49139152704446754,0.24169432055494183
11732,-0.27164460316505995,2.3989970032611265
11738,0.8939700797763576,1.0618004368886278
11762,0.29243434053630696,0.035096778464150546
11794,0.11414457325576989,0.40795217760895724
11802,0.07495602924243952,0.7276339837462735
11805,0.20528340061147762,0.08593049763189392
11853,-0.3182556056028852,1.0240332206915737
11866,0.004830594347042735,0.0010498451467579883
11879,-0.4398365587263778,1.8873299456659678
11880,0.1545291903814181,0.6568932753193831
11917,0.41557960647859854,0.03388973863963732
11932,-2.264137051894919,3.0
11938,0.2252695298159643,0.4317686122608755
11949,0.3844450964622565,0.016851054182121454
12011,0.32093157866482847,0.2643834269151218
12028,1.1078332626503649,1.900829564676633
12049,0.021887448958211146,0.02016786061831095
12061,0.6835084069514752,0.9470448973162284
12073,-0.0021765115592131475,1.1877942837922362
12088,0.45266995834400625,0.4823484020555825
12096,0.3711135598162799,0.03062369740485077
12099,0.6441637782689607,0.021666194879654488
12133,-0.0038398085079996824,0.3365542981701816
12139,0.014567721847429091,0.0091140079202622
12147,0.3532630466705262,0.2929753256720982
12181,0.559159231188848,1.1502376866609982
12183,0.665179796688713,1.6834132213661703
12223,1.0195749775672107,1.6657853138684124
12228,0.5839794203711076,0.3163024040507054
12236,1.268911992030669,2.704900594682126
12244,0.23635508259602292,0.5351786365428329
12250,0.19466001785084353,0.3163035974084311
12256,0.4359144886977244,0.02555600392868908
12279,0.0716978561654341,0.022152618297282767
12297,0.1564745194648319,0.45069116445058116
12300,1.1931498034698476,0.2690008447308998
12328,0.10155289538096414,2.4093772365070216
12346,0.5057775821908652,2.2376769595714436
12347,0.5736544592874335,1.2281914574005526
12350,-1.2048971893265161,2.1503878043002125
12390,0.1392848207399606,3.0
12399,0.31833322114956025,0.11534688472851207
12421,0.12968351675572484,0.4996480332156673
12432,-1.7459797875593284,0.5461880637013854
12463,0.10278728255584131,0.6031413477669378
12472,0.02417741819649484,0.0008745439322829229
12500,0.5969876785504716,0.8338827652451669
12505,-0.15148238309509687,0.13958275862479497
12529,-3.0,3.0
12549,0.15379293743799682,0.01864598328101369
12557,0.11010412505189415,0.2566539240132654
12564,-0.006150012701580552,1.4882950044133016
12647,-0.03492595171466702,0.7634488773645387
12662,0.004830594347042735,0.0010498451467579883
12672,-0.04083683758400905,0.827200840184035
12683,0.030336222702112583,0.031330502387130275
12700,0.08700847037999931,0.5723054041475613
12725,0.4735244912223446,0.8941367938827326
12760,-1.6140469558485484,0.9438456031604134
12767,0.11552941881535245,0.5368745102151299
12794,0.07781188657899261,0.22587407233450776
12803,0.18617779845117682,0.042312328194373285
12825,0.08449372781205017,1.4012092825165159
12839,0.18617779845117682,0.042312328194373285
12861,0.09059139186546548,0.40737624174439596
12871,0.18617779845117682,0.042312328194373285
12880,0.19151873591219806,0.48455735923798127
12886,0.2016304072648399,0.033380395951526656
12913,0.19151873591219806,0.48455735923798127
12972,-0.012171326471793368,1.242471774437884
13012,0.18617779845117682,0.042312328194373285
13019,0.988946553029863,1.3753350447673602
13033,0.14761634920917857,0.012944964369734024
13042,1.1728654503748699,1.310980532737842
13046,-0.0033454514493961953,0.7612131445890098
13049,0.9146829378267404,2.690133361859244
13062,-1.7459797875593284,0.5461880637013854
13065,0.37970646790281654,0.8329911082520736
13081,0.4469923441072001,0.7846931902017091
13082,0.17417350388730105,0.3501410106244582
13101,-3.0,3.0
13109,0.33000209764989175,0.033195162660160336
13113,0.17723827594229552,0.5123006244282851
13137,-0.20490069976911493,2.667069873299907
13138,-1.0742850012573772,2.794194773632991
13170,1.1931498034698476,0.2690008447308998
13230,-1.048582830570671,3.0
13338,0.19141292201370683,0.8342274614495983
13356,0.06931274660131849,0.0448248316203709
13432,0.3233816769265251,0.04616472565638041
13459,0.3233816769265251,0.04616472565638041
13534,0.40880729133478344,0.5934807503221564
13570,0.591329215726538,0.37249273226691554
13596,-0.5022911469735759,2.6858039505499316
13719,0.41557960647859854,0.03388973863963732
13733,0.5758357283515169,0.9023795251181915
13777,0.15206774458778483,2.093270839348944
13795,-3.0,3.0
13866,-0.3958355638059919,2.1213609781650695
13867,0.004830594347042735,0.0010498451467579883
13896,-0.26788871618034427,0.5333804019768476
13902,0.4161333678193638,0.1782056577823389
13926,0.33000209764989175,0.033195162660160336
13930,0.1980630499976891,0.0685638911405324
13967,0.07900994264997141,0.443982707478717
13990,0.3233816769265251,0.04616472565638041
14001,0.07115560375185653,1.3356569671822331
14017,0.38966337016365965,0.47664632448119576
14024,-1.7459797875593284,0.5461880637013854
14027,-1.292059607490199,3.0
14051,0.33000209764989175,0.033195162660160336
14085,-0.6156011660152851,0.9690446120904282
14110,-1.4951248579077376,0.5311226186034657
14115,0.1393531253359946,0.14391987577648246
14127,0.29243434053630696,0.035096778464150546
14134,0.11225226881435214,0.6983924322976731
14147,0.11062384125194918,0.17413365298634728
14179,-2.834854388439042,3.0
14188,-3.0,3.0
14196,0.004830594347042735,0.0010498451467579883
14211,0.9729280055907651,1.849963798360585
14219,-0.03704592167556356,0.8945762450969021
14234,0.3844450964622565,0.016851054182121454
14240,0.0717531284929376,0.8710221519435374
14261,-1.0699803955713885,0.8551814963368556
14262,0.6778110768543405,1.7808018386246611
14317,0.3233816769265251,0.04616472565638041
14340,0.16364870364928352,0.06693378774358988
14384,1.7236690063652509,0.7378445418132069
14388,1.4306140659191748,3.0
14421,-0.013974866759363222,0.9105192431349819
14427,0.3233816769265251,0.04616472565638041
14452,0.0539205252516944,0.993764704115063
14456,0.3233816769265251,0.04616472565638041
14474,-1.1035479530056937,3.0
14476,0.6010734010535373,1.3997222325734195
14749,-0.05626570575949544,1.5029574911059862
14770,0.02886276868632818,0.05501904440836005
14777,2.166309188492731,0.7574938584388339
14788,0.869829506879518,1.649634397066723
14817,0.82624980509347,0.4895157417222109
14820,0.4510766137427609,0.5766001089294203
14829,1.1088950336242442,2.5869468640762125
14834,0.3448260360179593,0.33292160056767955
14838,0.869829506879518,1.649634397066723
14842,-3.0,3.0
14860,0.3418797136052514,0.3358889597850911
14862,-0.07831008947204617,0.9878793209850981
14864,0.014567721847429091,0.0091140079202622
14921,0.4526094815854757,1.3349501312065024
14951,0.9116793324149002,0.19570650083872276
14958,1.0958606318915214,1.013237128184998
14968,-1.7459797875593284,0.5461880637013854
14974,-8.550888514859442e-08,0.13535597032857768
14982,1.3192683408817705,0.48879148120228766
15003,0.13067656916962295,0.3150056305820655
15012,1.1098840468516893,0.422241487388098
15015,-0.06159029675647759,0.1787744151309123
15034,0.3033769252545914,0.7693540151192746
15056,-0.00946908660340408,0.7872707326609707
15066,0.2729176874195966,0.7965547245457051
15083,0.9393186124141978,0.676747491852577
15087,-0.5439258459603913,1.5381770261502656
15102,0.00938541448752083,0.017890691995335804
15106,1.046059807955163,1.8439962982504214
15108,0.30522693659115036,0.4959637213600837
15118,0.038580307692803434,0.38243049452900363
15122,-0.012273807193149982,0.8102830161736405
15133,0.04925807471226167,0.8240038115221809
15151,0.45965399558035724,0.14106358751737927
15156,1.1488290171730073,0.6635095834766461
15186,0.0051587453802329,0.7514544450614541
15216,1.3378039275515194,1.41402592996067
15237,0.5875708577265706,2.9848999010154027
15255,0.6175521434196999,0.092094935233516
15266,0.05527061261564055,0.6972771247319475
15270,-0.8440184015684463,1.701508575092616
15273,0.13067656916962295,0.3150056305820655
15290,-1.4951248579077376,0.5311226186034657
15292,-1.14790053261686,1.9270392249083672
15341,-0.5955921252228877,3.0
15385,0.18617779845117682,0.042312328194373285
15390,0.5788383342395859,1.4660181058804644
15404,0.5584394462792419,1.1778062146703676
15406,0.03932661047558876,0.05517861072231227
15407,0.3233816769265251,0.04616472565638041
15449,0.6279943906419089,1.9282836091280318
15452,0.11388012226231285,0.5103895805039086
15460,0.5002334928609504,0.8609245298680369
15462,0.26026734759183634,0.9237973875976091
15464,1.044801043803805,1.905175191426032
15469,0.3495037777903669,0.5554866032476077
15478,0.44953030418092066,2.9669312852595926
15488,0.9315248185503547,1.037723334377614
15517,0.1859780406316532,0.30497041806978487
15524,0.3097830105528357,0.7102162286739458
15557,-0.012171326471793368,1.242471774437884
15561,0.002294897792838944,1.5011257873597321
15562,0.3303068421813362,2.0516744686629695
15569,0.0667941219474251,0.4841183883625615
15591,0.13139349862373031,0.8357800414002784
15605,1.0493107006155682,1.629698420729718
15612,0.14701201487604212,0.2599875481049438
15620,0.10278728255584131,0.6031413477669378
15626,0.18617779845117682,0.042312328194373285
15633,0.1599791459384041,1.1844407943839645
15636,0.18617779845117682,0.042312328194373285
15657,1.0729346561533217,0.9478540623744863
15658,1.0493107006155682,1.629698420729718
15660,0.1831176964872544,0.07274642255429094
15663,2.0298319570865404,1.0072396108202875
15672,1.389721487923817,0.5214255374972815
15684,0.004830594347042735,0.0010498451467579883
15697,0.9315248185503547,1.037723334377614
15725,0.004830594347042735,0.0010498451467579883
15767,-0.025874202763223976,1.29199482832579
15812,0.4218521969663266,0.03721899934643096
15833,0.4558396739466156,0.20069485524354608
15835,-1.4420036572249875,0.5861020770790358
15852,-0.8318036674046025,3.0
15869,0.19141292201370683,0.8342274614495983
15886,-1.3114840835009847,0.7096537520343537
15901,0.11396004352267906,0.2617009111896972
15911,0.9150558290853149,2.3200319514932457
15926,0.29243434053630696,0.035096778464150546
15928,0.8169427766058492,1.2726847613505943
15968,0.07879218956417094,0.44196241665848573
15970,0.06826767343612467,0.5268916172131997
15987,0.459515660554623,0.8466469712729574
15989,-0.03704592167556356,0.8945762450969021
16002,1.3210825271187296,0.534022092296732
16009,-0.28963585691700067,2.187345784970136
16035,0.18617779845117682,0.042312328194373285
16052,-1.186719310720659,0.8747505258353493
16059,0.7710422694453576,1.3757021561939362
16080,-1.6140469558485484,0.9438456031604134
16144,0.3861297913938274,0.7323463467236155
16168,0.30061679330753727,3.0
16172,-1.2789398171425252,2.2442271007153374
16179,0.26025709179530393,0.45884828356502905
16180,0.05747421992267888,0.6927465666301775
16186,-3.0,3.0
16191,0.022887994466246397,1.494429283184243
16206,0.10737352665910817,0.50384246792507
16228,1.7759252821277682,0.180261819182938
16239,0.9020515481402247,1.2674079696327434
16242,0.17746799989881704,0.44124411903644095
16281,1.3874128979014075,1.391772859351395
16283,-0.03638972988543043,0.19789794683150394
16337,0.6740932055213237,0.9098178204214974
16349,2.0298319570865404,1.0072396108202875
16360,0.0716978561654341,0.022152618297282767
16372,0.20127419322009069,0.07853606997322223
16384,0.7660753324026754,0.2962131548515711
16392,0.01590533853341693,1.297384904799258
16413,-0.006414167149085971,1.132297855472145
16455,-2.5212366484264384,3.0
16481,-0.296953519047825,1.2862865065632931
16507,0.003832409887373211,0.6065840291989721
16514,0.13276091013075006,0.7894799059564287
16564,0.45633260216781674,0.6952914891337456
16590,0.198825664787805,0.08575292201482314
16598,-1.186719310720659,0.8747505258353493
16606,0.17179162423087108,0.03616484201001313
16614,0.11281069345259422,0.5174678701418041
16644,0.07901005237016626,0.44398420050385135
16665,-0.8577457429582832,3.0
16679,0.14761634920917857,0.012944964369734024
16700,0.9058801413003597,1.643872272401438
16708,0.03826054987823283,0.5864226313820459
16710,0.07716617287062844,0.34635075508760704
16712,1.1861917660202312,0.26092933606826857
16724,1.988576177092854,3.0
16727,0.18582027183992453,0.23581435526700653
16730,0.18617779845117682,0.042312328194373285
16749,0.4558396644102211,0.21243022660774571
16754,1.1276708761604382,1.3780010144514128
16757,0.0065148327327675445,2.164496562029038
16758,0.18617779845117682,0.042312328194373285
16782,-1.2931899466490466,3.0
16799,1.1276708761604382,1.3780010144514128
16811,-2.329152627566585,3.0
16817,0.3300583303262903,0.6818572080536287
16827,-2.2076219344197945,3.0
16832,0.8102437555243432,1.2648684906833478
16852,0.002294897792838944,1.5011257873597321
16855,0.18617779845117682,0.042312328194373285
16863,0.4096506832363353,0.09724885438786443
16884,1.0131406149448126,3.0
16887,0.5857537534225523,2.0587711342230763
16904,0.3418797136052514,0.3358889597850911
16905,-0.38859822345508915,3.0
16913,0.05275620926707856,0.9130739830229755
16923,-0.003936034693222065,1.7017412616186178
16931,0.18617779845117682,0.042312328194373285
16960,0.4735244912223446,0.8941367938827326
16999,2.006543147102698,3.0
17025,0.1230728691895573,1.4812205930352216
17074,1.1834065439258652,0.09433908750656195
17098,-3.0,3.0
17145,0.4286039104213646,0.9399503791101678
17151,1.814917378747249,1.8072385396512334
17165,-0.005787184655504329,0.8441658061151052
17185,-0.31979654843508726,0.4708534732526727
17192,-0.1658911175951434,1.93715740390656
17194,-1.6140469558485484,0.9438456031604134
17219,0.4438607462457809,0.8793619984496441
17227,1.2467525936748831,1.5190993745622836
17238,-3.0,3.0
17251,1.449509689519853,0.36650930472322135
17260,0.0717531284929376,0.8710221519435374
17289,1.6311102189001185,2.501945858430956
17345,0.19711094195734902,0.3724935333693216
17378,-0.8372357545624622,2.60958238625759
17464,1.4180308483270472,1.5148076178769345
17468,0.07115560375185653,1.3356569671822331
17527,-0.015418274783811494,0.22987789095060407
17540,0.06679395464566189,0.4841187287378631
17541,0.591329215726538,0.37249273226691554
17561,-0.8372357545624622,2.60958238625759
17612,1.0312811749847226,1.2861877336959373
17614,0.24967668749133065,0.009801723085795973
17632,0.014567721847429091,0.0091140079202622
17635,1.0238146371032855,0.888425555810761
17637,1.03234856183743,1.2191437613010123
17640,0.5736296147576817,0.6805075487953598
17658,0.18617779845117682,0.042312328194373285
17661,-0.49196219230997895,2.821059466492146
17668,0.5757681181217762,1.2143784954526422
17686,0.014567721847429091,0.0091140079202622
17704,0.8312951364969009,0.42236679758259454
17713,0.013975085292665718,1.7704518572951944
17774,0.18953518197076621,0.17227434111223494
17778,0.40880945507795,0.593500983185446
17784,0.10247133308162402,0.4619573238890316
17803,0.33000209764989175,0.033195162660160336
17824,-0.12593706013653516,2.3305570416285404
17856,0.24967668749133065,0.009801723085795973
17886,0.17162975081964707,0.017293743718894916
17887,0.5478513220669129,0.6781721099710991
17889,0.8718170015465987,0.299376768091977
17893,2.047976159213763,3.0
17947,2.024245628184449,1.0354251910799217
18002,0.3751184440851039,0.05594860148664429
18011,-1.4951248579077376,0.5311226186034657
18028,-0.8372357545624622,2.60958238625759
18060,0.09059139186546548,0.40737624174439596
18063,0.6739778920159246,0.528588798981678
18087,0.24967668749133065,0.009801723085795973
18121,0.3354600612829606,1.5015111163973338
18152,0.004830594347042735,0.0010498451467579883
18160,-0.27731607953947063,0.6870440916866202
18205,-0.0526030246862312,1.0186852450807231
18209,2.166309188492731,0.7574938584388339
18212,0.9320375008314069,0.7276821676702998
18241,0.023406851852748992,0.7174435519199236
18262,1.298432019098282,1.8872718925447722
18267,0.8064106313478999,1.408990091975133
18281,0.3233816769265251,0.04616472565638041
18400,0.03651139225323659,1.4363121976730864
18403,-1.5066787034140456,3.0
18503,-0.17848830112056582,2.8395065027948467
18604,0.3233816769265251,0.04616472565638041
18636,0.1410857000240193,1.577916308445219
18667,-0.3949123719363284,0.6075269875674626
18691,-0.8650009760932921,3.0
18718,-0.8200994152387436,3.0
18724,0.3700267229285945,1.218609509688064
18743,-0.0037373499648947557,2.019839807002341
18745,-0.019858013419555565,1.5988793137644084
18839,-0.0021765115592131475,1.1877942837922362
18847,0.09054096501906203,0.4069816400714435
18848,0.3233816769265251,0.04616472565638041
18863,-1.4458204662511451,0.9232140268629598
18869,0.014567721847429091,0.0091140079202622
18890,0.15669098723015987,0.4517686897402147
18973,0.19711094195734902,0.3724935333693216
18991,0.5650884670017357,0.2009819981211737
19083,-0.012171326471793368,1.242471774437884
19118,0.47081673397497126,0.8743516859676556
19122,0.177851909032671,1.7016852316698914
19133,0.07115560375185653,1.3356569671822331
19222,0.3379572194252709,1.0410144841679332
19223,0.3233816769265251,0.04616472565638041
19244,1.0493107006155682,1.629698420729718
19281,0.32598021608271227,0.10368392625761486
19394,0.11470627607078987,0.41191496473538824
19423,-1.0221998141331279,0.7567797108251765
19458,0.026882890591888836,1.3950890081333511
19475,0.5101695577174507,1.0518906291569912
19490,0.41189422573273476,0.1972321561286778
19515,0.15746318039853868,0.5747226358398246
19527,0.9626480584276862,0.6079904028774432
19621,1.3824599694007846,0.8746576599222485
19638,0.019131112661949376,1.6745477946019656
19646,0.003914516991764165,1.4135903343317815
19698,0.3233816769265251,0.04616472565638041
19732,0.5063591672720164,0.08028466579730979
19778,1.040018809888724,1.482189209932
19833,0.1725169051104825,0.03877857880683183
19858,-0.057766526551280735,2.140984789721353
19894,0.1230728691895573,1.4812205930352216
19895,-1.6140469558485484,0.9438456031604134
19916,0.05561716719768772,0.2591509630389402
19953,-3.0,3.0
20018,0.9592628465869408,1.3089411841703749
20091,-0.5019455339202525,1.1714370632260063
20162,-0.3444763231243123,1.8765968846264958
20165,0.16827804208834227,1.130881285867744
20274,0.5916273418187405,0.10190136330319421
20307,0.3233816769265251,0.04616472565638041
20351,0.0717531284929376,0.8710221519435374
20396,0.819503402141483,1.0676498401999175
20450,-0.12931361760239435,0.2248334938210951
20496,-1.6140469558485484,0.9438456031604134
20623,1.449509689519853,0.36650930472322135
20626,0.1601652897404763,0.4241469543231943
20707,0.18617779845117682,0.042312328194373285
20754,0.49750658701101297,0.23334524870303028
20761,1.0764024487816297,0.9176313343276841
20792,0.35971590103672807,0.20291847454271109
20824,0.11062384125194918,0.17413365298634728
20852,-0.1024736417244217,2.144342283471664
20871,-0.019135965151248265,1.764280641484872
20909,0.3753346388064686,0.027805694737398925
20939,0.4596540525124512,0.15918575089014525
20966,1.6623867922303948,2.093240733509467
20973,-3.0,3.0
21019,0.014567721847429091,0.0091140079202622
21075,1.814917378747249,1.8072385396512334
21136,0.29243434053630696,0.035096778464150546
21156,-0.12626228895214692,2.1981477930044386
21200,-1.6283391648132226,3.0
21305,0.20421075288597643,0.10640881176450402
21313,1.5401861941973216,1.3192081788016488
21321,0.07115560375185653,1.3356569671822331
21332,0.41626245988481675,0.17762613434883015
21487,0.11051143187659417,0.2183717469428949
21511,-1.1848116979199563,0.6812328545246714
21522,0.0539205252516944,0.993764704115063
21528,0.18617779845117682,0.042312328194373285
21568,1.1364872169650537,1.2169366867065863
21607,0.27870519371583846,0.09603711567869125
21655,0.18617779845117682,0.042312328194373285
21694,0.06826767343612467,0.5268916172131997
21817,0.09753199174437471,0.4574702600513499
21863,0.18617779845117682,0.042312328194373285
21894,0.3233816769265251,0.04616472565638041
21915,2.0298319570865404,1.0072396108202875
21921,-0.014883977074218034,0.5323678737866243
21945,1.970567680850531,1.128234828393112
21948,0.5038287109958519,0.8932092994118954
22005,0.014567721847429091,0.0091140079202622
22063,0.02886276868632818,0.05501904440836005
22077,0.5641844330663487,0.4899233661447067
22123,0.10332848993245804,0.30126969476348675
22132,0.039318973010532575,1.6294105880151069
22197,0.3233816769265251,0.04616472565638041
22236,0.19141292201370683,0.8342274614495983
22239,0.34482147326572304,0.33285310054295714
22240,0.9458539180234274,0.12366516010961016
22282,-3.0,3.0
22291,0.02886276868632818,0.05501904440836005
22451,0.32093199840355985,0.2643862302511174
22549,-0.1509272875301756,1.2563385659540487
22553,-0.39198888468442844,2.4582240951520613
22560,1.1103340995136763,0.8986170139668315
22634,0.09051600645368431,0.4067916088079011
22637,-0.9387537585078658,3.0
22721,0.12299442367832349,0.31628644114995
22753,0.19711094195734902,0.3724935333693216
22770,0.7523979909168632,0.2265292893186382
22776,0.4744032945789587,0.9005683027437077
22846,-0.12681430353877238,2.5033099884868872
22934,0.4749242744977464,1.3785923584938757
23154,0.3294950133126853,0.7049275622919684
23214,0.18712323621344476,0.010557198476555396
23215,0.17014087234853967,0.11604059966926601
23240,0.4727540155352843,0.8885069941581147
23243,0.17723827594229552,0.5123006244282851
23257,0.052745948110277635,0.9134721386822585
23298,-1.186719310720659,0.8747505258353493
23359,-0.07984775819725481,2.8712161393419686
23402,0.3233816769265251,0.04616472565638041
23415,0.6631805840619436,1.6362340899007806
23474,0.06617633903860809,0.6503327926658458
23493,0.18617779845117682,0.042312328194373285
23500,0.47446238242554417,0.9010443299537133
23566,-3.0,3.0
23599,-1.292059607490199,3.0
23612,0.0639431701863029,0.4271016801678718
23658,0.07716617287062844,0.34635075508760704
23702,0.6816156129781031,1.3801256751263604
23719,1.814917378747249,1.8072385396512334
23736,-3.0,3.0
23742,0.3175531527802561,0.22061504324320236
23757,0.3233816769265251,0.04616472565638041
23800,0.18617779845117682,0.042312328194373285
23801,0.10593659393995966,0.31224757686566224
23805,1.1395991390659566,0.21608163065119038
23814,0.06486912214790924,1.5740901830824865
23871,1.8893151533043842,2.8315822258335124
23886,0.1334689327777818,0.38409225401733177
23894,0.08700847037999931,0.5723054041475613
23950,-0.00578691045265661,0.844165839605917
23957,-0.4358811360135143,2.3367755577997262
23989,1.1364872169650537,1.2169366867065863
24004,-3.0,3.0
24014,0.014567721847429091,0.0091140079202622
24018,0.8771052924449865,1.0758124114894136
24034,0.3700267229285945,1.218609509688064
24063,0.4334004981135865,0.19267203594563087
24089,1.5302118395868736,1.7720929334610487
24090,0.24967668749133065,0.009801723085795973
24092,-1.1848116979199563,0.6812328545246714
24116,0.29088952840055754,0.9045869433266833
24127,0.20292761333832607,0.39013311451125343
24131,0.977327720193162,1.6284591445361114
24186,0.19711094195734902,0.3724935333693216
24223,-0.028153387569097375,1.739002465444674
24274,-0.0022254928370190404,1.9824488295197829
24279,0.3233816769265251,0.04616472565638041
24281,0.29088952840055754,0.9045869433266833
24404,-0.0822544558633197,1.9062850233246633
24406,0.6650438021263096,1.3416289543077282
24418,-0.07342608298791269,1.3705505365168154
24437,0.18617779845117682,0.042312328194373285
24443,-1.7459797875593284,0.5461880637013854
24454,1.255775571782265,1.3680971090817624
24476,0.2798101257410038,0.8775100376281569
24485,0.116621470995674,0.3490287305061684
24509,0.1831176964872544,0.07274642255429094
24514,0.033913694799847544,0.0032739986909483543
24530,0.17542896811545872,0.15471301996813144
24542,-0.009703599415462349,0.789161018777366
24614,0.07385191760024691,0.04414349016812169
24635,0.629195685502518,0.1865306175155617
24649,0.26395623144611186,0.7678527546269589
24657,-1.1175022570431228,3.0
24679,0.18617779845117682,0.042312328194373285
24681,0.0001961230576699567,1.5296580415877372
24684,0.3097830105528357,0.7102162286739458
24818,-0.33341554379127913,3.0
24835,0.5913283756608338,0.2902190680618542
24868,0.18617779845117682,0.042312328194373285
24879,0.1720398464259987,0.6221737658748814
24907,1.0256396560751508,0.6381877196094098
24909,0.2860687208540176,1.1347172621028139
24939,-1.349687630749336,0.656320144191054
24951,0.5660306112515113,1.759659032658614
25051,0.18617779845117682,0.042312328194373285
25081,0.18617779845117682,0.042312328194373285
25088,0.03826054987823283,0.5864226313820459
25123,0.18617779845117682,0.042312328194373285
25166,2.0298319570865404,1.0072396108202875
25169,0.19711094195734902,0.3724935333693216
25171,0.8287345607827467,0.9340581639878452
25175,-3.0,3.0
25184,0.11319736319663931,0.6255471520786932
25185,-2.1488035387991786,2.548201114961973
25193,0.3024966954576201,0.09549071129345783
25207,-0.2772942752335682,3.0
25299,0.014567721847429091,0.0091140079202622
25313,0.949132675168681,0.566362291281725
25386,0.18617779845117682,0.042312328194373285
25390,0.18617779845117682,0.042312328194373285
25393,1.1053024197846253,3.0
25418,0.18617779845117682,0.042312328194373285
25422,1.1931498034698476,0.2690008447308998
25440,0.03826054987823283,0.5864226313820459
25463,-1.5887174148577548,3.0
25507,0.021907845075516057,0.8714002971217019
25516,-3.0,3.0
25547,-0.08730252207311012,1.1332225089314554
25640,-0.8265621083258177,3.0
25708,0.014567721847429091,0.0091140079202622
25730,0.3233816769265251,0.04616472565638041
25756,0.7514029311559758,1.5473332455772013
25786,0.18617779845117682,0.042312328194373285
25905,0.1737376626097797,0.099652777383317
25969,0.18935927239935652,0.21595206835912933
25972,-0.012171326471793368,1.242471774437884
26011,0.18437823591201546,0.24394712509219216
26044,0.313940105411562,1.044298306160029
26186,0.37648880223678943,0.8898354961950425
26205,0.5504916212158505,0.44958350471485736
26211,-3.0,3.0
26233,0.19579053019660406,0.6937086289330474
26248,-0.517251442790702,2.192975027633292
26293,0.14861076906077303,1.1801840770686338
26325,0.29560834283083115,0.956078680922409
26331,0.18097347277705295,1.1806396391246572
26357,0.47081673397497126,0.8743516859676556
26372,-3.0,3.0
26462,0.629195685502518,0.1865306175155617
26526,-0.17998602166886563,1.8518191148111915
26532,-1.4420036572249875,0.5861020770790358
26601,-3.0,3.0
26704,0.3400623323836381,1.1864878156510619
26720,0.18617779845117682,0.042312328194373285
26742,0.828831190471547,1.3970934596731228
26871,0.3233816769265251,0.04616472565638041
26960,0.18617779845117682,0.042312328194373285
26981,0.03826054987823283,0.5864226313820459
27011,-0.33341554379127913,3.0
27040,0.18617779845117682,0.042312328194373285
27042,0.17723827594229552,0.5123006244282851
27061,1.814917378747249,1.8072385396512334
27075,0.45965549137232337,0.24160925585940085
27111,0.2583432399491336,0.7065414425613684
27128,0.18617779845117682,0.042312328194373285
27151,-0.8258146252504954,3.0
27248,0.8963373283052326,0.22873918909505309
27264,1.0832966280550178,0.05698210352608411
27272,0.3233816769265251,0.04616472565638041
27301,0.18617779845117682,0.042312328194373285
27306,0.937876129497037,1.4292165526196574
27311,-3.0,3.0
27325,-0.0822544558633197,1.9062850233246633
27335,1.1335571729348575,3.0
27347,0.09059139186546548,0.40737624174439596
27385,0.3326776379970395,0.09755924081591916
27403,0.18617779845117682,0.042312328194373285
27404,0.629195685502518,0.1865306175155617
27412,0.2193390130545004,0.8184424714157476
27490,-0.0009746630742929965,0.701693621487126
27510,-1.7459797875593284,0.5461880637013854
27521,0.8177603513683364,1.3948890202744222
27541,0.07495602924243952,0.7276339837462735
27553,0.18699889079573936,0.12431553216915223
27574,0.6530332355342047,0.2172248315359033
27578,0.1779808060187361,0.10774855959739045
27625,0.27332467667061583,0.8011972044131503
27695,0.847777829846532,2.313898319976438
27724,0.19579053019660406,0.6937086289330474
27760,-0.3918449084437027,2.47953889220049
27762,0.264522731215615,0.9958617786624309
27771,0.18617779845117682,0.042312328194373285
27799,-1.625811851609144,0.5828932102343307
27854,0.12857012081573002,1.2373362082047223
27876,1.0493107006155682,1.629698420729718
27920,0.7884390633982059,0.25858170192994595
27930,-1.7459797875593284,0.5461880637013854
28011,0.3233816769265251,0.04616472565638041
28012,-3.0,3.0
28073,-0.6813550945640792,3.0
28130,1.0493107006155682,1.629698420729718
28159,1.0247347409724965,1.251784632594749
28163,-0.5844651370721984,3.0
28253,1.9710976268728084,0.24289092338771287
28357,0.8083720439915649,0.8559036567195587
28391,-1.0699803955713885,0.8551814963368556
28409,0.18617779845117682,0.042312328194373285
28424,-0.002165013268822626,1.8213820694167837
28446,0.23833212557512337,0.3490131631783022
28453,0.014567721847429091,0.0091140079202622
