respid,female,college,nkids,anykids,university,pexhaust,pbeq,pnhome
87,1,0.0,1.0,1,1.0,0.3,0.75,0.5
94,0,0.0,5.0,1,1.0,0.3,0.5,0.5
109,1,0.0,2.0,1,1.0,0.0,0.8,0.6
127,1,0.0,0.0,0,1.0,,0.1,0.0
159,1,1.0,2.0,1,0.0,0.0,0.75,
171,0,0.0,2.0,1,0.0,0.0,1.0,0.5
222,1,0.0,4.0,1,1.0,0.2,0.9,0.95
272,1,0.0,0.0,0,1.0,0.0,1.0,0.65
346,0,0.0,1.0,1,1.0,0.0,1.0,0.4
351,1,1.0,2.0,1,0.0,0.6,0.0,0.75
366,0,0.0,3.0,1,1.0,,0.5,
395,0,0.0,2.0,1,1.0,0.1,0.85,0.9
406,0,0.0,2.0,1,1.0,0.5,0.75,0.0
415,1,0.0,1.0,1,0.0,0.01,1.0,
417,1,1.0,1.0,1,0.0,1.0,0.8,
426,1,0.0,0.0,0,0.0,1.0,0.99,0.97
441,0,0.0,0.0,0,1.0,0.8,0.25,0.05
442,1,0.0,0.0,0,1.0,1.0,,
471,1,0.0,1.0,1,1.0,1.0,1.0,
486,1,0.0,2.0,1,0.0,0.9,0.5,1.0
496,0,0.0,0.0,0,1.0,0.75,1.0,0.1
504,1,0.0,4.0,1,1.0,0.1,1.0,0.1
538,0,1.0,3.0,1,0.0,0.5,0.5,0.5
549,0,1.0,0.0,0,0.0,1.0,0.5,
561,1,0.0,0.0,0,1.0,0.0,1.0,
577,0,1.0,3.0,1,0.0,0.75,1.0,0.15
626,1,0.0,1.0,1,0.0,0.5,1.0,0.5
634,1,0.0,2.0,1,1.0,1.0,0.0,0.0
646,0,0.0,2.0,1,0.0,,1.0,0.8
652,0,0.0,0.0,0,0.0,0.5,1.0,0.5
674,0,0.0,1.0,1,1.0,0.5,1.0,0.0
687,0,0.0,3.0,1,0.0,0.8,1.0,0.0
697,0,0.0,2.0,1,0.0,,1.0,
712,1,0.0,0.0,0,1.0,,,
731,0,0.0,0.0,0,1.0,0.1,0.8,0.75
738,1,0.0,0.0,0,1.0,0.25,0.5,0.95
751,0,0.0,2.0,1,1.0,0.1,1.0,0.1
793,0,0.0,3.0,1,0.0,0.75,0.5,0.25
795,0,0.0,2.0,1,1.0,1.0,1.0,0.0
817,1,1.0,0.0,0,0.0,1.0,1.0,0.75
833,0,0.0,0.0,0,0.0,0.6,0.8,0.1
864,0,1.0,0.0,0,0.0,0.1,,0.2
881,1,1.0,2.0,1,0.0,0.0,1.0,0.5
897,1,1.0,1.0,1,0.0,0.0,1.0,0.2
919,1,0.0,2.0,1,1.0,0.05,1.0,0.2
940,0,0.0,2.0,1,1.0,0.1,1.0,0.5
941,0,0.0,0.0,0,1.0,0.0,1.0,0.25
944,0,0.0,2.0,1,0.0,0.0,1.0,0.2
950,0,0.0,5.0,1,1.0,,,0.5
974,1,0.0,3.0,1,0.0,0.02,1.0,0.1
983,1,0.0,2.0,1,0.0,0.0,1.0,0.25
985,1,1.0,2.0,1,0.0,0.6,,0.9
990,0,0.0,2.0,1,0.0,1.0,1.0,
999,1,0.0,0.0,0,1.0,0.9,1.0,0.3
1006,1,0.0,0.0,0,1.0,0.5,,
1011,1,1.0,1.0,1,0.0,0.5,0.3,0.3
1014,1,0.0,2.0,1,1.0,0.9,1.0,0.0
1019,0,1.0,3.0,1,0.0,0.0,0.0,0.1
1031,0,0.0,2.0,1,0.0,,,
1033,0,0.0,3.0,1,0.0,0.5,0.5,0.1
1035,0,1.0,2.0,1,0.0,0.2,1.0,1.0
1041,1,0.0,1.0,1,1.0,0.0,1.0,
1047,1,0.0,0.0,0,1.0,,0.98,
1048,1,0.0,3.0,1,1.0,,,
1066,0,0.0,3.0,1,0.0,0.5,0.9,0.2
1068,0,0.0,3.0,1,1.0,0.5,0.9,0.9
1078,0,0.0,3.0,1,1.0,,,
1105,0,0.0,0.0,0,1.0,0.1,1.0,0.5
1111,0,0.0,0.0,0,1.0,,,
1112,0,0.0,6.0,1,1.0,0.75,,
1114,1,0.0,0.0,0,1.0,0.0,1.0,0.7
1119,0,0.0,3.0,1,1.0,0.35,0.75,0.2
1145,0,1.0,2.0,1,0.0,0.9,0.8,0.5
1149,1,1.0,0.0,0,0.0,1.0,0.5,0.8
1169,0,0.0,2.0,1,0.0,0.2,0.7,0.5
1179,0,0.0,1.0,1,1.0,1.0,0.5,0.0
1188,1,0.0,2.0,1,1.0,0.2,0.8,0.9
1200,1,0.0,0.0,0,1.0,0.1,0.2,0.8
1209,1,0.0,3.0,1,1.0,0.0,1.0,0.5
1211,0,1.0,2.0,1,0.0,0.25,1.0,0.5
1212,0,1.0,2.0,1,0.0,0.5,0.0,0.0
1227,1,1.0,0.0,0,0.0,0.3,1.0,0.6
1238,0,0.0,0.0,0,1.0,0.25,0.0,1.0
1248,0,1.0,0.0,0,0.0,0.5,0.95,0.5
1257,0,0.0,2.0,1,1.0,0.0,1.0,0.05
1265,0,0.0,5.0,1,1.0,0.7,1.0,0.7
1268,1,0.0,0.0,0,1.0,0.0,0.0,1.0
1281,0,0.0,1.0,1,1.0,1.0,0.5,0.5
1290,0,0.0,3.0,1,1.0,0.75,0.5,0.5
1303,0,1.0,0.0,0,0.0,0.5,1.0,0.05
1316,1,1.0,1.0,1,0.0,0.9,0.55,
1320,0,0.0,1.0,1,1.0,0.5,0.5,0.5
1323,0,0.0,1.0,1,1.0,0.05,0.8,0.2
1324,0,0.0,3.0,1,1.0,0.05,1.0,0.0
1332,1,0.0,2.0,1,1.0,0.85,1.0,0.05
1355,1,1.0,2.0,1,0.0,0.0,1.0,
1364,0,0.0,0.0,0,1.0,,,
1370,1,0.0,1.0,1,1.0,0.0,1.0,0.1
1374,0,0.0,2.0,1,1.0,0.25,1.0,0.15
1389,0,0.0,0.0,0,0.0,,,0.5
1404,1,0.0,0.0,0,1.0,0.5,0.9,0.4
1412,1,1.0,2.0,1,0.0,0.5,0.99,0.1
1421,1,0.0,2.0,1,1.0,0.2,1.0,0.5
1423,1,1.0,2.0,1,0.0,0.0,1.0,
1439,0,0.0,0.0,0,1.0,0.35,0.85,0.6
1449,1,1.0,2.0,1,0.0,1.0,0.0,0.25
1472,0,0.0,2.0,1,1.0,0.0,0.6,0.1
1477,1,0.0,2.0,1,1.0,0.0,1.0,0.0
1506,1,0.0,2.0,1,1.0,0.0,1.0,
1540,1,0.0,4.0,1,1.0,0.5,0.95,0.8
1591,1,0.0,2.0,1,1.0,0.0,1.0,
1592,1,0.0,2.0,1,1.0,0.5,1.0,0.9
1660,1,0.0,0.0,0,1.0,0.0,1.0,0.4
1685,0,0.0,2.0,1,1.0,0.0,1.0,0.1
1719,1,0.0,2.0,1,1.0,,,
1761,0,0.0,2.0,1,1.0,0.0,1.0,0.5
1771,1,0.0,0.0,0,1.0,0.0,0.75,0.0
1788,1,1.0,0.0,0,0.0,,,
1799,1,0.0,0.0,0,1.0,,1.0,0.5
1805,1,0.0,1.0,1,1.0,0.7,0.5,0.99
1842,1,0.0,2.0,1,1.0,0.7,0.8,0.3
1852,1,1.0,2.0,1,0.0,,0.5,0.0
1869,1,1.0,2.0,1,0.0,0.0,0.5,0.1
1884,1,1.0,0.0,0,0.0,0.0,0.0,1.0
1892,1,1.0,0.0,0,0.0,0.5,1.0,1.0
1914,1,0.0,0.0,0,1.0,0.0,,0.05
1929,1,0.0,3.0,1,1.0,0.8,0.05,0.2
1931,1,0.0,2.0,1,0.0,0.5,1.0,0.75
1955,0,0.0,5.0,1,1.0,0.0,1.0,0.55
1967,1,1.0,3.0,1,0.0,0.2,0.75,0.2
1978,1,0.0,2.0,1,1.0,0.0,1.0,0.0
2039,1,0.0,3.0,1,1.0,0.0,1.0,0.8
2048,1,0.0,2.0,1,1.0,0.0,1.0,1.0
2049,1,0.0,3.0,1,1.0,0.0,1.0,0.0
2061,0,0.0,3.0,1,1.0,,,
2086,1,0.0,2.0,1,1.0,0.2,1.0,0.35
2089,1,0.0,0.0,0,1.0,0.9,0.3,1.0
2136,0,0.0,0.0,0,1.0,0.1,0.5,0.5
2137,1,1.0,2.0,1,0.0,0.0,1.0,0.75
2142,1,0.0,2.0,1,1.0,0.4,0.6,0.02
2231,1,1.0,1.0,1,0.0,0.5,1.0,0.9
2306,1,1.0,2.0,1,0.0,0.2,0.5,
2334,1,1.0,2.0,1,0.0,0.5,1.0,1.0
2362,1,0.0,2.0,1,1.0,1.0,0.5,
2365,1,1.0,5.0,1,0.0,1.0,1.0,0.3
2367,1,0.0,2.0,1,1.0,1.0,1.0,0.1
2371,1,0.0,2.0,1,1.0,0.0,1.0,0.0
2392,0,1.0,4.0,1,0.0,0.5,,
2398,0,0.0,3.0,1,1.0,,,
2436,0,0.0,3.0,1,0.0,0.5,0.5,0.5
2442,0,1.0,2.0,1,0.0,0.25,0.5,0.5
2447,1,0.0,2.0,1,0.0,1.0,0.5,
2454,1,0.0,4.0,1,0.0,1.0,1.0,0.8
2457,0,1.0,3.0,1,0.0,0.02,0.9,0.8
2465,0,0.0,1.0,1,1.0,,0.25,0.75
2479,0,0.0,2.0,1,1.0,0.5,0.5,0.9
2487,1,0.0,0.0,0,1.0,0.25,0.3,0.3
2500,0,0.0,4.0,1,1.0,,1.0,
2502,0,0.0,2.0,1,1.0,0.0,1.0,0.85
2528,1,1.0,3.0,1,0.0,0.0,1.0,0.75
2549,1,1.0,0.0,0,0.0,0.4,1.0,0.0
2596,0,0.0,0.0,0,0.0,0.0,0.0,0.5
2598,0,0.0,2.0,1,0.0,0.15,1.0,1.0
2611,0,0.0,1.0,1,0.0,1.0,1.0,
2623,0,0.0,2.0,1,1.0,0.5,0.99,0.5
2636,0,0.0,2.0,1,1.0,,,
2659,1,0.0,3.0,1,0.0,1.0,0.75,0.0
2676,1,1.0,0.0,0,0.0,1.0,0.25,0.2
2685,1,0.0,0.0,0,1.0,0.25,1.0,0.5
2686,1,1.0,3.0,1,0.0,0.0,1.0,0.0
2709,0,0.0,2.0,1,0.0,1.0,0.0,0.0
2726,1,1.0,0.0,0,0.0,0.2,,0.8
2728,0,1.0,2.0,1,0.0,0.75,0.5,0.5
2745,0,1.0,2.0,1,0.0,0.4,0.2,0.15
2758,1,0.0,2.0,1,0.0,0.0,1.0,0.05
2768,0,0.0,5.0,1,0.0,0.85,0.0,0.0
2783,1,1.0,2.0,1,0.0,0.5,,1.0
2804,0,0.0,3.0,1,0.0,,1.0,0.0
2829,1,0.0,2.0,1,0.0,,,0.5
2866,1,0.0,2.0,1,1.0,1.0,0.0,0.5
2868,0,0.0,2.0,1,0.0,1.0,1.0,0.0
2869,1,1.0,2.0,1,0.0,0.8,0.0,
2870,1,1.0,3.0,1,0.0,0.1,0.9,0.3
2874,1,0.0,0.0,0,0.0,0.25,0.75,0.95
2877,1,1.0,2.0,1,0.0,,,0.0
2894,1,0.0,1.0,1,0.0,0.0,1.0,0.0
2923,1,1.0,2.0,1,0.0,0.29,0.25,0.0
2958,0,0.0,2.0,1,1.0,0.25,0.95,0.95
3014,1,1.0,2.0,1,0.0,,,
3018,1,1.0,0.0,0,0.0,0.5,0.75,0.85
3050,1,0.0,2.0,1,1.0,,,
3069,0,1.0,2.0,1,0.0,0.75,0.1,0.2
3076,0,0.0,2.0,1,1.0,1.0,0.25,0.05
3098,0,0.0,2.0,1,0.0,,,
3103,0,0.0,1.0,1,1.0,1.0,1.0,0.1
3104,0,0.0,2.0,1,1.0,0.9,0.35,0.25
3105,0,0.0,1.0,1,0.0,,,
3127,1,0.0,0.0,0,1.0,0.5,0.0,1.0
3136,0,0.0,0.0,0,0.0,1.0,1.0,0.0
3140,0,0.0,2.0,1,1.0,,,
3144,0,0.0,2.0,1,1.0,,,
3145,0,0.0,2.0,1,0.0,0.8,0.5,0.0
3153,1,0.0,0.0,0,1.0,0.8,1.0,0.5
3160,0,0.0,0.0,0,1.0,1.0,0.1,0.05
3197,1,0.0,2.0,1,0.0,0.75,0.75,0.5
3198,0,0.0,1.0,1,1.0,0.1,0.9,0.8
3201,1,0.0,3.0,1,1.0,0.05,1.0,
3202,1,0.0,3.0,1,1.0,0.4,0.75,0.01
3214,0,1.0,4.0,1,0.0,0.75,1.0,0.1
3235,0,0.0,0.0,0,0.0,0.8,,
3237,0,1.0,5.0,1,0.0,,0.75,
3242,1,0.0,2.0,1,1.0,1.0,1.0,0.5
3254,0,0.0,2.0,1,1.0,0.0,1.0,0.1
3271,0,0.0,1.0,1,0.0,0.5,0.8,0.3
3274,0,0.0,3.0,1,0.0,0.0,1.0,0.8
3319,0,0.0,2.0,1,1.0,0.7,0.5,0.9
3326,0,0.0,0.0,0,0.0,0.1,1.0,0.3
3330,1,0.0,3.0,1,0.0,,0.0,
3338,0,0.0,2.0,1,1.0,0.7,0.8,1.0
3340,1,1.0,0.0,0,0.0,0.01,0.99,
3343,1,0.0,0.0,0,1.0,0.5,0.0,0.9
3362,0,0.0,4.0,1,1.0,,,
3365,0,0.0,2.0,1,1.0,0.9,0.25,0.5
3381,0,0.0,3.0,1,1.0,0.1,0.5,0.75
3390,0,0.0,2.0,1,0.0,0.15,1.0,0.1
3398,0,1.0,2.0,1,0.0,0.0,1.0,0.0
3405,0,0.0,3.0,1,1.0,1.0,1.0,0.0
3406,0,1.0,0.0,0,0.0,0.0,1.0,1.0
3434,0,1.0,0.0,0,0.0,1.0,1.0,0.0
3435,0,1.0,2.0,1,0.0,0.5,0.9,0.1
3442,1,1.0,3.0,1,0.0,0.9,,
3446,1,1.0,3.0,1,0.0,0.9,0.1,1.0
3452,1,1.0,0.0,0,0.0,0.5,0.7,0.7
3457,0,0.0,2.0,1,1.0,,1.0,
3474,1,0.0,2.0,1,1.0,0.2,0.9,0.1
3488,0,0.0,3.0,1,0.0,0.25,0.95,0.5
3491,1,0.0,2.0,1,1.0,,0.75,
3501,0,1.0,2.0,1,0.0,0.75,0.0,0.2
3505,1,0.0,0.0,0,1.0,0.3,0.7,0.5
3522,0,0.0,2.0,1,1.0,0.25,0.5,0.5
3531,0,1.0,3.0,1,0.0,0.8,0.8,0.05
3532,0,0.0,3.0,1,1.0,0.5,,
3541,1,1.0,1.0,1,0.0,0.7,0.07,0.05
3550,0,1.0,0.0,0,0.0,0.25,0.8,0.3
3557,0,0.0,2.0,1,0.0,0.8,1.0,0.2
3564,0,1.0,2.0,1,0.0,1.0,0.0,0.75
3572,1,0.0,0.0,0,1.0,,,
3586,0,0.0,1.0,1,1.0,0.0,1.0,0.05
3587,0,0.0,0.0,0,0.0,0.5,1.0,0.7
3601,1,0.0,0.0,0,0.0,0.8,0.5,0.5
3631,0,1.0,2.0,1,0.0,,,0.5
3633,0,0.0,0.0,0,1.0,0.0,1.0,0.5
3642,1,0.0,1.0,1,1.0,0.05,0.9,0.25
3656,0,0.0,2.0,1,1.0,1.0,0.0,
3663,1,1.0,2.0,1,0.0,1.0,0.1,0.5
3680,0,0.0,2.0,1,0.0,0.0,0.99,
3692,0,0.0,2.0,1,1.0,0.65,0.8,
3695,0,0.0,2.0,1,0.0,,,
3698,0,0.0,3.0,1,1.0,,,
3699,1,0.0,1.0,1,0.0,0.0,0.9,0.9
3715,0,1.0,1.0,1,0.0,,,
3721,0,0.0,2.0,1,1.0,0.8,1.0,0.5
3729,0,1.0,2.0,1,0.0,,,
3750,0,0.0,2.0,1,1.0,1.0,0.0,0.8
3751,0,0.0,3.0,1,0.0,0.8,0.0,
3771,0,1.0,2.0,1,0.0,0.9,0.0,0.1
3777,1,0.0,0.0,0,1.0,0.1,0.5,0.2
3785,0,0.0,2.0,1,1.0,0.25,1.0,0.4
3795,0,0.0,2.0,1,1.0,0.6,1.0,0.0
3802,1,0.0,2.0,1,0.0,,,0.5
3807,0,1.0,2.0,1,0.0,1.0,1.0,0.75
3822,0,1.0,2.0,1,0.0,0.0,0.9,0.1
3826,1,0.0,2.0,1,0.0,0.5,0.0,0.7
3899,0,0.0,3.0,1,1.0,0.0,1.0,0.0
3908,0,1.0,2.0,1,0.0,0.1,0.6,0.25
3910,0,0.0,0.0,0,0.0,,,
3914,0,0.0,0.0,0,1.0,0.5,0.5,0.85
3924,0,0.0,0.0,0,0.0,,,1.0
3926,1,0.0,2.0,1,1.0,0.75,0.5,0.8
3930,0,0.0,2.0,1,1.0,0.75,1.0,0.5
3931,0,0.0,2.0,1,0.0,0.25,0.8,0.5
3935,0,0.0,2.0,1,1.0,0.5,1.0,0.25
3944,0,0.0,2.0,1,1.0,0.1,1.0,0.9
3961,1,0.0,0.0,0,0.0,0.2,0.5,0.8
3975,0,0.0,3.0,1,1.0,0.1,1.0,0.75
3983,1,1.0,5.0,1,0.0,0.5,1.0,0.0
3996,1,0.0,1.0,1,1.0,,0.99,
4003,1,1.0,3.0,1,0.0,,0.2,0.0
4035,0,0.0,4.0,1,1.0,0.1,0.9,0.5
4036,0,1.0,3.0,1,0.0,0.4,0.8,
4060,0,0.0,2.0,1,0.0,0.5,1.0,
4074,0,0.0,3.0,1,1.0,0.0,1.0,0.7
4078,0,0.0,1.0,1,1.0,,1.0,
4085,0,0.0,3.0,1,0.0,1.0,1.0,0.5
4096,0,0.0,2.0,1,1.0,0.1,0.9,0.6
4111,0,0.0,2.0,1,0.0,1.0,0.75,0.5
4113,0,0.0,2.0,1,1.0,,0.9,
4132,0,1.0,1.0,1,0.0,0.4,0.8,0.5
4134,1,0.0,3.0,1,1.0,0.8,0.9,0.8
4139,0,0.0,1.0,1,1.0,0.0,1.0,0.05
4177,0,0.0,6.0,1,0.0,0.0,1.0,0.95
4182,1,0.0,0.0,0,1.0,0.3,0.8,0.2
4191,0,0.0,2.0,1,0.0,0.0,1.0,0.5
4205,1,1.0,0.0,0,0.0,0.0,1.0,0.7
4210,0,0.0,0.0,0,1.0,0.0,0.0,0.1
4212,0,1.0,1.0,1,0.0,,,0.75
4221,0,0.0,0.0,0,1.0,1.0,0.0,0.0
4231,0,1.0,2.0,1,0.0,0.25,0.9,0.3
4232,0,1.0,3.0,1,0.0,0.0,0.75,0.4
4249,0,0.0,3.0,1,1.0,0.5,1.0,0.8
4252,0,0.0,2.0,1,1.0,0.0,1.0,0.9
4264,0,0.0,1.0,1,0.0,,,
4270,0,1.0,3.0,1,0.0,1.0,0.9,0.05
4272,0,1.0,2.0,1,0.0,1.0,1.0,0.0
4273,0,0.0,2.0,1,1.0,0.2,0.8,0.5
4279,0,0.0,2.0,1,0.0,0.3,0.2,0.1
4292,1,1.0,0.0,0,0.0,0.0,0.5,0.75
4309,1,0.0,1.0,1,0.0,1.0,1.0,0.75
4334,1,0.0,2.0,1,1.0,,,0.1
4352,0,0.0,2.0,1,1.0,0.0,0.99,0.2
4369,0,1.0,0.0,0,0.0,0.8,1.0,0.2
4389,0,0.0,3.0,1,0.0,0.9,0.75,1.0
4392,0,0.0,2.0,1,1.0,0.9,,0.5
4394,1,1.0,2.0,1,0.0,0.5,0.5,1.0
4412,1,0.0,3.0,1,1.0,,1.0,0.1
4503,1,0.0,2.0,1,0.0,0.85,0.5,0.65
4537,1,0.0,0.0,0,0.0,0.75,0.0,
4542,0,0.0,2.0,1,1.0,0.5,1.0,0.65
4547,1,0.0,2.0,1,0.0,1.0,1.0,
4551,0,0.0,2.0,1,0.0,0.0,,0.5
4585,0,0.0,2.0,1,0.0,1.0,0.5,0.0
4587,1,0.0,0.0,0,0.0,0.9,,
4589,0,0.0,2.0,1,1.0,,1.0,
4620,0,0.0,1.0,1,0.0,,,0.0
4622,0,0.0,4.0,1,1.0,0.0,1.0,0.01
4654,0,0.0,2.0,1,1.0,0.0,1.0,0.0
4670,0,1.0,2.0,1,0.0,1.0,0.0,0.25
4673,1,1.0,3.0,1,0.0,0.8,1.0,0.5
4697,0,0.0,0.0,0,0.0,0.25,0.85,0.6
4701,0,0.0,3.0,1,1.0,0.0,1.0,0.0
4722,1,1.0,2.0,1,0.0,0.5,0.95,0.0
4727,0,0.0,2.0,1,1.0,0.0,0.5,1.0
4736,0,1.0,2.0,1,0.0,0.0,1.0,1.0
4738,0,0.0,0.0,0,1.0,0.9,0.95,0.99
4746,0,0.0,2.0,1,1.0,0.8,1.0,0.5
4775,0,0.0,4.0,1,0.0,0.0,1.0,0.0
4815,0,0.0,3.0,1,0.0,1.0,0.0,0.5
4816,1,0.0,3.0,1,1.0,0.5,,
4826,1,0.0,3.0,1,1.0,0.0,1.0,0.5
4868,0,0.0,2.0,1,1.0,0.0,1.0,0.25
4893,1,0.0,0.0,0,1.0,1.0,1.0,
4901,0,1.0,1.0,1,0.0,1.0,1.0,0.5
4904,0,0.0,2.0,1,1.0,0.01,0.99,0.1
4919,0,0.0,2.0,1,1.0,0.85,0.0,1.0
4922,0,1.0,3.0,1,0.0,1.0,1.0,0.75
4932,0,0.0,1.0,1,1.0,0.01,0.99,0.51
4936,0,0.0,2.0,1,1.0,,,
4943,0,0.0,0.0,0,0.0,0.0,1.0,0.0
4945,0,0.0,0.0,0,1.0,0.1,0.9,0.1
4957,0,0.0,0.0,0,0.0,0.5,,0.5
4968,0,0.0,2.0,1,1.0,0.0,1.0,0.95
4970,0,0.0,2.0,1,1.0,0.35,1.0,1.0
4984,1,0.0,2.0,1,1.0,0.1,0.9,0.5
4991,0,0.0,0.0,0,0.0,1.0,1.0,0.0
4995,0,0.0,3.0,1,0.0,0.9,0.95,0.1
4998,1,0.0,3.0,1,0.0,0.9,0.1,0.5
5000,0,0.0,2.0,1,1.0,1.0,0.5,0.2
5015,1,1.0,1.0,1,0.0,0.5,0.75,
5041,0,0.0,3.0,1,1.0,0.9,0.2,0.9
5104,0,0.0,0.0,0,1.0,0.05,0.85,
5105,1,0.0,0.0,0,1.0,,1.0,
5110,0,0.0,2.0,1,0.0,,,0.5
5130,1,1.0,2.0,1,0.0,1.0,1.0,
5141,0,0.0,2.0,1,1.0,0.2,0.0,0.0
5155,1,0.0,0.0,0,1.0,0.0,1.0,0.9
5156,0,0.0,3.0,1,1.0,0.25,0.0,0.5
5164,0,0.0,6.0,1,1.0,0.3,1.0,0.4
5231,1,0.0,0.0,0,1.0,0.5,,1.0
5236,0,0.0,1.0,1,0.0,1.0,1.0,
5262,0,1.0,4.0,1,0.0,,,
5267,0,0.0,3.0,1,0.0,0.0,0.2,0.5
5281,1,0.0,1.0,1,1.0,0.75,1.0,0.1
5291,1,0.0,4.0,1,1.0,0.1,0.0,0.8
5317,1,0.0,2.0,1,1.0,0.2,1.0,0.95
5321,1,0.0,2.0,1,0.0,,1.0,0.75
5322,1,0.0,2.0,1,0.0,,,0.5
5344,1,0.0,2.0,1,0.0,0.1,0.2,0.05
5351,0,0.0,2.0,1,1.0,0.0,1.0,0.1
5353,0,1.0,2.0,1,0.0,1.0,0.3,0.75
5354,1,0.0,2.0,1,1.0,1.0,0.8,0.1
5356,1,1.0,2.0,1,0.0,,,
5366,0,1.0,1.0,1,0.0,,,
5372,0,0.0,2.0,1,1.0,,,
5392,0,0.0,3.0,1,1.0,0.0,1.0,0.25
5404,1,0.0,2.0,1,1.0,1.0,1.0,0.0
5407,0,0.0,2.0,1,0.0,0.5,0.75,
5430,0,0.0,0.0,0,1.0,1.0,0.8,0.7
5433,0,0.0,2.0,1,1.0,0.75,0.25,
5438,0,0.0,3.0,1,1.0,0.05,0.9,0.5
5454,0,0.0,3.0,1,1.0,0.5,1.0,
5479,1,1.0,3.0,1,0.0,,,0.5
5495,0,0.0,0.0,0,1.0,0.0,1.0,0.5
5503,0,0.0,3.0,1,0.0,,,
5513,1,0.0,3.0,1,0.0,,,
5526,0,0.0,2.0,1,0.0,0.0,0.8,0.1
5529,1,0.0,0.0,0,1.0,1.0,0.0,1.0
5541,0,1.0,0.0,0,0.0,0.5,0.5,0.5
5557,0,0.0,2.0,1,0.0,0.0,1.0,0.0
5564,0,1.0,2.0,1,0.0,0.3,0.9,0.25
5568,0,0.0,3.0,1,1.0,0.2,0.7,0.5
5572,0,0.0,5.0,1,1.0,0.0,1.0,0.8
5610,0,0.0,0.0,0,1.0,1.0,0.0,0.8
5612,0,0.0,2.0,1,1.0,0.0,1.0,0.75
5631,0,1.0,2.0,1,0.0,0.0,1.0,0.5
5663,0,0.0,0.0,0,1.0,0.0,1.0,1.0
5676,0,0.0,2.0,1,1.0,0.3,0.9,0.5
5693,0,0.0,3.0,1,1.0,0.0,1.0,0.5
5703,0,0.0,2.0,1,1.0,0.5,0.5,0.75
5707,1,1.0,3.0,1,0.0,0.8,0.8,0.5
5743,0,1.0,2.0,1,0.0,0.1,0.9,0.7
5772,0,0.0,3.0,1,0.0,,1.0,
5795,0,1.0,3.0,1,0.0,1.0,0.1,0.4
5797,1,0.0,1.0,1,0.0,0.5,0.0,0.0
5857,1,0.0,3.0,1,0.0,0.0,1.0,
5885,0,1.0,1.0,1,0.0,0.8,0.5,0.9
5933,0,1.0,6.0,1,0.0,1.0,0.0,
5941,0,1.0,2.0,1,0.0,1.0,1.0,1.0
5943,1,0.0,2.0,1,0.0,0.15,0.15,
5949,0,0.0,2.0,1,0.0,1.0,0.2,1.0
5951,1,0.0,0.0,0,0.0,0.0,0.75,0.0
5956,0,0.0,1.0,1,1.0,0.25,1.0,0.6
5961,1,0.0,1.0,1,1.0,,0.5,
5968,1,1.0,2.0,1,0.0,0.2,0.9,0.5
6001,0,0.0,3.0,1,0.0,0.0,,1.0
6010,0,0.0,2.0,1,1.0,0.0,1.0,1.0
6012,0,0.0,2.0,1,1.0,0.9,1.0,0.1
6028,1,0.0,2.0,1,0.0,,0.75,0.8
6029,0,0.0,5.0,1,1.0,0.95,0.95,
6041,0,0.0,3.0,1,0.0,0.25,0.75,0.75
6049,0,0.0,3.0,1,1.0,0.5,0.9,0.15
6060,0,0.0,2.0,1,1.0,0.75,1.0,0.1
6073,0,1.0,0.0,0,0.0,0.5,1.0,0.1
6089,0,0.0,2.0,1,0.0,0.8,0.8,0.5
6126,1,0.0,3.0,1,1.0,0.0,0.0,0.0
6143,0,0.0,2.0,1,0.0,0.25,0.95,0.8
6145,0,0.0,3.0,1,0.0,0.5,0.0,1.0
6146,0,0.0,2.0,1,0.0,,,
6159,0,0.0,3.0,1,0.0,0.9,1.0,0.5
6178,0,0.0,0.0,0,1.0,,,0.9
6196,0,0.0,2.0,1,0.0,0.9,0.9,0.5
6201,0,0.0,0.0,0,1.0,0.25,0.6,0.5
6217,0,0.0,6.0,1,1.0,0.75,0.9,0.95
6234,1,0.0,0.0,0,0.0,1.0,0.2,0.8
6245,1,0.0,0.0,0,1.0,0.75,0.0,0.8
6249,0,0.0,2.0,1,1.0,1.0,1.0,0.0
6261,0,0.0,3.0,1,1.0,0.5,1.0,0.75
6272,0,0.0,1.0,1,1.0,1.0,0.5,0.5
6277,0,0.0,2.0,1,1.0,0.01,1.0,0.5
6288,1,0.0,1.0,1,1.0,0.2,1.0,0.5
6310,0,0.0,2.0,1,1.0,1.0,0.0,1.0
6318,0,0.0,0.0,0,0.0,,,
6321,0,1.0,2.0,1,0.0,1.0,0.4,0.0
6323,0,0.0,0.0,0,1.0,0.6,1.0,0.1
6330,1,1.0,0.0,0,0.0,0.35,0.35,0.1
6335,0,1.0,2.0,1,0.0,1.0,1.0,1.0
6345,0,1.0,4.0,1,0.0,0.0,1.0,0.0
6348,0,1.0,3.0,1,0.0,0.75,1.0,0.1
6349,0,0.0,2.0,1,1.0,0.75,0.75,0.1
6357,0,0.0,3.0,1,1.0,0.5,,0.05
6361,0,1.0,0.0,0,0.0,,,
6374,1,0.0,2.0,1,0.0,0.0,1.0,1.0
6377,1,1.0,2.0,1,0.0,0.5,1.0,0.8
6386,0,0.0,2.0,1,1.0,0.0,0.4,0.8
6395,0,0.0,2.0,1,0.0,1.0,0.5,0.05
6406,0,0.0,3.0,1,1.0,0.1,1.0,0.75
6410,0,1.0,1.0,1,0.0,0.7,1.0,0.4
6430,0,0.0,1.0,1,1.0,,1.0,0.7
6457,0,0.0,2.0,1,1.0,0.1,0.5,0.9
6465,0,0.0,0.0,0,1.0,0.05,1.0,0.75
6474,0,1.0,2.0,1,0.0,0.0,1.0,0.1
6479,1,0.0,4.0,1,0.0,0.5,1.0,0.0
6482,1,1.0,2.0,1,0.0,0.6,0.5,0.7
6492,1,1.0,2.0,1,0.0,0.75,1.0,0.0
6502,0,0.0,2.0,1,1.0,0.0,1.0,0.75
6511,0,1.0,1.0,1,0.0,0.1,0.95,0.01
6524,0,1.0,0.0,0,0.0,,,
6530,0,1.0,0.0,0,0.0,0.5,1.0,0.5
6536,0,0.0,0.0,0,1.0,0.0,1.0,0.0
6570,0,0.0,2.0,1,0.0,0.4,1.0,0.85
6578,1,0.0,2.0,1,1.0,0.0,1.0,1.0
6587,0,1.0,4.0,1,0.0,0.0,1.0,0.5
6611,1,0.0,2.0,1,1.0,0.1,0.5,0.8
6623,0,0.0,1.0,1,1.0,1.0,1.0,0.0
6629,0,0.0,3.0,1,0.0,0.25,0.75,0.5
6631,0,0.0,2.0,1,0.0,0.0,1.0,0.5
6638,0,0.0,2.0,1,1.0,0.2,0.9,0.5
6656,1,0.0,0.0,0,1.0,1.0,1.0,
6673,1,0.0,3.0,1,0.0,0.5,0.0,
6678,0,1.0,0.0,0,0.0,0.6,1.0,1.0
6697,1,0.0,2.0,1,1.0,0.0,1.0,
6712,1,0.0,5.0,1,1.0,0.5,1.0,0.1
6713,0,0.0,0.0,0,0.0,0.8,0.1,0.8
6716,0,0.0,2.0,1,1.0,0.25,1.0,1.0
6717,0,1.0,3.0,1,0.0,0.8,1.0,0.9
6729,0,0.0,0.0,0,0.0,0.0,0.0,1.0
6740,0,0.0,2.0,1,1.0,0.1,0.1,
6747,1,1.0,0.0,0,0.0,0.2,0.5,
6759,1,0.0,1.0,1,1.0,0.1,1.0,0.8
6765,1,0.0,0.0,0,1.0,0.05,0.9,0.9
6801,1,0.0,0.0,0,1.0,0.6,0.9,0.7
6810,0,1.0,2.0,1,0.0,1.0,1.0,0.05
6823,1,0.0,1.0,1,1.0,,,
6845,0,0.0,2.0,1,1.0,0.6,1.0,1.0
6852,1,1.0,3.0,1,0.0,0.0,0.8,
6854,0,0.0,2.0,1,0.0,1.0,0.0,1.0
6871,0,0.0,2.0,1,0.0,0.0,1.0,0.5
6873,1,0.0,0.0,0,1.0,0.4,0.5,0.75
6878,0,0.0,3.0,1,1.0,0.85,,
6892,1,0.0,0.0,0,0.0,1.0,0.0,0.0
6900,1,1.0,0.0,0,0.0,0.4,0.1,0.95
6906,0,0.0,2.0,1,0.0,0.1,1.0,0.7
6967,0,0.0,4.0,1,1.0,0.3,1.0,0.0
6983,0,0.0,1.0,1,0.0,1.0,1.0,0.5
6987,0,0.0,0.0,0,1.0,0.15,0.0,0.8
6993,1,0.0,0.0,0,1.0,,1.0,0.9
7002,0,0.0,3.0,1,1.0,1.0,1.0,0.9
7029,1,1.0,1.0,1,0.0,0.25,1.0,0.5
7036,0,1.0,2.0,1,0.0,0.5,0.85,0.1
7057,0,0.0,2.0,1,0.0,,0.5,1.0
7063,1,0.0,1.0,1,1.0,0.0,0.0,0.4
7069,0,1.0,3.0,1,0.0,0.0,1.0,0.0
7078,0,0.0,2.0,1,0.0,0.1,1.0,1.0
7087,0,0.0,1.0,1,0.0,,,
7094,0,0.0,3.0,1,1.0,1.0,1.0,
7143,0,1.0,2.0,1,0.0,0.5,1.0,
7147,0,0.0,2.0,1,1.0,,,
7175,1,0.0,1.0,1,1.0,0.35,1.0,0.0
7179,0,0.0,2.0,1,0.0,0.85,0.9,0.3
7180,0,1.0,3.0,1,0.0,1.0,1.0,0.0
7185,0,0.0,3.0,1,0.0,0.4,0.75,0.45
7192,0,0.0,3.0,1,0.0,0.0,1.0,0.0
7201,0,0.0,0.0,0,1.0,0.1,1.0,0.75
7210,0,1.0,1.0,1,0.0,,,
7246,0,1.0,0.0,0,0.0,0.25,1.0,0.5
7287,0,1.0,1.0,1,0.0,0.5,1.0,0.7
7291,0,1.0,2.0,1,0.0,,0.5,
7312,0,0.0,0.0,0,1.0,0.5,0.0,1.0
7332,0,0.0,2.0,1,1.0,0.1,1.0,0.0
7344,0,1.0,2.0,1,0.0,,0.0,0.0
7345,0,0.0,0.0,0,1.0,1.0,,1.0
7363,0,0.0,2.0,1,0.0,0.8,0.2,0.2
7387,1,0.0,0.0,0,1.0,1.0,0.1,0.1
7390,0,0.0,2.0,1,0.0,1.0,0.9,0.3
7391,0,0.0,3.0,1,0.0,0.8,1.0,0.0
7392,1,1.0,4.0,1,0.0,0.5,0.5,0.5
7393,1,1.0,4.0,1,0.0,0.1,1.0,0.15
7396,0,0.0,3.0,1,1.0,0.0,1.0,0.0
7409,0,0.0,0.0,0,1.0,0.85,,0.4
7429,0,1.0,4.0,1,0.0,0.0,1.0,1.0
7441,0,0.0,0.0,0,0.0,0.0,,
7449,1,1.0,3.0,1,0.0,0.0,1.0,0.25
7468,1,0.0,3.0,1,1.0,0.5,0.8,0.2
7474,0,0.0,2.0,1,1.0,0.5,0.5,
7488,1,0.0,0.0,0,0.0,0.5,0.75,
7491,0,0.0,2.0,1,1.0,0.1,0.0,0.75
7496,0,0.0,2.0,1,1.0,0.0,1.0,0.1
7529,1,0.0,1.0,1,0.0,0.85,0.0,0.0
7532,0,0.0,3.0,1,1.0,1.0,1.0,0.0
7536,1,0.0,2.0,1,0.0,0.1,1.0,0.0
7538,0,0.0,3.0,1,1.0,0.75,0.25,0.05
7540,0,1.0,3.0,1,0.0,0.8,0.75,0.1
7545,1,0.0,3.0,1,1.0,,0.75,0.5
7558,0,0.0,0.0,0,1.0,0.8,0.9,0.96
7567,0,0.0,1.0,1,1.0,0.85,0.9,0.9
7589,1,0.0,4.0,1,1.0,0.0,1.0,0.5
7595,1,0.0,1.0,1,1.0,0.6,1.0,0.2
7607,0,0.0,1.0,1,0.0,1.0,1.0,
7621,0,0.0,2.0,1,1.0,0.0,0.5,0.25
7688,0,0.0,0.0,0,0.0,1.0,0.0,0.1
7698,0,0.0,0.0,0,1.0,0.0,1.0,0.1
7699,1,0.0,0.0,0,0.0,0.0,1.0,0.0
7730,0,0.0,5.0,1,1.0,0.0,1.0,0.99
7766,0,0.0,2.0,1,1.0,0.15,0.75,0.3
7790,0,0.0,2.0,1,1.0,0.1,0.9,0.75
7791,0,0.0,0.0,0,0.0,0.0,1.0,0.9
7815,1,0.0,0.0,0,0.0,,,
7836,0,0.0,2.0,1,1.0,0.0,1.0,0.0
7852,1,0.0,3.0,1,0.0,0.25,0.25,0.5
7854,0,0.0,2.0,1,0.0,0.1,1.0,0.15
7860,1,0.0,0.0,0,1.0,0.4,0.6,
7863,0,0.0,2.0,1,1.0,0.0,1.0,0.5
7870,0,1.0,3.0,1,0.0,0.75,1.0,0.9
7873,0,1.0,6.0,1,0.0,0.1,1.0,0.95
7907,0,1.0,0.0,0,0.0,0.5,0.0,0.5
7908,1,0.0,0.0,0,0.0,1.0,0.0,0.8
7911,0,0.0,3.0,1,1.0,0.0,1.0,0.6
7966,0,0.0,2.0,1,0.0,0.95,0.95,0.5
7979,1,1.0,2.0,1,0.0,,,0.7
7987,0,1.0,2.0,1,0.0,0.25,1.0,0.0
7999,1,0.0,2.0,1,1.0,0.0,1.0,1.0
8003,0,0.0,2.0,1,1.0,0.8,1.0,1.0
8006,0,0.0,4.0,1,1.0,0.1,0.95,0.6
8008,1,0.0,2.0,1,0.0,0.25,0.5,
8009,1,1.0,2.0,1,0.0,,1.0,0.5
8033,1,0.0,0.0,0,1.0,1.0,0.5,0.6
8039,0,0.0,2.0,1,1.0,0.0,1.0,
8049,0,0.0,1.0,1,0.0,0.25,1.0,0.9
8051,0,0.0,2.0,1,1.0,,1.0,0.8
8053,1,0.0,2.0,1,1.0,1.0,0.75,0.5
8072,1,0.0,0.0,0,1.0,0.2,0.8,0.2
8077,1,0.0,2.0,1,1.0,0.5,0.8,0.8
8099,1,0.0,4.0,1,1.0,,1.0,0.0
8111,1,0.0,2.0,1,0.0,0.5,0.5,0.75
8122,1,1.0,1.0,1,0.0,0.5,0.75,0.75
8126,1,1.0,2.0,1,0.0,1.0,,
8127,1,0.0,3.0,1,0.0,0.1,1.0,0.1
8144,0,0.0,1.0,1,1.0,0.0,1.0,0.5
8170,0,1.0,4.0,1,0.0,0.0,1.0,0.0
8174,1,0.0,0.0,0,1.0,0.1,0.03,0.5
8181,0,1.0,2.0,1,0.0,,,
8196,0,0.0,1.0,1,1.0,0.0,1.0,0.1
8204,0,0.0,3.0,1,1.0,0.0,1.0,0.95
8206,1,0.0,0.0,0,1.0,,,
8224,1,0.0,0.0,0,1.0,0.8,1.0,1.0
8226,1,0.0,2.0,1,1.0,0.0,1.0,
8231,0,1.0,1.0,1,0.0,1.0,0.75,0.5
8232,1,0.0,0.0,0,1.0,0.0,0.0,0.25
8234,0,1.0,3.0,1,0.0,0.0,1.0,0.6
8249,1,0.0,1.0,1,0.0,1.0,0.1,0.2
8258,1,0.0,3.0,1,1.0,0.25,1.0,0.1
8263,1,0.0,6.0,1,1.0,0.0,1.0,0.0
8264,1,0.0,4.0,1,1.0,,1.0,1.0
8270,0,1.0,2.0,1,0.0,0.1,1.0,0.1
8282,0,0.0,1.0,1,1.0,0.05,1.0,0.05
8287,1,0.0,2.0,1,1.0,0.0,1.0,
8289,1,0.0,2.0,1,1.0,0.95,0.1,
8290,0,0.0,2.0,1,0.0,0.0,1.0,0.1
8304,0,0.0,3.0,1,1.0,0.1,0.2,0.9
8305,1,0.0,0.0,0,1.0,,,
8310,0,0.0,5.0,1,1.0,0.22,0.88,0.04
8318,1,0.0,0.0,0,0.0,0.5,0.2,0.5
8319,1,0.0,3.0,1,1.0,0.5,0.85,0.8
8322,0,0.0,2.0,1,1.0,0.3,0.9,
8325,1,0.0,3.0,1,1.0,0.0,1.0,0.5
8326,0,0.0,0.0,0,0.0,0.5,0.75,0.9
8333,0,1.0,0.0,0,0.0,0.0,1.0,0.0
8338,1,0.0,2.0,1,1.0,0.2,0.9,0.5
8377,1,1.0,0.0,0,0.0,1.0,0.5,0.99
8390,1,1.0,0.0,0,0.0,0.25,0.8,0.3
8393,1,0.0,2.0,1,0.0,0.0,1.0,0.0
8401,0,0.0,0.0,0,1.0,0.1,1.0,1.0
8416,1,0.0,2.0,1,1.0,0.5,0.6,
8417,1,1.0,0.0,0,0.0,,,
8418,0,0.0,4.0,1,1.0,0.0,1.0,0.25
8420,0,0.0,3.0,1,0.0,0.0,0.75,
8424,0,0.0,3.0,1,1.0,0.05,1.0,0.8
8430,1,0.0,0.0,0,0.0,0.5,0.5,0.5
8434,0,0.0,2.0,1,1.0,0.3,1.0,0.15
8439,0,1.0,0.0,0,0.0,0.0,0.3,0.5
8440,0,0.0,4.0,1,0.0,0.1,0.8,0.5
8460,0,1.0,4.0,1,0.0,1.0,1.0,0.0
8461,0,0.0,2.0,1,0.0,1.0,1.0,1.0
8467,1,0.0,2.0,1,0.0,0.0,1.0,0.2
8474,0,0.0,0.0,0,1.0,0.75,,0.0
8475,1,1.0,0.0,0,0.0,0.25,0.5,0.75
8486,0,0.0,2.0,1,1.0,0.0,1.0,0.25
8503,0,0.0,1.0,1,1.0,0.2,0.95,0.7
8504,0,0.0,2.0,1,1.0,1.0,0.5,0.85
8505,1,0.0,2.0,1,1.0,0.0,1.0,0.0
8510,0,0.0,2.0,1,0.0,0.9,0.8,0.7
8513,0,1.0,0.0,0,0.0,1.0,0.0,
8529,0,1.0,0.0,0,0.0,0.75,0.0,0.1
8532,0,1.0,0.0,0,0.0,0.2,0.6,0.3
8538,1,1.0,0.0,0,0.0,,1.0,
8556,1,0.0,2.0,1,1.0,0.5,0.9,0.5
8561,0,0.0,2.0,1,1.0,0.1,0.9,0.5
8574,0,0.0,3.0,1,1.0,0.8,0.8,0.5
8576,0,1.0,3.0,1,0.0,0.0,1.0,0.1
8612,1,0.0,2.0,1,1.0,0.05,0.5,0.2
8614,1,0.0,2.0,1,1.0,0.9,0.9,
8623,0,0.0,2.0,1,1.0,,,
8637,1,0.0,2.0,1,1.0,0.8,0.1,0.1
8648,0,1.0,2.0,1,0.0,0.0,1.0,
8649,0,0.0,2.0,1,1.0,0.4,1.0,0.9
8669,1,1.0,0.0,0,0.0,0.9,0.5,0.7
8698,1,0.0,0.0,0,0.0,0.9,0.2,
8718,1,0.0,1.0,1,1.0,,,
8719,0,0.0,4.0,1,0.0,0.8,0.8,0.05
8721,1,1.0,2.0,1,0.0,0.1,0.5,
8734,1,0.0,0.0,0,1.0,0.9,0.6,0.7
8749,1,0.0,0.0,0,1.0,0.5,0.5,0.1
8765,0,0.0,2.0,1,1.0,1.0,1.0,0.0
8767,0,0.0,5.0,1,0.0,0.1,0.5,0.25
8781,0,1.0,2.0,1,0.0,1.0,1.0,0.3
8783,1,1.0,3.0,1,0.0,0.7,0.7,0.3
8786,0,1.0,2.0,1,0.0,,,
8790,1,0.0,2.0,1,1.0,0.5,0.5,0.8
8810,0,0.0,2.0,1,1.0,0.0,1.0,0.1
8818,0,0.0,4.0,1,1.0,0.7,,
8822,1,0.0,0.0,0,1.0,0.8,0.2,0.6
8823,1,1.0,1.0,1,0.0,,,
8832,1,1.0,0.0,0,0.0,0.1,0.5,0.5
8848,0,0.0,3.0,1,0.0,0.1,0.9,0.3
8858,1,0.0,0.0,0,1.0,0.75,0.5,0.9
8862,0,0.0,2.0,1,1.0,0.8,,1.0
8880,1,1.0,2.0,1,0.0,1.0,,
8901,0,1.0,2.0,1,0.0,0.8,0.5,0.0
8902,0,0.0,2.0,1,1.0,0.8,0.0,0.25
8911,1,1.0,0.0,0,0.0,,,1.0
8912,0,0.0,2.0,1,0.0,0.0,1.0,0.1
8917,1,0.0,2.0,1,1.0,1.0,,
8942,1,0.0,1.0,1,0.0,,0.8,0.1
8946,0,0.0,2.0,1,1.0,0.1,1.0,0.9
8953,0,0.0,2.0,1,1.0,1.0,0.9,0.2
8958,0,0.0,2.0,1,1.0,0.0,1.0,0.5
8970,1,0.0,1.0,1,0.0,1.0,0.05,0.8
8984,0,0.0,0.0,0,1.0,,,
8986,1,1.0,3.0,1,0.0,0.15,0.45,
8997,0,0.0,0.0,0,1.0,0.0,1.0,0.75
9062,1,1.0,2.0,1,0.0,0.2,0.9,0.3
9071,0,1.0,2.0,1,0.0,0.0,0.0,
9115,0,0.0,2.0,1,0.0,0.05,0.85,0.15
9161,0,1.0,2.0,1,0.0,0.75,0.1,0.1
9171,0,0.0,2.0,1,1.0,1.0,,
9180,1,0.0,1.0,1,1.0,,,
9192,1,0.0,3.0,1,0.0,,,
9193,0,1.0,2.0,1,0.0,0.0,1.0,
9198,1,1.0,1.0,1,0.0,0.8,1.0,0.75
9217,1,0.0,2.0,1,1.0,0.0,1.0,
9232,1,0.0,2.0,1,1.0,0.75,0.8,0.5
9241,0,0.0,1.0,1,1.0,0.0,1.0,0.4
9242,0,0.0,3.0,1,1.0,0.4,0.8,0.9
9244,0,0.0,1.0,1,1.0,0.25,1.0,0.5
9246,0,0.0,0.0,0,1.0,0.6,,0.85
9270,0,0.0,4.0,1,1.0,1.0,0.6,0.7
9291,0,1.0,0.0,0,0.0,0.75,1.0,0.5
9296,0,0.0,3.0,1,1.0,0.0,1.0,0.3
9331,0,1.0,1.0,1,0.0,,1.0,
9342,0,1.0,4.0,1,0.0,0.66,0.22,1.0
9353,0,0.0,4.0,1,0.0,0.25,1.0,0.9
9367,0,1.0,3.0,1,0.0,0.05,0.75,0.5
9370,1,0.0,0.0,0,0.0,0.9,0.25,1.0
9390,1,0.0,2.0,1,1.0,0.0,1.0,0.0
9426,0,0.0,1.0,1,1.0,,,
9440,1,0.0,2.0,1,1.0,1.0,1.0,
9448,1,0.0,3.0,1,1.0,0.65,1.0,0.3
9450,0,0.0,2.0,1,1.0,0.65,0.75,0.75
9453,0,1.0,1.0,1,0.0,1.0,1.0,1.0
9460,0,1.0,3.0,1,0.0,0.4,0.95,0.9
9481,1,1.0,3.0,1,0.0,1.0,1.0,0.15
9486,0,0.0,3.0,1,0.0,0.5,1.0,0.0
9492,1,1.0,1.0,1,0.0,0.2,1.0,0.5
9512,0,0.0,1.0,1,0.0,0.0,1.0,0.1
9552,1,1.0,3.0,1,0.0,0.0,1.0,0.9
9558,0,0.0,2.0,1,0.0,0.6,1.0,0.8
9560,1,0.0,2.0,1,1.0,0.15,1.0,0.2
9564,0,0.0,2.0,1,1.0,0.0,1.0,0.0
9578,0,0.0,3.0,1,1.0,1.0,0.0,0.1
9616,0,0.0,0.0,0,1.0,0.25,0.98,0.8
9637,0,1.0,2.0,1,0.0,1.0,,0.8
9659,0,0.0,0.0,0,1.0,0.9,0.7,0.9
9684,0,0.0,1.0,1,0.0,0.5,0.5,
9689,0,0.0,0.0,0,1.0,0.05,1.0,0.75
9713,1,0.0,2.0,1,0.0,1.0,0.8,0.7
9717,1,1.0,2.0,1,0.0,0.5,1.0,0.7
9726,1,1.0,3.0,1,0.0,0.95,0.0,0.0
9735,0,0.0,0.0,0,1.0,,,
9737,1,1.0,0.0,0,0.0,1.0,0.25,0.1
9743,1,0.0,0.0,0,0.0,,,
9779,1,0.0,0.0,0,1.0,0.0,1.0,1.0
9792,1,0.0,0.0,0,1.0,0.2,0.25,0.1
9798,1,1.0,2.0,1,0.0,,,
9857,1,0.0,5.0,1,0.0,0.0,0.5,
9894,1,0.0,0.0,0,1.0,0.75,1.0,0.05
9909,1,1.0,2.0,1,0.0,1.0,1.0,1.0
9925,1,0.0,0.0,0,1.0,0.5,0.5,1.0
9936,1,1.0,2.0,1,0.0,0.05,0.75,0.5
9939,1,0.0,0.0,0,1.0,0.0,1.0,0.0
9957,0,0.0,0.0,0,0.0,0.0,1.0,0.1
9961,1,0.0,3.0,1,1.0,0.0,1.0,0.0
9985,1,0.0,0.0,0,1.0,,,
10008,1,0.0,0.0,0,1.0,,,0.5
10032,1,0.0,1.0,1,0.0,,0.5,0.65
10043,1,0.0,2.0,1,1.0,0.1,0.8,0.9
10066,1,0.0,3.0,1,0.0,0.0,1.0,0.25
10072,1,1.0,0.0,0,0.0,1.0,0.0,
10104,1,0.0,0.0,0,1.0,0.5,0.8,0.8
10119,1,0.0,3.0,1,0.0,1.0,,
10120,1,0.0,0.0,0,1.0,0.5,0.9,0.05
10145,1,0.0,0.0,0,1.0,0.5,1.0,1.0
10169,1,1.0,0.0,0,0.0,1.0,0.0,0.0
10187,1,1.0,1.0,1,0.0,0.5,,0.5
10209,1,0.0,0.0,0,0.0,0.0,0.0,0.8
10213,0,1.0,1.0,1,0.0,1.0,1.0,
10214,0,0.0,2.0,1,1.0,0.0,1.0,0.0
10215,0,0.0,0.0,0,1.0,0.2,1.0,0.05
10224,1,0.0,2.0,1,0.0,1.0,1.0,0.25
10229,0,0.0,0.0,0,1.0,0.5,0.3,0.5
10240,0,0.0,2.0,1,1.0,0.05,0.95,0.35
10245,0,1.0,3.0,1,0.0,0.0,,
10283,0,0.0,3.0,1,1.0,0.4,1.0,0.5
10290,1,0.0,2.0,1,1.0,0.2,1.0,0.9
10302,1,0.0,2.0,1,0.0,,1.0,
10313,0,0.0,0.0,0,1.0,0.1,1.0,0.1
10316,0,1.0,2.0,1,0.0,0.8,1.0,0.75
10326,0,1.0,2.0,1,0.0,0.95,1.0,0.05
10327,0,1.0,2.0,1,0.0,0.1,1.0,0.1
10338,0,0.0,0.0,0,0.0,0.5,0.6,1.0
10346,1,1.0,2.0,1,0.0,0.5,1.0,0.2
10356,0,0.0,2.0,1,1.0,0.5,,0.1
10386,0,0.0,0.0,0,1.0,0.0,1.0,0.8
10396,1,0.0,2.0,1,1.0,0.5,1.0,0.1
10399,0,1.0,3.0,1,0.0,0.75,0.05,0.95
10403,0,0.0,3.0,1,0.0,1.0,1.0,
10404,1,0.0,0.0,0,1.0,0.5,0.8,0.5
10405,0,0.0,3.0,1,1.0,0.5,1.0,0.0
10407,0,0.0,0.0,0,1.0,0.0,0.85,0.25
10409,0,1.0,4.0,1,0.0,,0.5,
10424,1,0.0,2.0,1,1.0,0.8,0.5,0.65
10431,0,0.0,2.0,1,1.0,0.9,0.5,0.5
10442,1,0.0,0.0,0,1.0,0.0,1.0,0.0
10460,0,0.0,1.0,1,0.0,0.72,1.0,
10462,0,0.0,2.0,1,0.0,0.2,0.5,
10486,1,0.0,2.0,1,1.0,0.7,0.6,0.3
10498,0,0.0,0.0,0,1.0,0.9,,
10503,0,0.0,2.0,1,1.0,0.2,1.0,0.2
10525,0,0.0,0.0,0,0.0,,,0.5
10532,1,0.0,0.0,0,1.0,0.5,0.0,0.0
10541,0,0.0,1.0,1,1.0,,,
10551,0,0.0,1.0,1,0.0,0.2,0.65,0.35
10553,0,1.0,0.0,0,0.0,,,0.5
10556,0,0.0,0.0,0,1.0,0.5,0.9,0.8
10565,1,0.0,0.0,0,1.0,0.7,0.5,1.0
10577,1,0.0,0.0,0,1.0,0.1,0.9,0.9
10589,1,0.0,1.0,1,1.0,0.5,0.95,0.95
10594,0,0.0,2.0,1,1.0,0.2,0.95,0.7
10603,1,1.0,2.0,1,0.0,0.5,,0.2
10605,0,0.0,0.0,0,1.0,0.0,0.9,0.8
10648,0,0.0,3.0,1,1.0,0.0,1.0,0.0
10667,1,1.0,3.0,1,0.0,0.2,1.0,0.0
10700,1,1.0,1.0,1,0.0,0.8,1.0,0.8
10721,1,1.0,3.0,1,0.0,1.0,,
10723,0,0.0,3.0,1,1.0,1.0,1.0,0.5
10738,0,0.0,1.0,1,1.0,0.0,0.99,0.4
10740,1,1.0,0.0,0,0.0,0.5,0.75,0.5
10746,0,0.0,1.0,1,1.0,0.0,1.0,0.65
10791,1,1.0,0.0,0,0.0,1.0,,0.0
10797,0,0.0,3.0,1,1.0,0.0,1.0,1.0
10807,0,1.0,0.0,0,0.0,0.0,1.0,0.5
10812,1,0.0,1.0,1,0.0,0.5,1.0,
10813,1,0.0,2.0,1,1.0,0.8,0.8,
10822,1,0.0,3.0,1,1.0,0.0,,
10826,0,0.0,1.0,1,1.0,0.9,1.0,0.0
10854,1,1.0,2.0,1,0.0,0.5,0.95,0.1
10862,0,0.0,0.0,0,1.0,0.5,1.0,0.8
10872,1,0.0,2.0,1,0.0,0.1,0.5,0.1
10897,0,0.0,4.0,1,1.0,0.0,1.0,0.5
10900,0,1.0,2.0,1,0.0,0.9,0.95,0.5
10920,1,0.0,2.0,1,1.0,0.8,1.0,
10927,1,1.0,0.0,0,0.0,0.5,0.1,0.9
10929,0,0.0,2.0,1,1.0,0.5,1.0,0.15
10935,0,1.0,1.0,1,0.0,,,
10948,1,0.0,2.0,1,0.0,0.0,1.0,0.95
10978,1,1.0,3.0,1,0.0,,0.75,
10981,1,0.0,0.0,0,1.0,0.1,0.85,0.8
10997,0,0.0,0.0,0,0.0,0.0,1.0,0.25
11002,0,0.0,2.0,1,1.0,0.0,1.0,0.7
11007,0,0.0,3.0,1,1.0,0.1,0.9,0.75
11011,1,1.0,2.0,1,0.0,0.25,0.75,0.1
11012,1,0.0,0.0,0,1.0,,,1.0
11016,0,0.0,3.0,1,1.0,1.0,0.0,0.0
11035,1,0.0,0.0,0,1.0,0.1,0.1,0.25
11044,1,1.0,1.0,1,0.0,0.99,0.25,0.99
11049,0,0.0,3.0,1,1.0,0.3,1.0,0.5
11067,1,0.0,2.0,1,0.0,0.1,1.0,0.25
11073,0,0.0,0.0,0,1.0,0.0,0.75,0.1
11076,0,0.0,1.0,1,1.0,0.05,0.9,0.25
11087,1,0.0,1.0,1,1.0,0.0,1.0,0.0
11105,0,0.0,3.0,1,1.0,0.4,1.0,0.25
11110,1,0.0,0.0,0,1.0,0.1,0.9,0.7
11111,1,1.0,2.0,1,0.0,,,
11116,1,0.0,0.0,0,1.0,0.95,0.0,1.0
11139,0,0.0,2.0,1,1.0,0.0,0.75,0.8
11157,1,0.0,1.0,1,1.0,0.8,0.75,0.9
11164,1,0.0,2.0,1,1.0,0.5,0.8,0.5
11182,1,0.0,0.0,0,0.0,1.0,0.5,0.8
11189,1,0.0,3.0,1,1.0,0.0,1.0,0.8
11197,1,0.0,0.0,0,1.0,0.1,0.75,0.7
11205,1,0.0,1.0,1,0.0,0.75,0.65,0.5
11209,1,1.0,4.0,1,0.0,,1.0,1.0
11245,1,1.0,0.0,0,0.0,0.9,0.3,0.75
11255,1,0.0,2.0,1,1.0,0.5,0.1,0.5
11291,1,0.0,2.0,1,1.0,0.5,0.9,0.9
11299,1,0.0,1.0,1,1.0,1.0,0.0,0.25
11321,1,0.0,0.0,0,1.0,0.5,0.8,0.9
11332,1,1.0,1.0,1,0.0,0.5,1.0,0.5
11340,1,0.0,3.0,1,0.0,0.05,1.0,0.6
11342,0,0.0,0.0,0,1.0,0.5,0.4,0.7
11379,1,1.0,1.0,1,0.0,0.3,1.0,0.0
11395,1,0.0,3.0,1,1.0,0.9,0.9,
11425,1,0.0,1.0,1,1.0,0.0,0.1,0.2
11432,1,1.0,3.0,1,0.0,0.0,0.5,0.0
11441,1,0.0,2.0,1,1.0,0.5,0.5,0.05
11453,1,0.0,2.0,1,1.0,,1.0,
11464,1,0.0,0.0,0,1.0,0.5,0.5,0.3
11472,0,0.0,3.0,1,0.0,0.0,1.0,0.0
11489,0,0.0,2.0,1,1.0,0.25,1.0,1.0
11492,1,0.0,1.0,1,0.0,0.5,1.0,0.0
11507,0,0.0,2.0,1,0.0,0.75,1.0,0.05
11512,0,0.0,2.0,1,0.0,,,1.0
11529,0,0.0,0.0,0,1.0,0.0,0.5,
11538,0,1.0,2.0,1,0.0,0.0,1.0,0.0
11555,0,0.0,2.0,1,1.0,0.4,0.4,0.4
11557,0,0.0,2.0,1,1.0,1.0,1.0,
11616,0,0.0,1.0,1,1.0,0.6,0.7,0.4
11626,1,1.0,2.0,1,0.0,1.0,0.0,0.0
11632,0,1.0,3.0,1,0.0,0.0,1.0,
11651,0,1.0,1.0,1,0.0,0.9,1.0,0.3
11652,0,0.0,0.0,0,1.0,0.1,0.5,0.1
11660,1,0.0,0.0,0,0.0,0.0,0.0,0.0
11681,1,0.0,1.0,1,1.0,0.0,1.0,0.33
11719,0,0.0,3.0,1,1.0,0.15,1.0,1.0
11720,0,0.0,3.0,1,1.0,0.8,1.0,0.2
11727,0,0.0,1.0,1,1.0,0.1,1.0,0.9
11729,0,0.0,6.0,1,1.0,0.2,0.8,0.5
11732,0,0.0,2.0,1,1.0,0.3,1.0,0.6
11738,1,0.0,3.0,1,1.0,1.0,0.99,0.1
11762,0,1.0,0.0,0,0.0,0.75,0.5,0.75
11794,0,0.0,0.0,0,1.0,0.75,,0.0
11802,0,0.0,2.0,1,1.0,1.0,1.0,0.25
11805,0,0.0,4.0,1,0.0,0.25,0.8,0.5
11853,1,1.0,2.0,1,0.0,0.8,1.0,
11866,0,1.0,2.0,1,0.0,0.75,0.0,0.9
11879,1,1.0,2.0,1,0.0,0.5,0.8,0.0
11880,0,0.0,2.0,1,1.0,,0.8,
11917,1,0.0,0.0,0,1.0,0.25,0.5,1.0
11932,1,1.0,1.0,1,0.0,0.5,1.0,0.0
11938,0,0.0,2.0,1,1.0,0.5,1.0,1.0
11949,0,0.0,2.0,1,0.0,0.0,1.0,0.0
12011,1,0.0,1.0,1,1.0,0.6,1.0,0.9
12028,1,0.0,0.0,0,1.0,0.0,1.0,0.8
12049,0,0.0,2.0,1,0.0,0.3,0.5,0.4
12061,0,0.0,5.0,1,1.0,0.1,0.9,0.5
12073,0,0.0,1.0,1,0.0,,1.0,
12088,0,0.0,2.0,1,0.0,1.0,0.2,0.2
12096,0,0.0,2.0,1,1.0,0.1,1.0,0.3
12099,0,0.0,2.0,1,1.0,0.5,0.6,0.25
12133,1,1.0,2.0,1,0.0,0.9,1.0,0.5
12139,1,0.0,2.0,1,0.0,0.0,1.0,0.4
12147,0,0.0,3.0,1,1.0,0.9,0.6,0.9
12181,0,0.0,1.0,1,1.0,0.95,1.0,0.5
12183,1,0.0,1.0,1,0.0,0.2,1.0,0.2
12223,0,0.0,2.0,1,1.0,0.0,1.0,0.7
12228,1,0.0,1.0,1,1.0,0.5,1.0,0.5
12236,0,0.0,0.0,0,1.0,0.8,0.1,0.9
12244,1,1.0,0.0,0,0.0,,0.8,0.6
12250,1,0.0,3.0,1,1.0,0.75,1.0,0.3
12256,0,0.0,2.0,1,1.0,1.0,1.0,0.9
12279,0,0.0,1.0,1,1.0,0.05,1.0,0.5
12297,1,0.0,5.0,1,0.0,0.1,0.8,0.8
12300,1,1.0,2.0,1,0.0,0.75,1.0,0.95
12328,1,0.0,0.0,0,1.0,0.75,0.8,0.4
12346,0,0.0,0.0,0,1.0,0.8,1.0,0.75
12347,1,0.0,4.0,1,0.0,1.0,0.8,0.5
12350,0,0.0,2.0,1,0.0,0.0,1.0,1.0
12390,0,0.0,2.0,1,1.0,0.1,0.8,0.6
12399,0,0.0,0.0,0,0.0,0.5,0.0,0.5
12421,1,1.0,2.0,1,0.0,0.15,,0.2
12432,1,0.0,2.0,1,0.0,,,
12463,0,1.0,3.0,1,0.0,1.0,1.0,0.5
12472,0,1.0,2.0,1,0.0,0.4,0.8,0.0
12500,1,1.0,0.0,0,0.0,0.85,0.25,0.05
12505,0,0.0,3.0,1,0.0,,,
12529,0,0.0,3.0,1,1.0,,,
12549,0,1.0,2.0,1,0.0,0.25,1.0,0.4
12557,0,0.0,2.0,1,1.0,0.05,0.95,0.05
12564,0,1.0,2.0,1,0.0,0.1,1.0,0.7
12647,0,1.0,4.0,1,0.0,0.0,1.0,0.5
12662,0,0.0,2.0,1,0.0,,,
12672,0,0.0,3.0,1,1.0,0.0,1.0,0.95
12683,0,0.0,3.0,1,0.0,1.0,0.6,0.2
12700,0,1.0,4.0,1,0.0,0.7,0.1,0.1
12725,0,0.0,1.0,1,1.0,0.8,1.0,0.15
12760,0,0.0,2.0,1,1.0,0.5,0.8,0.5
12767,0,1.0,2.0,1,0.0,0.1,1.0,0.25
12794,1,1.0,0.0,0,0.0,0.0,1.0,1.0
12803,1,0.0,0.0,0,1.0,,1.0,0.1
12825,0,1.0,0.0,0,0.0,0.4,0.2,0.5
12839,0,1.0,0.0,0,0.0,0.2,1.0,
12861,1,0.0,3.0,1,1.0,1.0,0.9,0.4
12871,1,0.0,2.0,1,1.0,0.0,1.0,
12880,0,0.0,2.0,1,1.0,0.1,1.0,0.25
12886,0,0.0,2.0,1,0.0,0.0,1.0,0.5
12913,1,0.0,2.0,1,1.0,0.4,0.6,0.55
12972,1,0.0,1.0,1,1.0,1.0,1.0,0.5
13012,1,0.0,0.0,0,1.0,0.2,0.9,0.9
13019,1,0.0,3.0,1,1.0,0.5,,
13033,1,0.0,2.0,1,1.0,0.1,0.8,0.8
13042,1,1.0,4.0,1,0.0,0.5,0.5,
13046,1,0.0,0.0,0,1.0,0.75,0.25,0.25
13049,0,0.0,2.0,1,1.0,0.8,0.8,0.75
13062,0,0.0,1.0,1,0.0,0.56,,
13065,0,0.0,3.0,1,0.0,0.3,0.25,0.05
13081,1,0.0,2.0,1,1.0,,1.0,
13082,0,0.0,2.0,1,1.0,1.0,0.25,0.0
13101,1,0.0,0.0,0,1.0,0.1,1.0,0.0
13109,1,0.0,2.0,1,1.0,0.2,1.0,0.0
13113,0,0.0,1.0,1,1.0,0.2,0.85,0.25
13137,0,1.0,3.0,1,0.0,1.0,0.1,0.08
13138,1,0.0,2.0,1,1.0,0.98,0.95,0.5
13170,0,1.0,1.0,1,0.0,1.0,0.5,1.0
13230,0,1.0,3.0,1,0.0,0.5,0.5,1.0
13338,0,1.0,2.0,1,0.0,0.05,0.9,0.02
13356,0,0.0,2.0,1,1.0,0.9,0.1,
13432,0,0.0,2.0,1,1.0,,,
13459,0,0.0,4.0,1,1.0,0.05,0.9,0.05
13534,1,0.0,0.0,0,1.0,0.2,0.9,0.2
13570,1,0.0,0.0,0,1.0,0.95,0.0,0.05
13596,1,0.0,1.0,1,1.0,0.5,1.0,0.6
13719,0,0.0,1.0,1,0.0,,1.0,1.0
13733,1,0.0,3.0,1,0.0,0.0,1.0,0.35
13777,0,0.0,0.0,0,1.0,0.5,1.0,0.8
13795,0,0.0,0.0,0,0.0,0.25,0.25,0.0
13866,0,1.0,0.0,0,0.0,,,0.4
13867,1,0.0,0.0,0,1.0,1.0,1.0,0.75
13896,1,0.0,0.0,0,1.0,0.95,0.0,0.9
13902,1,0.0,1.0,1,0.0,0.0,0.5,0.65
13926,1,0.0,1.0,1,1.0,0.0,1.0,0.25
13930,0,0.0,2.0,1,1.0,0.0,0.95,0.8
13967,1,0.0,2.0,1,1.0,0.5,1.0,0.25
13990,1,0.0,0.0,0,1.0,0.5,0.8,0.25
14001,1,0.0,0.0,0,1.0,0.4,1.0,0.7
14017,1,0.0,3.0,1,1.0,,,0.5
14024,0,1.0,1.0,1,0.0,0.5,0.5,0.0
14027,1,0.0,2.0,1,0.0,0.2,0.95,0.4
14051,0,1.0,2.0,1,0.0,1.0,1.0,0.85
14085,0,0.0,2.0,1,1.0,0.8,1.0,0.2
14110,0,1.0,0.0,0,0.0,1.0,0.2,0.0
14115,0,1.0,1.0,1,0.0,0.0,1.0,0.2
14127,0,0.0,0.0,0,0.0,0.75,0.88,0.98
14134,0,0.0,2.0,1,0.0,0.0,0.9,
14147,0,0.0,3.0,1,1.0,0.2,0.25,0.85
14179,0,0.0,2.0,1,0.0,1.0,1.0,0.0
14188,1,0.0,2.0,1,0.0,,,0.6
14196,1,0.0,2.0,1,1.0,0.0,1.0,0.25
14211,0,0.0,0.0,0,1.0,0.4,0.8,0.4
14219,0,1.0,0.0,0,0.0,0.1,0.0,0.2
14234,1,1.0,4.0,1,0.0,0.5,0.0,0.1
14240,1,0.0,0.0,0,1.0,0.5,0.5,1.0
14261,0,1.0,2.0,1,0.0,0.5,1.0,0.3
14262,0,0.0,1.0,1,0.0,0.5,1.0,0.0
14317,0,1.0,2.0,1,0.0,0.75,0.95,0.95
14340,0,0.0,2.0,1,0.0,0.0,0.9,0.3
14384,0,0.0,2.0,1,0.0,0.0,1.0,1.0
14388,0,0.0,2.0,1,1.0,0.0,0.95,0.4
14421,0,0.0,2.0,1,0.0,0.9,0.9,0.3
14427,0,0.0,2.0,1,0.0,,,
14452,0,0.0,1.0,1,0.0,0.1,0.8,0.4
14456,1,1.0,2.0,1,0.0,,0.0,
14474,0,0.0,2.0,1,1.0,0.8,1.0,0.25
14476,1,0.0,0.0,0,1.0,0.1,1.0,0.5
14749,0,1.0,3.0,1,0.0,0.6,1.0,0.2
14770,1,1.0,2.0,1,0.0,0.9,1.0,0.25
14777,0,0.0,2.0,1,1.0,0.0,1.0,0.5
14788,1,0.0,2.0,1,1.0,0.1,1.0,0.75
14817,0,0.0,4.0,1,1.0,0.3,1.0,0.2
14820,0,0.0,3.0,1,1.0,0.0,1.0,1.0
14829,0,1.0,2.0,1,0.0,0.9,1.0,0.0
14834,0,0.0,2.0,1,1.0,0.5,1.0,0.0
14838,1,0.0,1.0,1,1.0,1.0,1.0,0.5
14842,0,0.0,0.0,0,1.0,1.0,0.0,0.5
14860,1,0.0,0.0,0,1.0,0.0,1.0,0.0
14862,0,0.0,2.0,1,0.0,0.0,0.95,0.15
14864,0,0.0,1.0,1,1.0,0.0,1.0,0.9
14921,0,0.0,2.0,1,1.0,0.1,1.0,0.8
14951,1,0.0,0.0,0,1.0,0.33,1.0,
14958,0,0.0,2.0,1,1.0,0.0,1.0,0.85
14968,0,0.0,4.0,1,1.0,,0.75,0.1
14974,0,0.0,3.0,1,1.0,0.35,1.0,0.5
14982,1,1.0,1.0,1,0.0,1.0,0.8,0.9
15003,0,0.0,4.0,1,1.0,0.8,0.8,0.0
15012,0,0.0,2.0,1,0.0,0.3,1.0,0.6
15015,0,0.0,2.0,1,1.0,0.5,1.0,0.1
15034,0,0.0,3.0,1,1.0,0.0,1.0,0.0
15056,0,0.0,4.0,1,0.0,0.75,1.0,0.9
15066,1,0.0,0.0,0,1.0,0.1,0.75,0.9
15083,0,0.0,2.0,1,1.0,0.5,1.0,
15087,0,0.0,0.0,0,0.0,1.0,,0.5
15102,1,0.0,0.0,0,1.0,0.5,0.5,0.75
15106,1,1.0,1.0,1,0.0,0.0,1.0,0.0
15108,0,0.0,1.0,1,0.0,0.45,1.0,0.5
15118,1,1.0,3.0,1,0.0,,,
15122,0,0.0,2.0,1,1.0,1.0,1.0,0.1
15133,1,1.0,0.0,0,0.0,1.0,0.5,0.1
15151,0,0.0,0.0,0,1.0,0.7,0.7,0.0
15156,0,0.0,2.0,1,1.0,0.8,1.0,0.25
15186,0,0.0,2.0,1,1.0,0.2,1.0,0.85
15216,0,0.0,2.0,1,1.0,0.6,1.0,0.9
15237,0,0.0,2.0,1,1.0,0.25,0.99,0.5
15255,0,0.0,4.0,1,1.0,0.0,1.0,0.8
15266,0,0.0,0.0,0,1.0,0.5,1.0,0.8
15270,0,1.0,2.0,1,0.0,0.6,,
15273,0,0.0,2.0,1,1.0,0.0,1.0,0.0
15290,0,0.0,3.0,1,1.0,0.1,1.0,0.3
15292,1,0.0,3.0,1,1.0,0.6,0.9,0.9
15341,0,0.0,0.0,0,1.0,0.6,0.9,0.85
15385,1,0.0,2.0,1,0.0,,,
15390,0,0.0,0.0,0,1.0,0.0,0.5,0.5
15404,0,0.0,3.0,1,1.0,0.0,1.0,0.05
15406,0,0.0,2.0,1,1.0,0.0,0.9,0.7
15407,1,0.0,2.0,1,1.0,0.5,0.5,0.45
15449,0,1.0,0.0,0,0.0,0.8,0.0,
15452,0,0.0,2.0,1,1.0,0.0,1.0,0.85
15460,1,1.0,0.0,0,0.0,0.0,1.0,0.0
15462,0,1.0,3.0,1,0.0,0.8,0.9,0.75
15464,0,0.0,2.0,1,0.0,1.0,1.0,0.2
15469,0,1.0,0.0,0,0.0,0.0,0.0,0.75
15478,0,0.0,2.0,1,1.0,0.2,0.7,0.3
15488,0,0.0,2.0,1,1.0,0.0,1.0,0.5
15517,1,0.0,1.0,1,1.0,0.0,1.0,0.2
15524,0,0.0,2.0,1,1.0,0.2,0.95,0.9
15557,1,0.0,0.0,0,1.0,1.0,,
15561,1,1.0,4.0,1,0.0,0.5,,0.5
15562,0,0.0,1.0,1,1.0,0.0,0.5,0.25
15569,0,1.0,0.0,0,0.0,0.1,1.0,0.1
15591,0,0.0,0.0,0,1.0,0.75,0.5,0.75
15605,0,0.0,0.0,0,1.0,0.1,1.0,0.5
15612,1,0.0,3.0,1,1.0,0.0,0.9,0.1
15620,1,0.0,0.0,0,1.0,1.0,1.0,0.7
15626,1,1.0,0.0,0,0.0,,,
15633,1,0.0,2.0,1,1.0,0.0,1.0,0.5
15636,1,0.0,2.0,1,1.0,0.0,,
15657,1,0.0,2.0,1,1.0,0.0,1.0,0.5
15658,0,0.0,2.0,1,1.0,0.8,0.8,0.1
15660,1,0.0,2.0,1,1.0,,,0.02
15663,0,0.0,3.0,1,0.0,0.0,1.0,0.0
15672,0,0.0,3.0,1,1.0,0.0,1.0,0.25
15684,0,0.0,3.0,1,1.0,0.0,1.0,0.9
15697,0,0.0,2.0,1,1.0,0.0,1.0,0.5
15725,0,1.0,3.0,1,0.0,0.0,1.0,0.2
15767,0,0.0,3.0,1,1.0,0.25,1.0,0.0
15812,0,0.0,2.0,1,0.0,0.0,1.0,0.0
15833,0,0.0,0.0,0,0.0,0.0,1.0,0.75
15835,0,0.0,2.0,1,1.0,0.0,0.5,0.2
15852,1,0.0,1.0,1,1.0,0.5,1.0,0.75
15869,1,0.0,0.0,0,1.0,0.85,0.9,
15886,0,0.0,2.0,1,1.0,0.4,1.0,
15901,1,1.0,3.0,1,0.0,1.0,1.0,0.0
15911,0,0.0,0.0,0,1.0,0.0,0.9,0.5
15926,0,1.0,3.0,1,0.0,0.1,0.99,0.05
15928,0,0.0,0.0,0,1.0,0.9,0.95,0.75
15968,0,0.0,3.0,1,1.0,0.0,1.0,0.25
15970,0,0.0,4.0,1,1.0,0.5,1.0,0.5
15987,0,0.0,2.0,1,1.0,,,
15989,1,0.0,0.0,0,0.0,0.0,1.0,1.0
16002,0,0.0,2.0,1,1.0,0.0,1.0,
16009,1,0.0,2.0,1,0.0,0.1,0.95,0.85
16035,1,0.0,4.0,1,0.0,1.0,1.0,0.0
16052,1,0.0,2.0,1,0.0,0.8,,
16059,1,0.0,1.0,1,1.0,0.0,1.0,0.8
16080,1,0.0,2.0,1,1.0,,1.0,
16144,0,0.0,2.0,1,0.0,0.95,0.9,
16168,1,0.0,1.0,1,1.0,0.67,0.33,0.44
16172,0,1.0,4.0,1,0.0,0.99,0.0,0.1
16179,0,0.0,2.0,1,1.0,0.0,1.0,0.5
16180,0,0.0,3.0,1,1.0,0.25,0.75,0.9
16186,0,0.0,3.0,1,0.0,0.0,1.0,0.25
16191,0,0.0,0.0,0,1.0,0.9,0.2,0.5
16206,0,1.0,2.0,1,0.0,0.4,0.7,0.5
16228,0,0.0,3.0,1,1.0,0.6,1.0,0.75
16239,0,0.0,2.0,1,1.0,0.0,0.4,0.7
16242,0,0.0,4.0,1,1.0,0.3,0.5,0.5
16281,0,0.0,2.0,1,1.0,0.0,1.0,0.75
16283,0,0.0,3.0,1,1.0,0.1,0.95,0.1
16337,0,0.0,2.0,1,1.0,0.0,1.0,0.3
16349,0,0.0,2.0,1,1.0,1.0,0.0,0.5
16360,0,0.0,2.0,1,1.0,0.0,1.0,0.8
16372,1,0.0,1.0,1,1.0,0.75,0.5,0.0
16384,0,1.0,3.0,1,0.0,0.25,0.8,0.75
16392,1,0.0,0.0,0,1.0,0.1,0.6,0.5
16413,1,0.0,0.0,0,1.0,0.0,0.75,0.8
16455,0,0.0,3.0,1,1.0,0.0,1.0,
16481,0,0.0,2.0,1,1.0,0.25,0.75,0.8
16507,0,1.0,0.0,0,0.0,1.0,1.0,0.0
16514,0,0.0,3.0,1,1.0,1.0,1.0,
16564,1,0.0,0.0,0,1.0,0.0,1.0,0.1
16590,0,1.0,2.0,1,0.0,1.0,1.0,0.0
16598,0,0.0,1.0,1,1.0,,,
16606,0,1.0,0.0,0,0.0,0.5,0.6,0.5
16614,0,1.0,3.0,1,0.0,,,
16644,1,1.0,0.0,0,0.0,0.5,1.0,0.75
16665,0,0.0,4.0,1,1.0,0.0,1.0,0.15
16679,1,0.0,0.0,0,1.0,0.8,0.25,0.75
16700,1,0.0,1.0,1,1.0,1.0,0.5,0.0
16708,0,0.0,0.0,0,1.0,0.25,0.9,0.75
16710,1,0.0,2.0,1,1.0,,1.0,0.6
16712,0,0.0,2.0,1,1.0,0.9,0.5,0.5
16724,0,0.0,2.0,1,1.0,0.1,0.9,0.5
16727,0,0.0,2.0,1,1.0,0.2,0.5,0.5
16730,1,0.0,2.0,1,1.0,0.2,0.9,0.9
16749,0,0.0,2.0,1,0.0,,,
16754,0,0.0,2.0,1,1.0,0.15,1.0,0.85
16757,0,0.0,0.0,0,1.0,0.75,0.3,0.25
16758,0,0.0,2.0,1,1.0,0.25,1.0,0.75
16782,0,0.0,4.0,1,1.0,0.8,0.8,0.6
16799,0,0.0,3.0,1,1.0,0.0,1.0,0.9
16811,0,1.0,3.0,1,0.0,0.1,1.0,1.0
16817,0,0.0,3.0,1,1.0,,,0.2
16827,0,0.0,1.0,1,0.0,,1.0,0.3
16832,0,0.0,2.0,1,1.0,0.2,0.9,0.75
16852,1,1.0,2.0,1,0.0,0.8,0.5,0.0
16855,0,0.0,2.0,1,1.0,0.0,1.0,0.7
16863,0,0.0,1.0,1,1.0,,,
16884,0,0.0,2.0,1,0.0,0.0,1.0,0.1
16887,0,0.0,3.0,1,1.0,0.1,1.0,0.2
16904,0,0.0,2.0,1,1.0,0.75,0.8,0.75
16905,1,0.0,3.0,1,1.0,0.0,1.0,0.3
16913,0,0.0,3.0,1,1.0,0.5,1.0,0.6
16923,0,1.0,0.0,0,0.0,,1.0,
16931,1,0.0,0.0,0,1.0,0.0,1.0,
16960,1,0.0,1.0,1,1.0,0.2,1.0,0.33
16999,0,0.0,0.0,0,1.0,0.5,0.95,0.5
17025,0,0.0,3.0,1,1.0,0.8,0.5,0.1
17074,0,0.0,1.0,1,1.0,,1.0,0.5
17098,1,0.0,2.0,1,1.0,0.5,1.0,0.5
17145,0,0.0,2.0,1,1.0,0.75,0.9,0.15
17151,0,0.0,3.0,1,1.0,0.0,1.0,0.05
17165,0,0.0,2.0,1,0.0,0.0,1.0,
17185,1,0.0,0.0,0,1.0,0.7,0.5,1.0
17192,0,0.0,4.0,1,1.0,0.01,0.99,0.25
17194,0,0.0,2.0,1,1.0,0.0,1.0,
17219,0,0.0,3.0,1,1.0,1.0,0.0,0.1
17227,1,0.0,2.0,1,1.0,0.95,0.6,1.0
17238,1,0.0,2.0,1,1.0,0.7,0.5,0.05
17251,0,0.0,3.0,1,1.0,0.0,1.0,0.8
17260,0,0.0,1.0,1,1.0,1.0,1.0,1.0
17289,1,0.0,0.0,0,1.0,0.25,,0.75
17345,1,0.0,1.0,1,1.0,,,
17378,1,0.0,2.0,1,1.0,0.25,0.5,0.0
17464,0,0.0,3.0,1,0.0,,1.0,0.8
17468,1,0.0,4.0,1,1.0,0.0,1.0,0.25
17527,1,0.0,0.0,0,1.0,0.2,1.0,0.0
17540,0,1.0,2.0,1,0.0,0.3,1.0,0.2
17541,0,0.0,3.0,1,1.0,0.95,0.2,0.1
17561,0,1.0,1.0,1,0.0,0.1,0.9,0.75
17612,0,0.0,3.0,1,1.0,0.5,1.0,0.5
17614,1,0.0,2.0,1,0.0,,,
17632,1,1.0,2.0,1,0.0,,,
17635,1,0.0,3.0,1,1.0,,1.0,0.8
17637,0,0.0,2.0,1,1.0,0.0,1.0,0.3
17640,0,0.0,2.0,1,1.0,0.5,0.95,0.05
17658,0,0.0,2.0,1,1.0,,,
17661,0,0.0,0.0,0,1.0,0.1,1.0,0.15
17668,0,0.0,2.0,1,1.0,0.1,1.0,0.8
17686,0,0.0,3.0,1,1.0,0.0,1.0,0.5
17704,0,1.0,2.0,1,0.0,0.9,0.9,0.5
17713,1,0.0,3.0,1,1.0,0.5,0.75,0.5
17774,0,0.0,1.0,1,1.0,0.1,0.9,0.5
17778,0,1.0,2.0,1,0.0,0.0,0.5,
17784,0,0.0,1.0,1,0.0,0.75,1.0,0.5
17803,0,1.0,0.0,0,0.0,0.5,1.0,0.1
17824,0,0.0,2.0,1,1.0,0.7,0.8,0.4
17856,0,0.0,2.0,1,1.0,0.0,1.0,1.0
17886,0,1.0,1.0,1,0.0,,0.9,0.6
17887,0,0.0,4.0,1,1.0,0.2,1.0,0.1
17889,1,1.0,2.0,1,0.0,0.4,1.0,0.5
17893,1,0.0,2.0,1,1.0,0.05,0.95,0.3
17947,0,0.0,1.0,1,1.0,0.0,1.0,0.25
18002,0,0.0,0.0,0,1.0,0.8,1.0,0.8
18011,1,0.0,3.0,1,0.0,0.25,1.0,0.25
18028,0,0.0,1.0,1,1.0,,,0.0
18060,0,1.0,0.0,0,0.0,0.0,1.0,0.99
18063,1,1.0,1.0,1,0.0,0.0,1.0,0.0
18087,1,0.0,2.0,1,1.0,0.1,1.0,0.5
18121,1,0.0,2.0,1,1.0,0.6,0.8,0.75
18152,1,0.0,2.0,1,1.0,0.1,0.5,0.1
18160,1,0.0,2.0,1,1.0,,,1.0
18205,0,0.0,2.0,1,1.0,,,
18209,1,0.0,2.0,1,1.0,1.0,1.0,0.1
18212,0,0.0,0.0,0,1.0,0.15,1.0,0.35
18241,0,0.0,0.0,0,1.0,0.5,0.99,0.75
18262,1,0.0,3.0,1,0.0,1.0,0.0,0.0
18267,0,0.0,2.0,1,1.0,0.1,1.0,0.75
18281,0,0.0,0.0,0,1.0,1.0,0.1,
18400,0,0.0,2.0,1,1.0,1.0,0.6,0.35
18403,1,1.0,0.0,0,0.0,0.0,1.0,0.25
18503,0,1.0,2.0,1,0.0,1.0,0.25,0.5
18604,1,0.0,0.0,0,1.0,0.8,0.08,
18636,0,0.0,1.0,1,1.0,0.85,0.95,0.6
18667,1,0.0,2.0,1,1.0,,,
18691,1,0.0,2.0,1,1.0,0.5,0.5,0.0
18718,0,0.0,2.0,1,1.0,0.7,0.85,0.5
18724,0,0.0,3.0,1,1.0,0.5,0.0,0.0
18743,0,0.0,3.0,1,1.0,,0.03,
18745,0,0.0,2.0,1,1.0,,,0.0
18839,0,1.0,1.0,1,0.0,1.0,1.0,0.2
18847,0,0.0,2.0,1,1.0,0.05,1.0,0.9
18848,0,0.0,3.0,1,0.0,,,
18863,0,1.0,3.0,1,0.0,0.0,0.9,0.4
18869,1,1.0,2.0,1,0.0,,,
18890,0,0.0,2.0,1,0.0,0.5,0.5,
18973,1,0.0,2.0,1,1.0,0.1,0.75,0.9
18991,0,1.0,3.0,1,0.0,0.0,1.0,0.0
19083,1,0.0,2.0,1,1.0,0.5,0.5,0.5
19118,0,0.0,2.0,1,1.0,0.1,0.5,0.2
19122,0,0.0,1.0,1,1.0,0.5,1.0,0.75
19133,1,0.0,0.0,0,1.0,1.0,1.0,0.0
19222,0,1.0,2.0,1,0.0,1.0,0.1,0.8
19223,1,1.0,1.0,1,0.0,1.0,0.0,
19244,1,0.0,3.0,1,1.0,0.0,1.0,0.0
19281,0,0.0,4.0,1,0.0,,1.0,
19394,1,1.0,0.0,0,0.0,0.1,0.9,
19423,1,0.0,0.0,0,1.0,0.0,0.5,0.0
19458,1,1.0,2.0,1,0.0,0.6,0.75,0.3
19475,0,0.0,2.0,1,0.0,0.0,0.5,0.9
19490,1,0.0,0.0,0,1.0,0.0,0.0,0.8
19515,0,1.0,2.0,1,0.0,0.85,0.5,0.25
19527,1,0.0,0.0,0,1.0,0.0,0.2,0.8
19621,1,0.0,0.0,0,1.0,0.25,0.5,0.2
19638,1,0.0,2.0,1,1.0,0.5,0.95,0.8
19646,1,0.0,2.0,1,0.0,0.7,0.3,0.15
19698,1,0.0,1.0,1,1.0,0.25,1.0,0.9
19732,0,1.0,2.0,1,0.0,0.15,1.0,0.25
19778,0,0.0,2.0,1,1.0,0.1,,0.3
19833,0,0.0,0.0,0,1.0,0.1,0.0,0.9
19858,1,1.0,3.0,1,0.0,0.5,0.0,0.1
19894,1,0.0,1.0,1,1.0,,,
19895,1,1.0,2.0,1,0.0,0.05,0.9,0.1
19916,0,0.0,4.0,1,1.0,0.5,1.0,0.6
19953,0,0.0,2.0,1,0.0,0.5,1.0,0.7
20018,0,0.0,3.0,1,1.0,0.0,1.0,0.8
20091,0,0.0,0.0,0,0.0,0.4,0.95,0.85
20162,0,0.0,2.0,1,0.0,0.5,0.0,
20165,0,1.0,2.0,1,0.0,,,
20274,0,0.0,2.0,1,1.0,0.25,1.0,0.5
20307,0,0.0,2.0,1,0.0,0.5,1.0,0.0
20351,1,0.0,0.0,0,1.0,1.0,0.02,0.5
20396,0,0.0,3.0,1,1.0,0.25,0.98,0.95
20450,0,0.0,3.0,1,0.0,,,
20496,0,0.0,4.0,1,1.0,1.0,0.5,0.9
20623,1,1.0,2.0,1,0.0,0.4,0.85,0.85
20626,1,0.0,2.0,1,1.0,1.0,1.0,0.1
20707,1,0.0,2.0,1,1.0,0.0,0.1,0.1
20754,0,0.0,2.0,1,0.0,,,0.1
20761,1,0.0,5.0,1,1.0,1.0,1.0,0.9
20792,0,0.0,2.0,1,1.0,0.75,1.0,0.8
20824,0,0.0,2.0,1,0.0,0.5,0.6,0.7
20852,0,1.0,2.0,1,0.0,,0.9,
20871,0,0.0,0.0,0,1.0,,0.5,
20909,0,0.0,2.0,1,1.0,0.0,1.0,0.9
20939,0,0.0,1.0,1,1.0,0.5,1.0,0.75
20966,0,0.0,0.0,0,1.0,0.0,1.0,0.75
20973,0,1.0,2.0,1,0.0,0.75,1.0,0.0
21019,1,0.0,2.0,1,1.0,,1.0,0.3
21075,0,0.0,2.0,1,1.0,0.5,1.0,0.5
21136,0,0.0,4.0,1,1.0,1.0,0.0,0.0
21156,0,1.0,2.0,1,0.0,0.0,0.5,0.6
21200,0,0.0,1.0,1,1.0,0.8,1.0,0.8
21305,1,0.0,5.0,1,1.0,1.0,0.5,0.0
21313,1,0.0,2.0,1,1.0,0.7,1.0,0.5
21321,1,1.0,0.0,0,0.0,0.2,1.0,0.1
21332,1,0.0,3.0,1,1.0,0.0,1.0,0.9
21487,0,0.0,3.0,1,1.0,0.25,0.9,1.0
21511,0,0.0,1.0,1,1.0,0.0,1.0,1.0
21522,0,0.0,2.0,1,1.0,0.0,,
21528,1,0.0,0.0,0,1.0,0.95,0.1,0.1
21568,1,0.0,0.0,0,1.0,0.5,1.0,0.75
21607,0,0.0,4.0,1,1.0,0.0,1.0,0.0
21655,1,0.0,2.0,1,0.0,0.0,1.0,0.5
21694,1,1.0,2.0,1,0.0,0.5,1.0,0.1
21817,1,0.0,3.0,1,1.0,0.01,0.99,0.8
21863,1,0.0,0.0,0,1.0,0.5,0.8,0.1
21894,1,0.0,2.0,1,1.0,0.1,1.0,
21915,0,0.0,0.0,0,0.0,0.8,0.8,0.5
21921,1,0.0,2.0,1,1.0,0.5,0.8,0.5
21945,0,0.0,1.0,1,1.0,0.1,0.8,0.8
21948,1,0.0,2.0,1,1.0,0.5,1.0,0.5
22005,0,0.0,3.0,1,1.0,0.0,1.0,0.5
22063,0,1.0,3.0,1,0.0,0.5,1.0,0.9
22077,0,0.0,4.0,1,0.0,0.1,1.0,
22123,0,0.0,0.0,0,1.0,0.25,1.0,0.01
22132,0,0.0,2.0,1,0.0,0.0,0.4,0.4
22197,0,0.0,1.0,1,1.0,,0.5,
22236,0,1.0,0.0,0,0.0,1.0,0.0,
22239,0,1.0,2.0,1,0.0,1.0,0.5,0.8
22240,0,0.0,2.0,1,0.0,0.0,1.0,1.0
22282,0,1.0,3.0,1,0.0,0.5,,0.7
22291,0,0.0,3.0,1,1.0,0.8,1.0,0.5
22451,1,1.0,3.0,1,0.0,,1.0,
22549,1,1.0,1.0,1,0.0,0.8,0.1,0.1
22553,1,1.0,2.0,1,0.0,0.1,0.35,0.8
22560,0,0.0,2.0,1,1.0,0.0,1.0,0.5
22634,1,0.0,1.0,1,1.0,0.0,0.95,0.5
22637,1,0.0,0.0,0,1.0,,1.0,
22721,1,0.0,2.0,1,1.0,0.0,1.0,0.9
22753,1,1.0,2.0,1,0.0,0.8,0.5,0.5
22770,1,1.0,3.0,1,0.0,0.9,1.0,0.25
22776,0,1.0,4.0,1,0.0,0.5,1.0,0.1
22846,1,1.0,1.0,1,0.0,0.5,0.6,0.5
22934,1,0.0,2.0,1,1.0,1.0,1.0,0.5
23154,1,0.0,2.0,1,1.0,0.8,1.0,0.75
23214,0,0.0,1.0,1,1.0,0.0,1.0,0.25
23215,1,0.0,4.0,1,1.0,,,
23240,1,0.0,1.0,1,0.0,1.0,0.25,
23243,1,0.0,0.0,0,1.0,0.3,1.0,0.3
23257,1,0.0,2.0,1,1.0,1.0,0.25,0.75
23298,0,1.0,0.0,0,0.0,0.9,1.0,0.15
23359,1,0.0,0.0,0,1.0,,,
23402,1,1.0,2.0,1,0.0,0.4,0.8,0.6
23415,1,1.0,2.0,1,0.0,,0.9,0.0
23474,0,1.0,0.0,0,0.0,0.5,1.0,1.0
23493,0,0.0,0.0,0,1.0,0.2,1.0,0.8
23500,0,0.0,2.0,1,1.0,0.8,0.75,0.5
23566,1,0.0,2.0,1,1.0,1.0,,0.5
23599,1,0.0,1.0,1,1.0,0.1,1.0,0.5
23612,1,0.0,2.0,1,1.0,1.0,,
23658,1,0.0,0.0,0,0.0,,,0.9
23702,0,0.0,1.0,1,1.0,0.1,0.9,0.15
23719,0,0.0,0.0,0,0.0,0.0,0.5,0.0
23736,0,0.0,3.0,1,1.0,0.15,0.75,
23742,0,0.0,0.0,0,1.0,,1.0,
23757,0,0.0,3.0,1,1.0,0.0,1.0,0.1
23800,1,0.0,0.0,0,1.0,,0.5,
23801,1,0.0,0.0,0,1.0,0.4,0.75,0.0
23805,0,0.0,2.0,1,1.0,0.0,1.0,0.75
23814,1,1.0,0.0,0,0.0,0.8,0.7,0.7
23871,0,0.0,2.0,1,1.0,0.0,1.0,1.0
23886,1,0.0,2.0,1,0.0,0.45,0.65,0.6
23894,1,0.0,2.0,1,0.0,0.0,1.0,
23950,0,0.0,0.0,0,1.0,0.5,0.5,0.3
23957,1,0.0,2.0,1,1.0,0.0,1.0,0.5
23989,0,0.0,3.0,1,1.0,0.0,1.0,1.0
24004,0,0.0,3.0,1,0.0,,1.0,
24014,0,1.0,2.0,1,0.0,0.0,1.0,0.8
24018,0,0.0,1.0,1,0.0,0.0,1.0,0.8
24034,1,1.0,3.0,1,0.0,0.1,1.0,
24063,0,0.0,2.0,1,1.0,0.75,0.8,0.1
24089,0,0.0,0.0,0,1.0,0.0,1.0,1.0
24090,1,0.0,1.0,1,1.0,0.75,1.0,0.85
24092,0,0.0,1.0,1,1.0,1.0,0.1,0.0
24116,0,0.0,2.0,1,1.0,0.0,1.0,0.3
24127,0,0.0,0.0,0,0.0,0.9,0.25,0.75
24131,0,0.0,2.0,1,1.0,0.0,1.0,0.5
24186,0,1.0,3.0,1,0.0,0.0,1.0,0.2
24223,0,0.0,2.0,1,1.0,0.65,0.75,0.4
24274,0,0.0,2.0,1,1.0,0.0,1.0,0.1
24279,0,1.0,2.0,1,0.0,0.0,1.0,0.1
24281,1,1.0,2.0,1,0.0,1.0,0.9,0.0
24404,0,0.0,2.0,1,0.0,0.8,1.0,0.5
24406,0,0.0,0.0,0,0.0,0.6,0.75,0.5
24418,0,0.0,2.0,1,0.0,0.0,1.0,0.05
24437,0,0.0,2.0,1,1.0,0.0,1.0,0.75
24443,0,0.0,2.0,1,1.0,0.2,,0.5
24454,0,0.0,2.0,1,0.0,0.0,1.0,0.75
24476,1,1.0,2.0,1,0.0,,,0.0
24485,1,0.0,2.0,1,0.0,,,
24509,1,0.0,0.0,0,1.0,0.2,1.0,1.0
24514,0,0.0,3.0,1,0.0,0.75,0.85,0.5
24530,0,0.0,1.0,1,1.0,0.9,0.0,0.0
24542,0,0.0,1.0,1,1.0,0.0,1.0,0.2
24614,0,0.0,1.0,1,0.0,0.9,1.0,0.5
24635,0,0.0,2.0,1,0.0,0.5,1.0,0.8
24649,0,1.0,6.0,1,0.0,0.9,0.1,0.75
24657,0,1.0,0.0,0,0.0,0.8,0.75,0.05
24679,0,1.0,1.0,1,0.0,0.5,,0.0
24681,0,0.0,0.0,0,1.0,0.25,0.5,0.5
24684,1,1.0,1.0,1,0.0,0.9,0.75,0.0
24818,0,0.0,2.0,1,1.0,0.6,0.6,0.3
24835,0,0.0,1.0,1,0.0,1.0,1.0,0.0
24868,0,0.0,2.0,1,1.0,,1.0,0.85
24879,0,0.0,0.0,0,0.0,1.0,0.15,
24907,0,0.0,2.0,1,1.0,0.4,0.95,0.0
24909,1,0.0,3.0,1,0.0,1.0,0.0,0.2
24939,0,0.0,0.0,0,0.0,0.0,1.0,0.75
24951,1,0.0,2.0,1,0.0,0.0,1.0,0.5
25051,1,1.0,3.0,1,0.0,0.0,1.0,0.9
25081,1,1.0,2.0,1,0.0,0.5,1.0,0.5
25088,1,0.0,2.0,1,0.0,,,
25123,0,0.0,2.0,1,1.0,0.1,0.9,0.25
25166,0,0.0,2.0,1,1.0,0.0,1.0,0.5
25169,0,0.0,2.0,1,1.0,0.8,1.0,0.25
25171,1,0.0,2.0,1,1.0,0.1,1.0,0.05
25175,0,0.0,0.0,0,1.0,0.9,0.9,0.1
25184,1,1.0,1.0,1,0.0,0.8,,0.1
25185,1,0.0,0.0,0,0.0,0.1,0.8,0.1
25193,0,0.0,1.0,1,1.0,0.0,1.0,0.0
25207,0,0.0,2.0,1,1.0,0.5,0.9,0.1
25299,0,0.0,0.0,0,0.0,0.0,1.0,1.0
25313,0,0.0,2.0,1,1.0,0.15,1.0,0.1
25386,1,0.0,3.0,1,1.0,0.5,,1.0
25390,0,0.0,2.0,1,1.0,,1.0,0.25
25393,0,0.0,2.0,1,1.0,0.8,0.9,0.9
25418,1,0.0,0.0,0,0.0,0.75,0.5,0.5
25422,0,1.0,0.0,0,0.0,1.0,1.0,0.0
25440,0,0.0,2.0,1,1.0,0.1,0.9,0.1
25463,0,0.0,2.0,1,0.0,0.95,0.75,0.2
25507,0,1.0,0.0,0,0.0,0.85,0.8,0.5
25516,1,1.0,0.0,0,0.0,,,
25547,0,0.0,2.0,1,1.0,0.0,1.0,1.0
25640,1,0.0,0.0,0,1.0,0.98,0.5,0.0
25708,1,0.0,2.0,1,1.0,1.0,0.25,0.75
25730,0,0.0,2.0,1,1.0,0.2,0.85,0.2
25756,0,0.0,4.0,1,1.0,,1.0,0.25
25786,0,0.0,3.0,1,0.0,0.1,1.0,0.5
25905,1,0.0,0.0,0,1.0,0.5,1.0,0.75
25969,1,0.0,0.0,0,1.0,0.1,0.8,0.5
25972,0,0.0,2.0,1,0.0,,,
26011,1,1.0,2.0,1,0.0,,,
26044,0,0.0,3.0,1,1.0,1.0,0.75,0.3
26186,0,0.0,2.0,1,0.0,0.5,0.6,0.5
26205,1,0.0,2.0,1,0.0,1.0,1.0,0.5
26211,1,0.0,3.0,1,0.0,,,
26233,1,0.0,2.0,1,1.0,0.5,1.0,0.15
26248,0,0.0,0.0,0,1.0,0.95,0.1,0.5
26293,0,0.0,3.0,1,1.0,0.4,0.7,0.65
26325,0,0.0,2.0,1,0.0,0.08,1.0,0.01
26331,0,1.0,2.0,1,0.0,0.9,0.25,0.5
26357,0,0.0,1.0,1,1.0,,,1.0
26372,1,0.0,1.0,1,1.0,0.1,1.0,0.3
26462,1,0.0,5.0,1,1.0,0.1,1.0,0.5
26526,1,0.0,3.0,1,1.0,0.6,0.8,0.8
26532,0,0.0,3.0,1,1.0,1.0,1.0,0.5
26601,1,0.0,2.0,1,0.0,1.0,,
26704,1,0.0,0.0,0,1.0,0.75,0.5,0.25
26720,1,1.0,2.0,1,0.0,0.0,1.0,0.0
26742,0,0.0,2.0,1,1.0,0.0,1.0,0.0
26871,1,1.0,2.0,1,0.0,,0.5,
26960,0,0.0,2.0,1,1.0,0.8,1.0,0.95
26981,0,0.0,2.0,1,0.0,0.95,0.9,1.0
27011,0,0.0,2.0,1,1.0,0.25,1.0,0.25
27040,0,0.0,2.0,1,1.0,,,
27042,1,0.0,0.0,0,1.0,0.3,0.75,0.9
27061,0,0.0,2.0,1,1.0,1.0,1.0,
27075,0,0.0,2.0,1,0.0,0.99,0.99,0.5
27111,1,1.0,0.0,0,0.0,0.25,1.0,0.1
27128,1,0.0,2.0,1,1.0,1.0,1.0,1.0
27151,1,0.0,2.0,1,1.0,,1.0,
27248,0,1.0,0.0,0,0.0,0.0,1.0,1.0
27264,0,0.0,1.0,1,1.0,0.0,1.0,0.9
27272,0,0.0,0.0,0,1.0,0.0,1.0,0.7
27301,0,0.0,0.0,0,1.0,0.7,1.0,0.5
27306,0,0.0,2.0,1,1.0,0.15,0.8,
27311,1,0.0,3.0,1,0.0,0.8,1.0,0.0
27325,0,1.0,0.0,0,0.0,0.8,0.2,0.1
27335,0,0.0,1.0,1,1.0,0.05,0.99,0.5
27347,0,0.0,3.0,1,0.0,0.95,0.95,0.75
27385,1,0.0,1.0,1,0.0,0.5,1.0,1.0
27403,0,0.0,2.0,1,1.0,0.0,1.0,
27404,1,1.0,1.0,1,0.0,0.9,1.0,0.0
27412,0,1.0,1.0,1,0.0,,1.0,
27490,0,1.0,1.0,1,0.0,,0.08,
27510,0,0.0,1.0,1,1.0,0.1,1.0,
27521,0,1.0,3.0,1,0.0,,0.5,
27541,1,0.0,1.0,1,1.0,0.1,0.2,0.25
27553,0,0.0,3.0,1,1.0,0.4,0.2,0.9
27574,0,0.0,0.0,0,0.0,0.0,0.1,0.5
27578,1,1.0,2.0,1,0.0,0.6,1.0,0.2
27625,1,0.0,2.0,1,1.0,,0.8,
27695,0,0.0,1.0,1,1.0,0.5,1.0,0.2
27724,0,1.0,2.0,1,0.0,0.75,,0.75
27760,0,0.0,1.0,1,1.0,0.3,0.3,0.5
27762,0,0.0,2.0,1,1.0,0.2,0.9,0.6
27771,1,0.0,2.0,1,1.0,0.25,1.0,0.0
27799,0,0.0,3.0,1,1.0,0.8,1.0,0.75
27854,0,0.0,0.0,0,1.0,0.0,0.2,0.25
27876,0,0.0,2.0,1,0.0,,,
27920,0,1.0,3.0,1,0.0,0.25,0.8,
27930,1,0.0,1.0,1,0.0,0.6,0.6,
28011,1,0.0,1.0,1,0.0,,,
28012,0,1.0,3.0,1,0.0,,,
28073,0,0.0,2.0,1,1.0,0.05,1.0,0.1
28130,1,0.0,0.0,0,1.0,0.5,1.0,0.5
28159,0,0.0,2.0,1,1.0,0.5,0.9,0.9
28163,1,1.0,2.0,1,0.0,0.25,0.9,0.9
28253,1,0.0,0.0,0,1.0,0.85,1.0,0.0
28357,0,0.0,0.0,0,0.0,1.0,0.4,0.4
28391,0,1.0,2.0,1,0.0,0.1,1.0,0.6
28409,0,0.0,2.0,1,1.0,1.0,,0.5
28424,1,0.0,3.0,1,1.0,1.0,0.2,0.3
28446,0,0.0,1.0,1,0.0,0.3,1.0,0.9
28453,0,0.0,2.0,1,1.0,0.8,0.5,0.75
