respid,prob_scn_ann_1,prob_scn_ann_2,prob_scn_ann_3,prob_scn_ann_4,prob_scn_ltci_1,prob_scn_ltci_2,prob_scn_ltci_3,prob_scn_ltci_4,prob_scn_rmr_1,prob_scn_rmr_2,prob_scn_rmr_3,prob_scn_rmr_4
87,0.0,0.0,0.0,0.5,0.5,0.25,0.2,0.2,0.0,0.0,0.0,0.0
94,0.0,0.5,0.6,0.0,0.6,0.3,0.6,0.8,0.25,0.0,0.0,0.0
109,0.0,0.0,0.0,0.0,0.0,0.0,0.0,0.0,0.0,0.0,0.0,0.0
127,0.0,0.0,0.0,0.0,0.1,0.0,0.0,0.0,0.0,0.0,0.0,0.0
159,0.0,0.0,0.0,0.0,0.6,0.25,0.25,0.6,0.5,0.6,0.75,0.15
171,0.0,0.0,0.0,0.0,0.0,0.0,0.0,0.0,0.0,0.0,0.0,0.0
222,0.0,0.0,0.0,0.0,0.0,0.0,0.0,0.0,0.0,0.0,0.0,0.0
272,0.0,0.0,0.0,0.0,0.5,0.25,0.25,0.65,0.0,0.0,0.0,0.0
346,0.0,0.0,0.0,0.0,0.0,0.0,0.0,0.0,0.0,0.0,0.0,0.0
351,0.0,0.5,0.65,0.8,0.5,0.5,0.65,0.0,0.0,0.0,0.0,0.0
366,0.5,0.5,0.0,0.0,0.5,0.6,0.5,0.6,0.0,0.0,0.0,0.0
395,0.0,0.0,0.0,0.0,0.1,0.0,0.2,0.0,0.0,0.0,0.0,0.0
406,0.0,0.0,0.0,0.0,0.0,0.0,0.0,0.0,0.0,0.0,0.0,0.0
415,0.0,0.0,0.0,0.0,0.0,0.0,0.0,0.0,0.0,0.0,0.0,0.0
417,0.0,0.0,0.0,0.0,0.0,0.25,0.05,0.0,1.0,0.9,0.5,0.6
426,0.0,0.0,0.0,0.0,0.0,0.0,0.0,0.0,0.0,0.0,0.0,0.0
441,0.1,0.05,0.1,0.0,0.1,0.05,0.25,0.25,0.0,0.0,0.0,0.0
442,0.0,0.0,0.0,0.0,0.0,0.0,0.0,0.0,0.0,0.0,0.0,0.0
471,0.5,0.5,0.5,0.25,0.75,0.5,0.25,0.4,0.5,0.0,0.25,0.0
486,0.0,0.0,0.0,0.0,0.0,0.0,0.8,0.0,0.25,0.2,1.0,0.25
496,0.7,0.1,0.0,0.0,0.0,0.0,0.0,0.0,0.8,0.8,0.6,0.5
504,0.5,0.5,0.5,0.0,0.5,0.5,0.5,0.5,0.9,0.9,0.9,0.9
538,0.5,0.0,0.0,0.0,0.5,0.0,0.5,0.0,0.0,0.0,0.0,0.0
549,0.0,0.0,0.0,0.0,0.0,0.0,0.0,0.0,0.75,0.0,0.4,0.0
561,0.0,0.0,0.0,0.0,0.0,0.0,0.0,0.0,0.0,0.0,0.0,0.0
577,0.0,0.0,0.0,0.0,0.0,0.0,0.0,0.0,0.0,0.0,0.0,0.0
626,0.0,0.0,0.1,0.0,0.0,0.0,0.1,0.0,0.0,0.0,0.0,0.0
634,0.0,0.0,0.0,0.0,0.25,0.0,0.0,0.0,0.45,0.2,0.0,0.0
646,0.0,0.0,0.0,0.0,0.0,0.0,0.0,0.0,0.0,0.0,0.0,0.0
652,0.0,0.0,0.0,0.0,0.0,0.0,0.0,0.0,0.0,0.0,0.0,0.0
674,0.0,0.0,0.0,0.0,0.0,0.1,0.0,0.0,0.0,0.0,0.0,0.0
687,0.0,0.0,0.0,0.0,0.0,0.0,0.0,0.0,0.0,0.0,0.0,0.0
697,0.0,0.0,0.0,0.0,0.0,0.0,0.0,0.0,0.0,0.0,0.0,0.0
712,0.1,0.0,0.1,0.0,0.0,0.0,0.0,0.0,0.0,0.0,0.0,0.0
731,0.5,0.5,0.5,0.5,0.0,0.0,0.0,0.0,0.0,0.0,0.0,0.0
738,0.1,0.0,0.1,0.0,0.95,0.5,1.0,0.95,0.0,0.0,0.75,0.5
751,0.2,0.4,0.0,0.4,0.4,0.3,0.4,0.4,0.2,0.2,0.1,0.5
793,0.0,0.0,0.0,0.0,0.5,0.0,0.5,0.5,0.0,0.0,0.0,0.0
795,1.0,1.0,1.0,1.0,1.0,1.0,1.0,0.5,0.5,0.5,0.5,0.5
817,0.0,0.0,0.0,0.0,0.8,0.0,0.0,0.75,0.0,0.0,0.0,0.0
833,0.05,0.0,0.25,0.05,0.5,0.2,0.65,0.4,0.1,0.1,0.1,0.05
864,0.2,0.1,0.1,0.05,0.15,0.2,0.1,0.05,0.1,0.05,0.07,0.2
881,0.0,0.0,0.0,0.0,0.0,0.0,0.0,0.0,0.0,0.0,0.0,0.0
897,0.0,0.0,0.0,0.3,0.3,0.0,0.0,0.0,0.0,0.0,0.0,0.0
919,0.0,0.0,0.0,0.0,0.0,0.0,0.0,0.0,0.0,0.0,0.0,0.0
940,0.1,0.1,0.1,0.1,0.1,0.1,0.1,0.1,0.0,0.0,0.0,0.0
941,0.1,0.25,0.0,0.0,0.0,0.0,0.0,0.0,0.2,0.1,0.75,0.0
944,0.9,0.5,1.0,0.6,0.5,0.0,0.1,0.5,0.0,0.5,0.0,0.9
950,0.0,0.0,0.0,0.0,0.05,0.05,0.0,0.0,0.0,0.0,0.0,0.0
974,0.0,0.0,0.0,0.0,0.0,0.0,0.0,0.0,0.0,0.0,0.0,0.0
983,0.0,0.0,0.0,0.0,0.25,0.0,0.1,0.0,0.0,0.0,0.0,0.0
985,0.0,0.0,0.0,0.0,0.0,0.0,0.0,0.0,0.0,0.0,0.0,0.0
990,0.0,0.0,0.0,0.0,0.0,0.0,0.0,0.0,0.0,0.0,0.0,0.0
999,0.2,0.0,0.0,0.0,0.5,0.0,0.4,0.3,0.0,0.0,0.0,0.0
1006,0.6,0.5,0.3,0.7,0.8,0.9,0.5,0.6,0.0,0.0,0.0,0.0
1011,0.3,0.0,0.0,0.0,0.5,0.3,0.5,0.5,0.0,0.0,0.0,0.0
1014,0.0,0.0,0.0,0.0,0.8,0.0,0.2,0.0,0.0,0.0,0.5,0.8
1019,0.0,0.0,0.0,0.0,0.0,0.0,0.0,0.0,0.0,0.0,0.0,0.0
1031,0.0,0.0,0.0,0.0,0.0,0.0,0.0,0.0,0.0,0.0,0.0,0.0
1033,0.0,0.0,0.0,0.0,0.0,0.0,0.0,0.0,0.0,0.0,0.0,0.0
1035,0.0,0.0,0.0,0.2,0.0,0.2,0.01,0.01,0.0,0.0,0.0,0.0
1041,0.0,0.0,0.0,0.0,0.0,0.0,0.0,0.0,0.0,0.0,0.0,0.0
1047,0.1,0.15,0.1,0.15,0.05,0.03,0.05,0.03,0.05,0.02,0.05,0.02
1048,0.0,0.0,0.0,0.0,0.0,0.0,0.0,0.0,0.0,0.0,0.0,0.0
1066,0.0,0.0,0.0,0.0,0.75,0.75,0.1,0.1,0.3,0.5,0.0,0.0
1068,0.0,0.0,0.0,0.0,0.5,0.6,0.8,0.4,0.08,0.0,0.0,0.0
1078,0.5,0.6,0.6,0.7,0.2,0.2,0.4,0.4,0.05,0.05,0.1,0.01
1105,0.5,0.6,0.1,0.75,0.5,0.6,0.75,0.75,0.0,0.0,0.0,0.0
1111,0.0,0.0,0.0,0.0,0.0,0.0,0.0,0.0,0.0,0.0,0.0,0.0
1112,0.1,0.75,0.1,0.8,0.75,0.85,0.75,1.0,0.15,0.25,0.1,0.5
1114,0.0,0.0,0.0,0.0,0.0,0.0,0.0,0.0,0.0,0.0,0.0,0.0
1119,0.0,0.0,0.0,0.0,0.0,0.1,0.1,0.3,0.1,0.1,0.1,0.0
1145,0.5,0.25,0.1,0.1,0.5,0.25,0.25,0.1,0.5,0.25,0.25,0.5
1149,0.05,0.05,0.05,0.05,0.5,0.33,0.05,0.33,0.05,0.05,0.05,0.05
1169,0.3,0.0,0.4,0.0,0.2,0.1,0.0,0.0,0.0,0.4,0.2,0.0
1179,0.0,0.0,0.0,0.0,0.25,0.0,0.1,0.5,0.1,0.25,0.6,0.6
1188,0.0,0.0,0.0,0.0,0.05,0.05,0.05,0.1,0.0,0.0,0.0,0.0
1200,0.0,0.0,0.0,0.0,0.0,0.0,0.0,0.0,0.0,0.0,0.0,0.0
1209,-999.0,-999.0,-999.0,-999.0,0.0,0.0,0.0,0.0,0.0,0.0,0.0,0.0
1211,0.0,0.0,0.0,0.0,0.0,0.0,0.0,0.0,0.0,0.0,0.0,0.0
1212,0.0,0.0,0.0,0.0,0.75,0.0,0.0,0.9,0.0,0.0,0.0,0.0
1227,0.0,0.0,0.0,0.0,0.3,0.0,0.15,0.3,0.0,0.0,0.0,0.0
1238,0.2,0.0,0.05,0.1,0.2,0.2,0.1,0.3,0.0,0.0,0.0,0.0
1248,0.4,0.0,0.0,0.4,0.2,0.1,0.0,0.0,0.0,0.0,0.0,0.0
1257,0.0,0.0,0.0,0.0,0.0,0.0,0.0,0.0,0.0,0.0,0.0,0.0
1265,0.5,0.1,0.9,1.0,0.5,0.0,0.2,0.1,0.0,0.0,0.0,0.0
1268,0.0,0.0,0.0,0.0,0.0,0.0,0.0,0.0,0.0,0.0,0.0,0.0
1281,0.0,0.0,0.0,0.0,1.0,0.5,0.5,0.25,0.0,0.0,0.0,0.0
1290,0.25,0.25,0.25,0.25,0.25,0.25,0.25,0.25,0.25,0.25,0.25,0.25
1303,0.0,0.0,0.0,0.0,0.0,0.0,0.0,0.0,0.0,0.0,0.0,0.0
1316,0.0,0.0,0.0,0.0,0.0,0.0,0.0,0.0,0.0,0.0,0.0,0.0
1320,0.5,0.0,0.5,0.1,0.5,0.25,0.5,0.75,0.0,0.0,0.0,0.0
1323,0.0,0.0,0.0,0.0,0.05,0.05,0.05,0.05,0.0,0.0,0.0,0.0
1324,0.0,0.0,0.0,0.0,0.0,0.0,0.0,0.0,0.0,0.0,0.0,0.0
1332,0.5,0.0,0.0,0.2,0.1,0.0,0.05,0.0,0.1,0.0,0.0,0.1
1355,0.25,0.0,0.25,0.0,0.5,0.0,0.5,0.5,0.0,0.0,0.0,0.0
1364,0.5,0.2,0.1,0.2,0.5,0.5,0.5,0.5,0.1,0.1,0.1,0.1
1370,0.0,0.0,1.0,1.0,0.0,0.0,0.0,0.0,0.0,0.0,0.0,0.0
1374,0.0,0.0,0.75,0.0,0.1,0.0,0.0,0.0,0.0,0.0,0.0,0.0
1389,0.0,0.0,0.0,0.0,0.5,0.75,0.5,0.67,0.5,0.5,0.33,1.0
1404,0.1,0.1,0.2,0.1,0.1,0.1,0.3,0.1,0.0,0.0,0.0,0.0
1412,0.1,0.0,0.0,0.0,0.0,0.0,0.0,0.0,0.0,0.0,0.0,0.0
1421,0.05,0.1,0.07,0.0,0.5,0.2,0.3,0.3,0.0,0.0,0.0,0.0
1423,0.0,0.0,0.0,0.0,0.0,0.0,0.0,0.0,0.0,0.0,0.0,0.0
1439,0.0,0.0,0.0,0.0,0.6,0.4,0.2,0.1,0.3,0.1,0.1,0.0
1449,0.0,0.0,0.03,0.0,0.0,0.0,0.01,0.0,0.0,0.0,0.2,0.0
1472,-999.0,-999.0,-999.0,-999.0,1.0,0.2,0.1,0.4,0.0,0.1,0.0,0.1
1477,0.0,0.0,0.0,0.0,0.0,0.0,0.0,0.0,0.0,0.0,0.0,0.0
1506,0.0,0.0,0.0,0.0,0.1,0.0,0.0,0.2,0.0,0.0,0.0,0.0
1540,0.05,0.05,0.0,0.0,0.05,0.05,0.05,0.0,0.0,0.0,0.0,0.0
1591,0.0,0.0,0.0,0.0,0.0,0.5,0.0,0.75,0.0,0.5,0.75,0.6
1592,0.0,0.05,0.5,0.6,0.05,0.7,0.4,0.75,0.0,0.0,0.1,0.0
1660,0.0,0.0,0.0,0.0,0.1,0.0,0.1,0.1,0.0,0.0,0.0,0.0
1685,0.0,0.0,0.0,0.0,0.0,0.5,0.0,0.0,0.0,0.0,0.0,0.5
1719,0.0,0.0,0.0,0.0,0.0,0.0,0.0,0.0,0.0,0.0,0.0,0.0
1761,0.0,0.0,0.0,0.0,0.7,0.0,0.4,0.0,0.0,0.0,0.0,0.0
1771,0.0,0.0,0.0,0.0,0.0,0.0,0.0,0.0,0.0,0.0,0.0,0.0
1788,0.0,0.0,0.0,0.0,0.0,0.0,0.0,0.0,0.0,0.0,0.0,0.0
1799,0.0,0.0,0.5,0.0,0.2,0.0,0.3,0.2,0.0,0.0,0.0,0.0
1805,0.0,0.0,0.0,0.0,0.0,0.0,0.0,0.0,0.0,0.0,0.0,0.0
1842,0.0,0.0,0.5,0.0,0.6,0.1,0.0,0.0,0.0,0.0,0.0,0.0
1852,0.0,0.5,0.5,0.5,0.0,0.0,0.0,0.0,0.0,0.0,0.0,0.0
1869,0.0,0.0,0.0,0.0,0.0,0.0,0.0,0.0,0.0,0.0,0.0,0.0
1884,0.0,0.45,0.25,0.0,0.75,0.85,1.0,0.5,0.0,0.0,0.15,0.55
1892,0.0,0.0,0.0,0.0,0.5,0.5,0.5,0.0,0.0,0.0,0.0,0.0
1914,0.25,0.0,0.25,0.0,0.1,0.0,0.0,0.0,0.0,0.0,0.0,0.0
1929,0.0,0.3,0.5,0.7,0.05,0.0,0.0,0.0,0.0,0.0,0.0,0.0
1931,0.25,0.25,0.0,0.0,0.0,0.25,0.5,0.0,0.0,0.0,0.0,0.0
1955,0.0,0.0,0.0,0.0,0.0,0.0,0.0,0.0,0.0,0.0,0.0,0.0
1967,0.1,0.1,0.1,0.1,0.0,0.0,0.0,0.0,0.0,0.0,0.0,0.0
1978,0.0,0.0,0.0,0.0,0.0,0.0,0.05,0.0,0.0,0.0,0.0,0.02
2039,0.0,0.0,0.0,0.0,0.0,0.0,0.0,0.0,0.0,0.0,0.0,0.0
2048,0.0,0.0,0.0,0.0,0.0,0.0,0.0,0.0,0.0,0.0,0.0,0.0
2049,-999.0,-999.0,-999.0,-999.0,0.0,0.0,0.0,0.0,0.0,0.0,0.0,0.0
2061,0.9,0.5,0.0,0.5,0.5,0.4,0.2,0.1,0.0,0.0,0.0,0.0
2086,0.0,0.0,0.0,0.0,0.2,0.2,0.25,0.2,0.0,0.0,0.0,0.0
2089,0.5,0.1,0.1,0.1,0.1,0.1,0.1,0.1,0.5,0.3,0.0,0.0
2136,0.0,0.0,0.0,0.0,0.0,0.0,0.0,0.0,0.0,0.0,0.0,0.0
2137,0.0,0.0,0.0,0.0,0.0,0.0,0.0,0.0,0.0,0.0,0.0,0.0
2142,0.0,0.0,0.0,0.0,0.0,0.0,0.0,0.0,0.0,0.0,0.0,0.0
2231,0.0,0.0,0.0,0.0,0.5,0.5,0.55,0.05,0.0,0.0,0.0,0.0
2306,0.0,0.0,0.0,0.0,0.0,0.0,0.0,0.0,0.0,0.0,0.0,0.0
2334,0.0,0.6,0.0,0.0,0.0,0.0,0.8,0.95,0.0,0.0,0.0,0.0
2362,0.0,0.0,0.0,0.0,0.0,0.25,0.0,0.0,0.0,0.0,0.0,0.0
2365,0.2,0.25,0.2,0.25,0.15,0.15,0.15,0.15,0.0,0.0,0.0,0.0
2367,0.2,0.1,0.3,0.2,0.5,0.5,0.5,0.5,0.5,0.5,0.3,0.1
2371,0.1,0.5,0.15,0.75,0.0,0.0,0.0,0.0,0.0,0.0,0.0,0.0
2392,0.0,0.0,0.0,0.0,0.0,0.0,0.0,0.0,0.0,0.0,0.0,0.0
2398,0.0,0.0,0.0,0.0,0.0,0.0,0.0,0.0,0.0,0.0,0.0,0.0
2436,0.0,0.0,0.0,0.0,0.0,0.0,0.0,0.0,0.0,0.0,0.0,0.0
2442,0.0,0.0,0.0,0.0,0.25,0.0,0.25,0.4,0.25,0.25,0.0,0.0
2447,-999.0,-999.0,-999.0,-999.0,0.0,0.0,0.0,0.0,0.0,0.0,0.0,0.0
2454,0.01,0.01,0.01,0.01,0.3,0.3,0.3,0.2,0.02,0.4,0.1,0.4
2457,0.0,0.0,0.0,0.0,0.0,0.0,0.0,0.0,0.0,0.0,0.0,0.0
2465,0.0,0.0,0.0,0.0,0.9,0.0,0.0,0.0,0.5,0.5,0.0,0.25
2479,0.0,0.0,0.0,0.0,0.0,0.0,0.1,0.0,0.0,0.0,0.0,0.0
2487,0.0,0.0,0.0,0.0,0.2,0.3,0.5,0.1,0.0,0.0,0.0,0.0
2500,0.0,0.0,0.0,0.0,0.0,0.0,0.0,0.0,0.0,0.0,0.0,0.0
2502,0.5,0.0,0.5,0.0,0.0,0.0,0.0,0.0,0.0,0.0,0.0,0.0
2528,0.5,0.75,0.75,0.0,0.0,0.0,0.0,0.0,0.0,0.0,0.25,0.0
2549,0.0,0.0,0.0,0.0,0.0,0.0,0.0,0.0,0.0,0.0,0.0,0.0
2596,0.25,0.25,0.25,0.5,0.0,0.0,0.0,0.0,0.0,0.0,0.0,0.0
2598,0.0,0.0,0.0,0.0,0.85,0.6,0.1,0.25,0.0,0.0,0.0,0.0
2611,0.5,0.5,0.5,0.5,0.5,0.5,0.5,0.5,0.5,0.5,0.5,0.5
2623,0.3,0.2,0.0,0.3,0.75,0.8,0.15,0.8,0.0,0.02,0.0,0.01
2636,0.0,0.1,0.1,0.0,0.0,0.0,0.0,0.0,0.0,0.0,0.0,0.0
2659,0.25,0.3,0.5,0.0,0.5,0.2,0.35,0.5,0.0,0.0,0.0,0.0
2676,0.1,0.0,0.0,0.0,0.7,0.7,0.85,0.9,0.7,0.7,0.85,0.9
2685,0.0,0.0,0.0,0.0,0.0,0.0,0.0,0.0,0.0,0.0,0.0,0.0
2686,0.0,0.0,0.0,0.0,0.0,0.0,0.0,0.0,0.0,0.0,0.0,0.0
2709,0.0,0.0,0.0,0.0,0.0,0.0,0.0,0.0,0.0,0.0,0.0,0.0
2726,0.0,0.0,0.0,0.0,0.0,0.0,0.2,0.1,0.0,0.0,0.0,0.0
2728,0.0,0.0,0.0,0.0,0.1,0.1,0.1,0.1,0.0,0.0,0.0,0.0
2745,0.0,0.0,0.0,0.0,0.0,0.0,0.0,0.0,0.0,0.0,0.0,0.0
2758,0.0,0.2,0.1,0.1,0.15,0.15,0.5,0.3,0.1,0.1,0.1,0.1
2768,0.0,0.0,0.0,0.0,0.0,0.1,0.1,0.0,0.0,0.0,0.0,0.0
2783,0.0,0.0,0.0,0.0,0.35,0.0,0.0,0.45,0.0,0.0,0.1,0.0
2804,0.0,0.0,0.0,0.0,0.0,0.0,0.0,0.0,0.0,0.0,0.0,0.0
2829,0.0,0.0,0.0,0.0,0.0,0.0,0.0,0.0,0.0,0.0,0.0,0.0
2866,-999.0,-999.0,-999.0,-999.0,0.2,0.2,0.45,0.3,0.3,0.1,0.5,0.0
2868,0.0,0.0,0.0,0.0,0.0,0.0,0.0,0.0,0.0,0.0,0.0,0.0
2869,0.1,0.0,0.0,0.0,0.5,0.0,0.0,0.5,0.5,0.0,0.5,0.0
2870,0.1,0.05,0.05,0.0,0.0,0.0,0.05,0.0,0.0,0.0,0.0,0.0
2874,0.0,0.0,0.0,0.0,0.0,0.0,0.0,0.0,0.0,0.0,0.0,0.0
2877,0.0,0.0,0.0,0.0,0.2,0.2,0.2,0.25,0.0,0.0,0.0,0.0
2894,0.0,0.0,0.0,0.0,0.0,0.0,0.0,0.0,0.0,0.0,0.0,0.0
2923,0.0,0.0,0.0,0.0,0.0,0.0,0.02,0.0,0.0,0.0,0.05,0.0
2958,0.0,0.0,0.0,0.0,0.0,0.0,0.0,0.0,0.0,0.0,0.0,0.0
3014,0.1,0.5,0.45,0.75,0.23,0.1,0.1,0.75,0.0,0.0,0.0,0.0
3018,0.0,0.0,0.75,0.75,0.0,0.0,0.0,0.0,0.0,0.0,0.0,0.0
3050,0.0,0.0,0.0,0.0,0.0,0.0,0.0,0.0,0.0,0.0,0.0,0.0
3069,0.0,0.0,0.0,0.0,0.0,0.0,0.0,0.0,0.0,0.0,0.0,0.0
3076,0.0,0.0,0.5,0.7,0.25,0.1,0.15,0.2,0.4,0.25,0.2,0.25
3098,0.0,0.0,0.0,0.0,0.0,0.0,0.0,0.0,0.0,0.0,0.0,0.0
3103,0.0,0.0,0.5,0.8,0.5,0.8,0.0,0.5,0.0,0.0,0.0,0.0
3104,0.2,0.5,0.2,0.1,0.05,0.0,0.05,0.0,0.0,0.0,0.0,0.0
3105,0.0,0.0,0.0,0.0,0.0,0.0,0.0,0.0,0.0,0.0,0.0,0.0
3127,0.0,0.0,0.0,0.0,0.0,0.0,0.0,0.0,0.0,0.0,0.0,0.0
3136,0.0,0.0,0.0,0.0,0.0,0.0,0.0,0.0,0.0,0.0,0.0,0.0
3140,0.0,0.0,0.0,0.0,0.0,0.0,0.0,0.0,0.0,0.0,0.0,0.0
3144,0.0,0.0,0.1,0.0,0.8,0.8,0.1,0.9,0.0,0.0,0.0,0.0
3145,0.0,0.0,0.0,0.0,0.0,0.0,0.0,0.0,0.0,0.0,0.0,0.0
3153,0.0,0.0,0.0,0.0,0.5,0.5,0.5,0.5,0.0,0.0,0.0,0.0
3160,-999.0,-999.0,-999.0,-999.0,0.0,0.0,0.1,0.0,0.0,0.0,0.0,0.0
3197,0.0,0.0,0.0,0.05,0.1,0.0,0.0,0.1,0.4,0.0,0.1,0.1
3198,0.01,0.0,0.6,0.5,0.1,0.0,0.15,0.15,0.0,0.2,0.0,0.0
3201,0.0,0.0,0.0,0.0,0.0,0.0,0.05,0.15,0.0,0.0,0.0,0.0
3202,0.1,0.05,0.1,0.01,0.55,0.25,0.2,0.15,0.25,0.4,0.4,0.45
3214,0.0,0.0,0.0,0.0,0.0,0.0,0.0,0.0,0.75,0.0,1.0,0.0
3235,0.5,0.5,0.5,0.5,0.5,0.5,0.5,0.5,0.5,0.5,0.5,0.5
3237,0.0,0.0,0.0,0.0,0.5,0.0,0.2,0.0,0.0,0.0,0.0,0.0
3242,0.0,0.0,0.0,0.0,0.6,0.4,0.8,0.8,0.0,0.0,0.0,0.0
3254,0.0,0.0,0.0,0.0,0.0,0.0,0.0,0.0,0.0,0.0,0.0,0.0
3271,0.0,0.0,0.0,0.0,0.0,0.0,0.0,0.0,0.0,0.0,0.0,0.0
3274,0.0,0.0,0.0,0.0,0.0,0.0,0.0,0.0,0.0,0.0,0.0,0.0
3319,0.0,0.4,0.8,0.7,0.2,0.1,0.3,0.0,0.0,0.0,0.0,0.0
3326,0.0,0.0,0.0,0.0,0.0,0.0,0.0,0.0,0.08,0.0,0.0,0.0
3330,0.0,0.0,0.0,0.0,0.0,0.0,0.0,0.0,0.0,0.0,0.0,0.0
3338,0.0,0.0,0.0,0.0,0.0,0.0,0.1,0.0,0.0,0.0,0.0,0.0
3340,0.0,0.0,0.0,0.0,0.1,0.1,0.1,0.1,0.0,0.0,0.0,0.0
3343,0.0,0.2,0.0,0.2,0.4,0.2,0.7,0.4,1.0,1.0,0.0,0.75
3362,0.1,0.05,0.0,0.0,0.05,0.04,0.1,0.0,0.05,0.05,0.05,0.05
3365,0.1,0.1,0.05,0.05,0.2,0.2,0.2,0.1,0.2,0.25,0.2,0.2
3381,0.5,0.01,0.4,0.0,0.0,0.0,0.0,0.0,0.0,0.0,0.0,0.0
3390,0.0,0.0,0.0,0.0,0.0,0.0,0.0,0.0,0.0,0.0,0.0,0.0
3398,0.0,0.0,0.0,1.0,0.0,0.0,0.0,0.0,0.0,0.0,0.0,1.0
3405,0.0,0.0,0.0,0.0,0.5,0.0,0.5,0.0,0.0,0.0,0.0,0.0
3406,0.0,0.0,1.0,1.0,1.0,1.0,0.0,0.0,0.0,0.0,0.0,0.0
3434,-999.0,-999.0,-999.0,-999.0,0.0,0.0,0.0,0.0,0.0,0.0,0.0,0.0
3435,0.0,0.0,0.0,0.0,0.0,0.0,0.0,0.0,0.0,0.0,0.0,0.0
3442,0.0,0.0,0.0,0.0,0.0,0.0,0.0,0.0,0.0,0.0,0.0,0.0
3446,0.0,0.0,0.0,0.0,0.25,0.5,0.6,0.0,0.05,0.1,0.02,0.04
3452,0.0,0.0,0.0,0.0,0.0,0.0,0.0,0.0,0.0,0.0,0.0,0.0
3457,0.0,0.0,0.0,0.0,0.0,0.0,0.0,0.0,0.0,0.0,0.0,0.0
3474,0.0,0.0,0.0,0.0,0.6,0.1,0.15,0.5,0.0,0.0,0.0,0.0
3488,0.0,0.8,0.0,0.95,0.0,0.0,0.75,0.0,0.0,0.0,0.0,0.0
3491,0.0,0.0,0.0,0.0,0.5,0.0,0.0,0.0,0.0,0.0,0.0,0.0
3501,0.1,0.0,0.0,0.0,0.15,0.05,0.0,0.1,0.6,0.6,0.1,1.0
3505,0.6,0.6,0.7,0.5,0.25,0.1,0.05,0.05,0.1,0.05,0.05,0.0
3522,0.1,0.25,0.35,0.0,0.0,0.0,0.15,0.0,0.0,0.0,0.0,0.0
3531,0.1,0.0,0.0,0.2,0.4,0.0,0.0,0.0,0.0,0.5,0.0,0.0
3532,0.0,0.0,0.0,0.0,0.5,0.5,0.5,0.5,0.0,0.0,0.0,0.0
3541,0.0,0.0,0.0,0.0,0.0,0.0,0.0,0.0,0.0,0.0,0.0,0.0
3550,0.3,0.0,0.0,0.0,0.5,0.3,0.0,0.0,0.0,0.0,0.0,0.0
3557,0.0,0.0,0.0,0.0,0.0,0.0,0.0,0.0,0.0,0.0,0.0,0.0
3564,0.0,0.0,0.0,0.0,0.3,0.1,0.1,0.03,0.0,0.1,0.1,0.02
3572,0.0,0.0,0.0,0.0,0.0,0.0,0.0,0.0,0.0,0.0,0.0,0.0
3586,0.1,0.1,0.1,0.2,0.05,0.05,0.05,0.02,0.0,0.1,0.8,0.3
3587,0.3,0.7,0.25,0.4,0.4,0.65,0.75,0.4,0.0,0.1,0.0,0.9
3601,0.0,0.0,0.1,0.0,0.25,0.0,0.0,0.0,0.0,0.0,0.0,0.0
3631,0.5,0.5,0.5,0.5,0.5,0.5,0.5,0.5,0.5,0.5,0.5,0.5
3633,0.1,0.1,0.01,0.01,0.25,0.75,0.35,0.5,0.0,0.0,0.0,0.0
3642,0.0,0.0,0.0,0.0,0.5,0.5,0.25,0.75,0.0,0.0,0.0,0.0
3656,0.0,0.0,0.0,0.0,0.0,0.0,0.0,0.0,0.0,0.0,0.0,0.0
3663,0.0,0.0,0.0,0.0,0.0,0.0,0.5,0.0,0.0,0.0,0.3,0.0
3680,0.25,0.25,0.25,0.25,0.05,0.03,0.04,0.03,0.0,0.0,0.0,0.0
3692,0.75,0.9,0.85,0.2,0.0,0.01,0.0,0.01,0.0,0.0,0.0,0.0
3695,0.0,0.0,0.0,0.0,0.0,0.0,0.0,0.0,0.0,0.0,0.0,0.0
3698,0.0,0.0,0.0,0.0,0.0,0.0,0.0,0.0,0.0,0.0,0.0,0.0
3699,0.0,0.0,0.0,0.0,0.0,0.0,0.0,0.0,0.0,0.0,0.0,0.0
3715,0.0,0.0,0.0,0.0,0.0,0.0,0.0,0.0,0.0,0.0,0.0,0.0
3721,0.0,0.0,0.0,0.0,0.5,0.5,0.3,0.8,0.0,0.0,0.0,0.0
3729,0.0,0.0,0.0,0.0,0.0,0.0,0.0,0.0,0.0,0.0,0.0,0.0
3750,0.0,0.0,0.0,0.0,0.0,0.0,0.0,0.0,0.0,0.0,0.0,0.0
3751,0.0,0.0,0.0,0.5,0.25,0.25,0.25,0.25,0.0,0.5,0.0,0.55
3771,0.5,0.5,0.0,0.0,0.5,0.5,0.5,0.0,0.0,0.0,0.0,0.0
3777,0.0,0.0,0.0,0.0,0.0,0.0,0.0,0.0,0.0,0.0,0.0,0.0
3785,0.5,0.6,0.4,0.5,0.1,0.15,0.45,0.35,0.5,0.3,0.4,0.3
3795,0.0,0.0,0.0,0.0,0.3,0.3,0.2,0.4,0.3,0.0,0.0,0.3
3802,0.4,0.4,0.5,0.4,0.5,0.0,0.5,0.4,0.5,0.0,0.0,0.0
3807,0.0,0.0,0.1,0.1,0.1,0.2,0.2,0.4,0.0,0.0,0.0,0.0
3822,0.0,0.0,0.0,0.0,0.0,0.0,0.0,0.0,0.0,0.0,0.0,0.0
3826,0.0,0.2,0.0,0.1,0.0,0.0,0.25,0.0,0.0,0.5,0.1,0.0
3899,0.0,0.0,0.0,0.0,0.75,0.0,0.5,0.75,1.0,0.0,0.0,0.0
3908,0.25,0.5,0.0,0.9,0.6,0.75,0.9,0.6,0.5,0.9,0.0,0.5
3910,0.0,0.01,0.0,0.01,0.0,0.0,0.0,0.0,0.0,0.0,0.0,0.0
3914,0.02,0.05,0.05,0.04,0.8,0.1,0.3,0.01,0.0,0.0,0.1,0.01
3924,0.6,0.0,0.0,0.2,0.0,0.0,0.0,0.0,0.0,0.0,0.0,0.0
3926,0.0,0.0,0.0,0.0,0.0,0.0,0.0,0.0,0.0,0.0,0.0,0.0
3930,0.05,0.05,0.0,0.0,0.0,0.0,0.0,0.0,0.0,0.05,0.05,0.0
3931,0.0,0.0,0.0,0.0,0.0,0.0,0.0,0.0,0.0,0.0,0.0,0.0
3935,0.6,0.2,0.0,0.0,0.4,0.05,0.4,0.05,0.05,0.05,0.1,0.05
3944,0.2,0.2,0.0,0.0,0.35,0.2,0.4,0.4,0.0,0.0,0.0,0.0
3961,0.0,0.0,0.0,0.0,0.8,0.0,0.1,0.4,0.0,0.0,0.0,0.0
3975,0.0,0.0,0.0,0.0,0.0,0.0,0.0,0.0,0.0,0.0,0.0,0.0
3983,0.0,0.0,0.0,0.0,0.1,0.0,0.35,0.0,0.8,0.2,0.0,0.8
3996,0.0,0.0,0.0,0.0,0.0,0.0,0.0,0.0,0.0,0.0,0.0,0.0
4003,0.0,0.0,0.0,0.0,0.0,0.0,0.0,0.0,0.0,0.0,0.0,0.0
4035,0.4,0.7,0.5,0.7,0.1,0.05,0.5,0.2,0.1,0.0,0.05,0.0
4036,0.0,0.0,0.0,0.0,0.0,0.0,0.0,0.0,0.0,0.0,0.0,0.0
4060,0.0,0.0,0.0,0.65,0.25,0.2,0.8,0.5,0.0,0.1,0.0,0.05
4074,0.0,0.0,0.0,0.0,0.3,0.0,0.3,0.4,0.0,0.0,0.0,0.0
4078,0.5,0.5,0.5,0.5,0.5,0.5,0.5,0.5,0.2,0.0,0.2,0.2
4085,-999.0,-999.0,-999.0,-999.0,0.0,0.0,0.0,0.0,0.0,0.0,0.0,0.0
4096,0.0,0.0,0.8,0.2,0.0,0.0,0.0,0.0,0.5,0.1,0.1,0.0
4111,0.0,0.75,0.65,0.0,0.0,0.0,0.0,0.0,0.0,0.0,0.0,0.0
4113,0.0,0.0,0.0,0.0,0.0,0.02,0.01,0.0,0.01,0.02,0.01,0.01
4132,0.0,0.0,0.0,0.0,0.5,0.6,0.5,0.4,0.0,0.0,0.0,0.0
4134,0.0,0.0,0.0,0.0,0.0,0.0,0.0,0.0,0.0,0.0,0.0,0.0
4139,0.0,0.0,0.0,0.2,0.0,0.0,0.0,0.0,0.0,0.0,0.0,0.0
4177,0.5,0.5,0.6,0.4,0.0,0.0,0.0,0.0,0.0,0.0,0.0,0.0
4182,0.0,0.0,0.0,0.0,0.0,0.0,0.0,0.0,0.0,0.0,0.0,0.0
4191,0.0,0.0,0.0,0.0,0.1,0.0,0.0,0.0,0.0,0.0,0.0,0.0
4205,0.4,0.0,0.0,0.0,0.0,0.0,0.4,0.0,0.0,0.0,0.0,0.0
4210,0.0,0.0,0.0,0.0,0.1,0.05,0.02,0.02,0.0,0.0,0.0,0.0
4212,0.1,0.25,0.0,0.05,0.1,0.0,0.05,0.0,0.0,0.0,0.0,0.0
4221,0.0,0.0,0.0,0.0,0.0,0.0,0.0,0.0,0.0,0.0,0.01,0.0
4231,0.15,0.25,0.35,0.3,0.25,0.1,0.15,0.1,0.0,0.1,0.0,0.25
4232,0.1,0.05,0.2,0.0,0.3,0.2,0.15,0.25,0.0,0.0,0.0,0.0
4249,0.1,0.8,0.5,1.0,0.2,0.2,0.5,0.5,0.0,0.0,0.0,0.0
4252,0.0,0.0,0.0,0.0,0.0,0.0,0.0,0.0,0.0,0.0,0.0,0.0
4264,0.2,0.2,0.2,0.2,0.2,0.2,0.2,0.2,0.5,0.5,0.2,0.2
4270,0.0,0.0,0.0,0.0,0.1,0.2,0.1,0.2,0.25,0.75,0.5,0.4
4272,0.0,0.0,0.0,0.0,0.0,0.0,0.0,0.0,0.0,0.0,0.0,0.0
4273,0.0,0.0,0.0,0.0,0.0,0.0,0.0,0.0,0.0,0.0,0.0,0.0
4279,0.0,0.0,0.0,0.0,0.0,0.0,0.0,0.0,0.0,0.0,0.0,0.0
4292,0.0,0.0,0.0,0.0,0.0,0.0,0.0,0.0,0.0,0.0,0.0,0.1
4309,0.0,0.0,0.0,0.0,0.0,0.0,0.0,0.0,0.0,0.0,0.0,0.0
4334,0.0,0.0,0.0,0.0,0.0,0.0,0.0,0.0,0.0,0.0,0.0,0.0
4352,0.0,0.2,0.75,0.75,0.05,0.15,0.05,0.0,0.0,0.0,0.0,0.0
4369,0.0,0.0,0.0,0.0,0.0,0.0,0.0,0.0,0.0,0.0,0.0,0.0
4389,0.0,0.0,0.0,0.0,0.5,0.3,0.1,0.0,0.0,0.0,0.0,0.0
4392,0.5,0.1,0.1,0.1,0.2,0.2,0.2,0.1,0.1,0.1,0.1,0.0
4394,0.0,0.0,0.0,0.0,0.0,1.0,0.1,0.1,0.1,0.1,0.05,0.25
4412,0.25,0.6,0.5,0.0,0.0,0.0,0.0,0.0,0.0,0.66,0.0,0.0
4503,0.02,0.75,0.3,0.0,0.5,0.8,0.4,0.99,0.3,0.6,0.9,0.05
4537,0.0,0.0,0.0,0.0,0.0,0.0,0.0,0.0,0.0,0.0,0.0,0.0
4542,0.5,0.36,0.2,0.1,0.5,0.5,0.9,0.0,0.36,0.75,0.35,0.0
4547,0.0,0.0,0.0,0.0,0.0,0.0,0.0,0.0,0.0,0.0,0.0,0.0
4551,0.1,0.0,0.3,0.0,0.2,0.0,0.0,0.0,0.0,0.0,0.0,0.1
4585,0.0,0.0,0.0,0.0,0.0,0.0,0.0,0.0,0.0,0.0,0.0,0.0
4587,0.0,0.0,0.0,0.0,0.0,0.0,0.0,0.0,0.0,0.0,0.0,0.0
4589,0.0,0.0,0.0,0.0,0.0,0.0,0.0,0.5,0.0,0.0,0.0,0.5
4620,0.0,0.0,0.0,0.0,0.0,0.0,0.0,0.0,0.0,0.0,0.0,0.0
4622,0.0,0.1,0.0,0.12,0.0,0.0,0.0,0.0,0.5,0.0,0.0,0.0
4654,0.0,0.5,0.0,0.5,0.25,0.2,0.5,0.05,0.0,0.7,0.4,0.0
4670,0.0,0.0,0.0,0.0,0.25,0.25,0.3,0.0,0.0,0.0,0.0,0.1
4673,0.6,0.0,0.0,0.2,0.8,0.5,0.0,0.0,0.0,0.0,0.5,0.2
4697,0.1,0.1,0.15,0.1,0.1,0.25,0.25,0.1,0.1,0.1,0.1,0.0
4701,0.0,0.0,0.0,0.0,0.0,0.0,0.0,0.0,0.75,0.0,0.0,0.0
4722,0.0,0.0,0.0,0.0,0.0,0.0,0.0,0.0,0.0,0.0,0.0,0.0
4727,0.0,0.0,0.0,0.0,0.0,0.0,0.0,0.0,0.0,0.0,0.0,0.0
4736,0.5,0.0,0.0,0.5,0.5,0.5,0.75,0.1,0.0,0.0,0.0,0.5
4738,0.0,0.0,0.1,0.0,0.5,0.0,0.3,0.0,0.0,0.0,0.0,0.0
4746,0.0,0.0,0.0,0.0,0.0,0.5,0.0,0.75,0.0,0.0,0.0,0.0
4775,0.0,0.0,0.0,0.0,0.0,0.0,0.0,0.0,0.0,0.0,0.0,0.0
4815,0.0,0.0,0.0,0.0,0.7,0.0,0.0,0.0,0.0,0.5,0.5,0.0
4816,0.5,0.35,0.0,0.3,0.35,0.4,0.0,0.35,0.0,0.0,0.0,0.0
4826,-999.0,-999.0,-999.0,-999.0,0.0,0.0,0.0,0.0,0.0,0.0,0.0,0.0
4868,0.0,0.0,0.0,0.0,0.0,0.0,0.0,0.0,0.0,0.0,0.0,0.0
4893,0.0,0.0,0.0,0.0,0.3,0.0,0.0,0.65,0.0,0.0,0.0,0.0
4901,0.0,0.0,0.0,0.0,0.0,0.5,0.2,0.0,0.0,0.0,0.0,0.0
4904,0.0,0.0,0.0,0.0,0.01,0.01,0.01,0.01,0.0,0.0,0.0,0.0
4919,0.85,0.95,0.0,0.0,1.0,0.6,0.0,0.0,0.0,0.5,0.25,0.1
4922,0.0,0.0,0.0,0.0,0.25,0.3,0.1,0.4,0.0,0.0,0.0,0.0
4932,0.0,0.0,0.0,0.0,0.0,0.0,0.0,0.0,0.04,0.03,0.02,0.01
4936,0.5,0.5,0.5,0.0,0.8,1.0,0.8,0.8,0.0,0.0,0.0,0.0
4943,0.0,0.0,0.0,0.0,0.5,0.2,0.0,0.25,0.0,0.0,0.0,0.0
4945,0.5,0.01,0.1,0.01,0.1,0.01,0.01,0.01,0.0,0.0,0.0,0.0
4957,0.0,0.0,0.0,0.0,0.0,0.0,0.25,0.0,0.0,0.0,0.0,0.0
4968,0.3,0.0,0.2,0.0,0.3,0.2,0.15,0.2,0.0,0.0,0.75,0.95
4970,0.75,0.5,0.75,0.0,0.5,0.05,0.4,0.65,0.05,0.0,0.1,0.0
4984,0.0,0.0,0.0,0.0,0.25,0.2,0.3,0.0,0.05,0.05,0.1,0.0
4991,0.0,0.0,0.0,0.0,0.0,0.0,0.0,0.0,0.0,0.0,0.0,0.0
4995,0.3,0.0,0.7,0.4,0.7,0.2,0.1,0.0,0.0,0.0,0.0,0.0
4998,0.1,0.5,0.05,0.0,0.0,0.0,0.0,0.0,0.0,0.0,0.0,0.0
5000,0.05,0.0,0.05,0.0,0.12,0.15,0.05,0.15,0.0,0.0,0.0,0.0
5015,0.1,0.15,0.0,0.1,0.0,0.0,0.15,0.0,0.0,0.0,0.0,0.0
5041,0.2,0.15,0.0,0.0,0.3,0.0,0.0,0.1,0.0,0.0,0.0,0.2
5104,0.0,0.0,0.0,0.0,0.25,0.0,0.0,0.0,0.0,0.0,0.0,0.0
5105,0.0,0.0,0.0,0.0,0.0,0.0,0.0,0.0,0.0,0.0,0.0,0.0
5110,0.0,0.0,0.0,0.0,0.0,0.0,0.0,0.0,0.0,0.0,0.25,0.1
5130,0.0,0.0,0.0,0.5,0.8,0.0,0.0,0.5,0.0,0.0,0.0,0.0
5141,0.0,0.0,0.0,0.0,0.0,0.0,0.0,0.0,0.0,0.0,0.0,0.0
5155,-999.0,-999.0,-999.0,-999.0,0.0,0.0,0.0,0.0,0.0,0.0,0.0,0.0
5156,0.0,0.0,0.0,0.0,0.0,0.0,0.0,0.2,0.0,0.0,0.0,0.25
5164,0.0,0.0,0.0,0.0,0.7,0.4,0.3,0.2,0.2,0.2,0.6,0.2
5231,1.0,0.75,0.75,0.25,0.0,0.0,0.0,0.0,0.5,0.0,0.0,0.0
5236,0.0,0.5,0.5,0.3,0.5,0.0,0.8,0.0,0.5,0.75,0.6,0.0
5262,0.0,0.0,0.0,0.0,0.0,0.0,0.0,0.0,0.0,0.0,0.0,0.0
5267,0.0,0.0,0.0,0.0,0.75,0.5,0.25,0.85,0.0,0.0,0.0,0.0
5281,0.0,0.0,0.0,0.0,0.0,0.0,0.0,0.0,0.0,0.0,0.0,0.0
5291,0.6,0.3,0.5,0.3,0.3,0.3,0.3,0.2,0.5,0.5,0.25,0.15
5317,0.0,0.0,0.0,0.0,0.7,0.9,1.0,0.9,0.0,0.0,0.5,0.2
5321,0.0,0.05,0.0,0.0,0.2,0.0,0.1,0.5,0.05,0.0,0.0,0.25
5322,0.1,0.0,0.0,0.0,0.5,0.3,0.35,0.1,0.0,0.0,0.0,0.0
5344,-999.0,-999.0,-999.0,-999.0,0.05,0.1,0.2,0.0,0.25,0.4,0.1,0.1
5351,0.0,0.0,0.0,0.2,0.0,0.5,0.5,0.5,0.0,0.0,0.0,0.0
5353,0.0,0.0,0.5,0.25,0.5,0.0,0.75,0.75,0.0,0.5,0.75,0.0
5354,0.0,0.0,0.0,0.2,0.8,0.6,0.4,0.1,0.05,0.0,0.0,0.0
5356,0.0,0.0,0.0,0.0,0.5,0.4,0.5,0.1,0.0,0.0,0.0,0.1
5366,0.0,0.0,0.0,0.0,0.75,0.8,0.5,0.05,0.05,0.05,0.1,0.0
5372,0.1,0.1,0.1,0.1,0.25,0.25,0.25,0.25,0.0,0.0,0.0,0.0
5392,0.0,0.0,0.0,0.0,0.0,0.0,0.0,0.0,0.0,0.5,0.0,0.0
5404,0.0,0.0,0.0,0.0,0.0,0.0,0.0,0.0,0.0,0.0,0.0,0.0
5407,0.0,0.0,0.0,0.0,0.0,0.0,0.0,0.0,0.0,0.0,0.0,0.0
5430,0.3,0.3,0.0,0.0,0.0,0.0,0.0,0.0,0.0,0.0,0.0,0.0
5433,0.0,0.6,0.7,0.0,0.1,0.05,0.0,0.0,0.25,0.8,0.05,0.25
5438,0.0,0.0,0.0,0.0,0.5,0.7,0.6,0.9,0.0,0.0,0.0,0.0
5454,0.0,0.0,0.0,0.0,0.5,0.0,0.6,0.0,0.0,0.0,0.0,0.0
5479,0.0,0.0,0.0,0.0,0.0,0.0,0.0,0.0,0.0,0.0,0.0,0.0
5495,0.0,0.0,0.0,0.0,0.0,0.0,0.1,0.0,0.1,0.1,0.0,0.0
5503,0.0,0.0,0.0,0.0,0.0,0.0,0.0,0.0,0.0,0.0,0.0,0.0
5513,0.0,0.0,0.0,0.0,0.0,0.0,0.0,0.0,0.0,0.0,0.0,0.0
5526,0.0,0.0,0.0,0.0,0.0,0.0,0.0,0.0,0.0,0.0,0.0,0.0
5529,0.0,0.0,0.0,0.0,0.5,0.5,0.2,0.4,0.0,0.0,0.0,0.0
5541,0.0,0.0,0.0,0.0,0.0,0.0,0.0,0.0,0.0,0.0,0.0,0.0
5557,0.0,0.0,0.0,0.0,0.25,0.0,0.0,0.0,0.0,0.0,0.0,0.0
5564,0.0,0.0,0.0,0.0,0.0,0.0,0.1,0.0,0.0,0.0,0.0,0.0
5568,0.0,0.5,0.3,0.5,0.5,0.5,0.3,0.1,0.5,0.2,0.3,0.0
5572,0.2,0.0,0.1,0.2,0.0,0.0,0.0,0.0,0.0,0.0,0.2,0.0
5610,0.0,0.5,0.5,0.0,1.0,1.0,0.5,1.0,0.0,0.0,0.5,0.0
5612,0.0,0.0,0.0,0.0,0.0,0.0,0.0,0.0,0.0,0.0,0.0,0.0
5631,0.0,0.0,0.0,0.0,0.1,0.1,0.0,0.0,0.0,0.0,0.0,0.0
5663,0.0,0.0,0.0,0.0,0.0,0.0,0.0,0.0,0.0,0.0,0.0,0.0
5676,0.3,0.25,0.8,0.0,0.3,0.1,0.15,0.2,0.2,0.2,0.4,0.0
5693,0.0,0.0,0.0,0.0,0.0,0.0,0.0,0.0,0.0,0.0,0.0,0.0
5703,0.0,0.0,0.0,0.0,0.5,1.0,0.0,0.0,0.0,0.0,0.0,0.0
5707,0.0,0.75,0.0,0.5,0.0,0.0,0.0,0.0,0.25,0.5,0.0,0.0
5743,0.0,0.0,0.0,0.0,0.0,0.0,0.0,0.0,0.0,0.0,0.0,0.0
5772,0.0,0.0,0.0,0.0,0.0,0.0,0.0,0.0,0.0,0.0,0.0,0.0
5795,0.0,0.0,0.0,0.0,0.1,0.0,0.0,0.0,0.2,0.1,0.1,0.1
5797,1.0,1.0,0.0,0.0,1.0,1.0,1.0,1.0,0.0,0.0,0.0,0.0
5857,0.0,0.0,0.0,0.0,0.0,0.0,0.0,0.0,0.0,0.0,0.0,0.0
5885,0.4,0.6,0.5,0.9,0.8,0.5,0.8,0.5,0.4,0.6,0.5,0.8
5933,0.0,0.2,0.0,0.25,0.0,0.2,0.0,0.0,0.0,0.25,0.0,0.0
5941,0.9,0.9,0.8,0.7,0.0,0.0,0.0,0.0,0.0,0.0,0.0,0.0
5943,0.0,0.0,0.0,0.0,0.0,0.0,0.0,0.0,0.0,0.0,0.0,0.0
5949,0.0,0.0,0.0,0.0,0.5,0.3,0.1,0.0,0.0,0.0,0.0,0.5
5951,0.0,0.0,0.0,0.0,0.0,0.0,0.0,0.0,0.0,0.0,0.0,0.0
5956,0.0,0.6,0.8,0.9,0.5,0.25,0.75,0.6,0.0,0.0,0.25,0.5
5961,0.0,0.0,0.0,0.0,0.5,0.4,0.2,0.15,0.25,0.1,0.15,0.05
5968,0.5,0.3,0.5,0.9,0.5,0.8,0.95,0.0,0.5,0.5,0.5,0.5
6001,0.0,0.0,0.0,0.0,0.0,0.0,0.0,0.0,0.0,0.0,0.0,0.0
6010,0.0,0.0,0.0,0.0,0.0,0.0,0.5,0.0,0.0,0.0,0.0,0.0
6012,0.0,0.0,0.25,0.0,0.1,0.2,0.1,0.2,0.0,0.2,0.0,0.1
6028,0.0,0.0,0.0,0.0,0.5,0.6,0.4,0.5,0.0,0.0,0.0,0.0
6029,0.0,0.0,0.0,0.5,0.0,0.0,0.0,0.0,0.0,0.0,0.0,0.0
6041,0.0,0.0,0.0,0.0,0.0,0.0,0.0,0.0,0.0,0.0,0.0,0.0
6049,0.0,0.0,0.0,0.2,0.25,0.5,0.5,0.1,0.25,0.1,0.4,0.1
6060,0.0,0.5,0.0,0.75,0.0,0.0,0.5,0.0,0.0,0.25,0.0,0.0
6073,0.0,0.0,0.0,0.0,0.0,0.0,0.0,0.0,0.0,0.0,0.0,0.0
6089,0.5,0.3,0.3,0.6,0.5,0.6,0.5,0.6,0.5,0.8,0.5,0.6
6126,0.0,0.0,0.0,0.0,0.0,0.0,0.0,0.0,0.0,0.0,0.0,0.0
6143,0.6,0.6,0.6,0.6,0.1,0.25,0.1,0.05,0.05,0.03,0.05,0.03
6145,0.1,0.1,0.2,0.2,0.25,0.25,0.25,0.25,0.0,0.0,0.0,0.0
6146,0.0,0.0,0.0,0.0,0.0,0.0,0.0,0.0,0.0,0.0,0.0,0.0
6159,0.0,0.0,0.0,0.0,0.0,0.1,0.5,0.0,0.0,0.0,0.0,0.0
6178,0.0,0.0,0.0,0.0,0.0,0.0,0.0,0.0,0.0,0.0,0.0,0.0
6196,0.5,0.0,0.0,0.0,0.5,0.5,0.25,0.5,0.0,0.0,0.25,0.0
6201,0.1,0.0,0.1,0.0,0.75,0.1,0.5,0.1,0.0,0.0,0.0,0.25
6217,0.0,0.0,0.0,0.0,0.0,0.0,0.0,0.0,0.0,0.0,0.0,0.0
6234,0.0,0.0,0.25,0.0,0.5,0.0,0.0,0.2,0.0,0.0,0.75,0.0
6245,0.9,0.9,0.5,0.6,0.8,0.9,0.5,0.9,0.5,0.6,0.8,0.4
6249,0.0,0.0,0.0,0.0,0.0,0.0,0.0,0.0,0.0,0.0,0.0,0.0
6261,0.0,0.5,0.0,0.25,0.75,0.1,0.1,0.5,0.0,0.0,0.1,0.0
6272,0.0,0.0,0.0,0.0,0.0,0.0,0.0,0.0,0.0,0.0,0.0,0.0
6277,0.02,0.0,0.0,0.4,0.0,0.0,0.0,0.0,0.0,0.0,0.0,0.0
6288,0.5,0.4,0.55,0.2,1.0,0.5,1.0,0.4,0.2,0.1,0.15,0.6
6310,0.0,0.0,0.0,0.0,0.0,0.0,0.0,0.0,0.0,0.0,0.0,0.5
6318,0.0,0.0,0.05,0.0,0.5,0.5,0.5,0.5,0.05,0.05,0.05,0.08
6321,-999.0,-999.0,-999.0,-999.0,0.0,0.0,0.0,0.0,0.0,0.0,0.0,0.0
6323,0.2,0.4,0.2,0.4,0.1,0.1,0.1,0.1,0.0,0.0,0.0,0.0
6330,0.05,0.05,0.05,0.05,0.3,0.35,0.4,0.1,0.55,0.55,0.15,0.1
6335,0.5,0.0,0.0,0.0,1.0,0.5,0.0,1.0,0.2,0.0,0.6,0.8
6345,0.0,0.0,0.0,0.0,0.0,0.0,0.0,0.0,0.0,0.0,0.0,0.0
6348,0.0,0.0,0.0,0.0,0.25,0.25,0.5,0.0,0.0,0.0,0.0,0.0
6349,0.75,0.2,1.0,1.0,0.5,0.5,0.7,0.7,0.1,0.1,0.4,0.4
6357,0.0,0.0,0.0,0.0,0.0,0.0,0.0,0.0,0.0,0.0,0.0,0.0
6361,0.05,0.18,0.2,0.25,0.25,0.15,0.1,0.2,0.15,0.2,0.17,0.1
6374,0.5,0.65,0.35,0.25,0.5,0.75,0.9,0.35,0.5,0.35,0.65,0.0
6377,0.0,0.0,0.0,0.0,0.0,0.5,0.5,0.5,0.0,0.0,0.0,0.0
6386,0.8,0.0,0.0,0.65,0.6,0.1,0.0,0.5,0.0,0.0,0.0,0.0
6395,0.0,0.0,0.0,0.0,0.0,0.0,0.0,0.5,0.0,0.0,0.0,0.0
6406,0.0,0.1,0.0,0.15,0.0,0.0,0.0,0.0,0.0,0.0,0.0,0.0
6410,0.3,0.2,0.0,0.15,0.2,0.3,0.35,0.15,0.15,0.4,0.15,0.15
6430,0.0,0.0,0.0,0.0,0.0,0.0,0.0,0.0,0.0,0.0,0.0,0.0
6457,0.6,0.3,0.0,0.0,0.01,0.01,0.01,0.03,0.01,0.05,0.1,0.03
6465,0.0,0.0,0.0,0.0,0.5,0.75,0.0,0.5,0.75,0.0,0.0,0.25
6474,0.0,0.0,0.25,0.0,0.0,0.0,0.0,0.0,0.0,0.0,0.0,0.0
6479,0.0,0.0,0.0,0.0,0.0,0.0,0.0,0.0,0.0,0.0,0.0,0.0
6482,0.0,0.0,0.25,0.35,0.0,0.0,0.25,0.0,0.15,0.6,0.2,0.0
6492,0.0,0.0,0.0,0.0,0.0,0.0,0.0,0.0,0.0,0.0,0.0,0.0
6502,0.0,0.5,0.1,0.1,0.1,0.25,0.0,0.0,0.0,0.75,0.1,0.0
6511,0.0,0.0,0.0,0.0,0.02,0.03,0.0,0.01,0.0,0.0,0.0,0.0
6524,0.0,0.0,0.0,0.0,0.0,0.0,0.0,0.0,0.0,0.0,0.0,0.0
6530,0.02,0.02,0.01,0.0,0.02,0.04,0.03,0.05,0.02,0.1,0.04,0.08
6536,0.0,0.0,0.0,0.0,0.0,0.0,0.0,0.0,0.0,0.0,0.0,0.0
6570,0.0,0.0,0.0,0.0,0.0,0.25,0.0,0.5,0.0,0.0,0.0,0.0
6578,0.0,0.0,0.0,0.0,0.0,0.0,0.0,0.0,0.0,0.0,0.0,0.0
6587,0.0,0.0,0.0,0.0,0.0,0.0,0.0,0.25,0.0,0.0,0.0,0.0
6611,0.0,0.0,0.05,0.0,0.0,0.0,0.0,0.0,0.0,0.0,0.0,0.0
6623,0.0,0.0,0.0,0.0,0.0,0.0,0.0,0.0,0.0,0.0,0.0,0.0
6629,0.0,0.0,0.0,0.0,0.35,0.6,0.35,0.5,0.0,0.0,0.0,0.0
6631,0.0,0.0,0.0,0.0,0.0,0.0,0.0,0.0,0.0,0.0,0.0,0.0
6638,0.0,0.0,0.0,0.0,0.0,0.0,0.0,0.0,0.0,0.0,0.0,0.0
6656,0.0,0.0,0.0,0.0,0.5,0.5,0.0,0.0,0.0,0.0,0.0,0.0
6673,0.0,0.0,0.0,0.0,0.0,0.0,0.0,0.0,0.0,0.0,0.0,0.0
6678,0.0,0.0,0.0,0.0,0.0,0.0,0.0,0.0,0.0,0.0,0.0,0.0
6697,0.0,0.0,0.0,0.0,0.25,0.25,0.1,0.0,0.0,0.0,0.0,0.0
6712,0.0,0.0,0.0,0.0,0.6,0.1,0.4,0.2,0.0,0.0,0.0,0.0
6713,0.25,0.5,0.25,0.25,0.25,0.25,0.25,0.4,0.0,0.25,0.3,0.8
6716,0.0,0.75,0.9,1.0,0.5,0.66,0.8,0.33,0.0,0.33,0.8,0.6
6717,0.0,0.1,0.1,0.0,0.4,0.2,0.4,0.5,0.0,0.0,0.2,0.0
6729,0.0,0.0,0.25,0.0,0.0,0.0,0.25,0.25,0.0,0.0,0.0,0.25
6740,0.1,0.0,0.0,0.0,0.1,0.1,0.15,0.15,0.0,0.0,0.0,0.0
6747,0.0,0.0,0.0,0.0,0.0,0.0,0.0,0.0,0.0,0.0,0.0,0.0
6759,0.0,0.0,0.0,0.0,0.0,0.0,0.0,0.0,0.0,0.0,0.0,0.0
6765,0.0,0.0,0.0,0.0,0.05,0.08,0.08,0.0,0.02,0.0,0.0,0.1
6801,0.0,0.0,0.0,0.0,0.0,0.0,0.0,0.0,0.0,0.0,0.0,0.0
6810,0.0,0.0,1.0,0.0,0.0,0.0,0.0,0.0,0.0,0.0,0.5,0.0
6823,0.3,0.4,0.1,0.3,0.6,0.5,0.3,0.4,0.3,0.3,0.3,0.4
6845,0.1,0.1,0.05,0.05,0.5,0.75,0.75,0.25,0.0,0.0,0.0,0.0
6852,0.0,0.0,0.0,0.0,0.0,0.0,0.0,0.0,0.0,0.0,0.0,0.0
6854,0.0,0.0,0.0,0.0,0.0,0.0,0.0,0.0,0.0,0.0,0.0,0.0
6871,0.0,0.0,0.0,0.0,0.0,0.0,0.0,0.0,0.0,0.0,0.0,0.0
6873,0.0,0.0,0.0,0.0,0.75,0.0,0.0,0.0,1.0,1.0,0.0,0.0
6878,0.25,0.35,0.5,0.6,0.4,0.6,0.2,0.5,0.2,0.6,0.0,0.25
6892,0.0,0.0,0.0,0.0,0.1,0.1,0.1,0.1,0.2,0.1,0.1,0.0
6900,0.0,0.0,0.0,0.0,0.0,0.0,0.0,0.0,0.0,0.0,0.0,0.0
6906,0.0,0.0,0.0,0.0,0.5,0.7,0.2,0.8,0.0,0.0,0.0,0.0
6967,0.6,0.0,0.0,0.6,0.15,0.05,0.15,0.05,0.0,0.1,0.0,0.0
6983,0.0,0.0,0.0,0.0,0.1,0.0,0.0,0.0,0.0,0.0,0.0,0.0
6987,0.1,0.0,0.0,0.0,0.65,0.65,0.85,0.35,0.75,0.75,0.7,0.67
6993,0.0,0.0,0.0,0.0,0.0,0.0,0.0,0.0,0.0,0.0,0.0,0.0
7002,0.0,0.0,0.0,0.0,0.5,0.5,0.0,0.0,0.0,0.0,0.0,0.0
7029,0.0,0.0,0.0,0.0,0.0,0.0,0.0,0.0,0.0,0.0,0.0,0.0
7036,0.0,0.0,0.0,0.0,1.0,1.0,0.85,0.5,0.0,0.5,0.5,0.0
7057,0.0,0.0,0.0,0.0,0.5,0.5,1.0,0.75,0.0,0.0,0.5,0.75
7063,0.0,0.0,0.0,0.0,0.0,0.0,0.0,0.0,0.0,0.0,0.0,0.0
7069,0.0,0.0,0.0,0.0,1.0,1.0,1.0,1.0,0.0,0.5,0.0,0.5
7078,0.0,0.0,0.0,0.0,0.0,0.0,0.0,0.0,0.0,0.0,0.0,0.0
7087,0.0,0.0,0.0,0.0,0.0,0.0,0.0,0.0,0.0,0.0,0.0,0.0
7094,0.1,0.0,1.0,0.5,0.0,0.0,0.0,0.0,0.1,0.0,0.1,0.0
7143,0.0,0.0,0.0,0.0,0.25,0.1,0.5,0.0,0.0,0.0,0.0,0.0
7147,0.0,0.5,0.25,0.35,0.5,0.7,0.6,0.25,0.2,0.0,0.1,0.5
7175,0.75,0.75,0.85,1.0,0.5,0.5,0.5,0.0,0.0,0.0,0.0,0.0
7179,0.0,0.0,0.6,0.5,0.4,0.4,0.2,0.0,0.2,0.2,0.0,0.0
7180,0.0,0.0,0.0,0.0,0.0,0.0,0.0,0.0,0.0,0.0,0.0,0.0
7185,0.5,0.3,0.1,0.1,0.2,0.1,0.1,0.1,0.1,0.05,0.1,0.05
7192,0.0,0.0,0.0,0.0,0.0,0.0,0.0,0.0,0.0,0.0,0.0,0.0
7201,0.75,0.0,0.1,0.2,0.0,0.0,0.1,0.0,0.0,0.0,0.0,0.0
7210,0.0,0.0,0.0,0.0,0.0,0.0,0.0,0.0,0.0,0.0,0.0,0.0
7246,0.33,0.1,0.1,0.1,0.5,0.1,0.33,0.45,0.25,0.2,0.0,0.33
7287,0.5,0.0,0.2,0.0,0.4,0.2,0.3,0.4,0.3,0.0,0.0,0.2
7291,0.0,0.1,0.1,0.1,0.0,0.0,0.0,0.0,0.0,0.0,0.0,0.0
7312,0.5,0.5,0.7,0.3,0.5,0.7,0.0,0.0,0.5,0.5,0.6,0.5
7332,0.0,0.0,0.0,0.0,0.0,0.0,0.0,0.0,0.0,0.0,0.0,0.0
7344,0.0,0.1,0.1,0.2,0.1,0.0,0.15,0.15,0.5,0.5,0.5,0.5
7345,0.0,0.0,0.0,0.0,0.0,0.0,0.0,0.0,0.0,0.25,0.0,0.99
7363,0.05,0.05,0.05,0.04,0.15,0.05,0.15,0.15,0.3,0.3,0.3,0.1
7387,0.0,0.0,0.0,0.0,0.2,0.3,0.0,0.3,0.0,0.0,0.0,0.0
7390,0.0,0.0,0.0,0.0,0.25,0.25,0.25,0.25,0.0,0.0,0.0,0.0
7391,0.0,0.0,0.0,0.0,0.0,0.0,0.0,0.0,1.0,1.0,0.5,0.5
7392,0.0,0.0,0.0,0.0,0.25,0.0,0.2,0.5,0.1,0.2,0.0,0.0
7393,0.25,0.0,0.0,0.0,0.5,0.0,0.75,0.0,0.0,0.0,0.0,0.0
7396,0.0,0.0,0.0,0.0,0.2,0.15,0.5,0.4,0.0,0.0,0.0,0.0
7409,0.1,0.1,0.15,0.23,0.75,0.0,0.2,0.2,0.05,0.05,0.04,0.03
7429,0.0,0.0,0.0,0.0,0.0,0.0,0.0,0.0,0.0,0.0,0.0,0.0
7441,0.0,0.5,0.0,0.0,0.0,0.0,0.1,0.1,0.0,0.0,0.0,0.0
7449,0.0,0.0,0.0,0.0,0.0,0.0,0.0,0.0,0.0,0.0,0.0,0.0
7468,0.0,0.0,0.0,0.0,0.0,0.0,0.0,0.0,0.0,0.0,0.0,0.0
7474,0.0,0.0,0.0,0.0,0.0,0.0,0.0,0.0,0.0,0.0,0.0,0.0
7488,0.0,0.0,0.0,0.0,0.1,0.25,0.1,0.25,0.0,0.0,0.0,0.0
7491,0.0,0.0,0.0,0.0,0.0,0.0,0.0,0.0,0.0,0.0,0.05,0.0
7496,0.0,0.0,0.0,0.0,0.0,0.0,0.0,0.0,0.0,0.0,0.0,0.0
7529,0.0,0.0,0.0,0.0,0.0,0.0,0.5,0.0,0.0,0.0,0.0,0.0
7532,0.0,1.0,1.0,0.5,0.4,0.6,0.6,0.2,0.5,0.2,0.1,0.3
7536,0.0,0.0,0.0,0.0,0.0,0.0,0.0,0.0,0.0,0.0,0.0,0.25
7538,0.0,0.0,0.0,0.0,0.02,0.03,0.04,0.0,0.1,0.25,0.2,0.25
7540,0.0,0.0,0.0,0.0,0.25,0.1,0.1,0.3,0.0,0.0,0.0,0.0
7545,0.45,0.0,0.2,0.0,0.25,0.3,0.1,0.5,0.0,0.0,0.0,0.1
7558,0.2,0.05,0.55,0.04,0.45,0.15,0.05,0.02,0.55,0.05,0.1,0.05
7567,0.0,0.0,0.0,0.0,0.5,0.2,0.0,0.5,0.0,0.0,0.0,0.0
7589,0.8,0.0,0.0,0.0,0.5,0.5,0.0,0.0,0.5,0.5,0.0,0.0
7595,0.0,0.0,0.0,0.0,0.7,0.1,0.45,0.0,0.0,0.0,0.0,0.0
7607,0.0,0.0,0.0,0.0,0.6,0.5,0.0,0.0,0.1,0.0,0.1,0.0
7621,0.0,0.25,0.0,0.0,0.1,0.5,0.25,0.1,0.0,0.0,0.5,0.1
7688,0.0,0.0,0.0,0.0,0.4,0.5,0.4,0.0,0.25,0.5,0.0,0.0
7698,0.25,0.25,0.1,0.4,0.25,0.1,0.5,0.1,0.2,0.25,0.6,0.4
7699,0.5,0.25,0.0,0.2,0.0,0.0,0.0,0.2,0.2,0.0,0.5,0.1
7730,0.0,0.4,0.2,0.05,0.2,0.95,0.3,0.6,0.0,0.0,0.0,0.9
7766,0.3,0.1,0.05,0.2,0.1,0.1,0.1,0.1,0.1,0.05,0.05,0.05
7790,0.0,0.0,0.0,0.0,0.0,0.0,0.0,0.0,0.0,0.0,0.3,0.0
7791,0.0,0.0,0.75,0.75,0.0,0.0,0.0,0.0,0.0,0.0,0.0,0.0
7815,0.7,0.2,0.1,0.1,0.1,0.25,0.2,0.15,0.15,0.1,0.2,0.25
7836,0.0,0.0,0.0,0.0,0.0,0.0,0.0,0.0,0.0,0.0,0.0,0.0
7852,0.0,0.0,0.0,0.0,0.0,0.25,0.0,0.0,0.0,0.0,0.0,0.0
7854,0.5,0.0,0.0,0.0,0.0,0.0,0.0,0.0,0.0,0.0,0.0,0.0
7860,0.0,0.0,0.0,0.0,0.0,0.0,0.0,0.0,0.0,0.0,0.0,0.0
7863,0.0,0.0,0.0,0.0,0.6,0.5,0.6,0.4,0.0,0.0,0.0,0.0
7870,0.1,0.1,0.9,0.8,0.1,0.25,0.75,0.1,0.5,0.7,0.95,0.1
7873,0.0,0.0,0.0,0.0,0.0,0.0,0.5,0.0,0.0,0.0,0.0,0.0
7907,0.0,0.0,0.0,0.0,0.0,0.0,0.0,0.0,0.0,0.0,0.0,0.0
7908,0.0,0.0,0.4,0.5,0.9,0.9,0.2,0.0,0.5,0.5,0.5,0.9
7911,0.0,0.0,0.0,0.0,0.25,0.0,0.0,0.0,0.0,0.0,0.0,0.0
7966,0.0,0.0,0.0,0.0,0.0,0.0,0.0,0.0,0.0,0.0,0.0,0.0
7979,0.0,0.0,0.0,0.0,0.0,0.0,0.0,0.0,0.0,0.0,0.0,0.0
7987,0.0,0.3,0.3,0.5,0.2,0.2,0.4,0.25,0.0,0.0,0.0,0.1
7999,0.9,0.0,0.95,0.0,0.1,0.1,0.05,0.0,0.05,0.0,0.0,0.0
8003,0.0,0.0,0.0,0.0,0.0,0.0,0.0,0.0,0.0,0.0,0.0,0.0
8006,0.0,0.3,0.0,0.1,0.25,0.3,0.8,0.8,0.0,0.0,0.0,0.5
8008,0.0,0.0,0.0,0.0,0.0,0.0,0.0,0.0,0.0,0.0,0.0,0.0
8009,0.25,0.1,0.3,0.0,0.8,0.1,0.0,0.0,0.0,0.0,0.0,0.0
8033,0.0,0.0,0.0,0.0,0.0,0.0,0.0,0.0,0.0,0.0,0.0,0.0
8039,0.0,0.65,0.7,0.0,0.5,0.25,0.75,0.9,0.0,0.5,0.8,0.0
8049,0.4,0.0,0.0,0.6,0.2,0.0,0.0,0.35,0.0,0.0,0.0,0.0
8051,0.1,0.0,0.0,0.0,0.7,0.7,0.7,0.7,0.2,0.1,0.3,0.25
8053,0.0,0.5,0.5,0.0,0.5,0.0,0.0,0.0,0.25,0.0,0.0,0.0
8072,0.0,0.0,0.0,0.0,0.0,0.0,0.2,0.0,0.0,0.0,0.0,0.0
8077,0.3,0.2,0.1,0.1,0.1,0.1,0.1,0.1,0.1,0.1,0.1,0.1
8099,0.0,0.0,0.0,0.0,0.0,0.0,0.0,0.0,0.0,0.0,0.0,0.0
8111,0.0,0.0,0.0,0.0,0.0,0.0,0.0,0.0,0.0,0.0,0.0,0.0
8122,0.0,0.0,0.0,0.2,0.3,0.1,0.05,0.0,0.0,0.0,0.0,0.0
8126,0.5,0.5,0.5,0.5,0.5,0.5,0.5,0.5,0.5,0.5,0.5,0.5
8127,0.0,0.0,0.0,0.0,0.25,0.0,0.1,0.0,0.25,0.1,0.25,0.1
8144,0.0,0.0,0.1,0.0,0.0,0.0,0.0,0.0,0.0,0.0,0.0,0.0
8170,0.0,0.5,0.2,0.6,0.0,0.0,0.0,0.0,0.0,0.0,0.0,0.0
8174,-999.0,-999.0,-999.0,-999.0,0.75,0.2,0.2,0.4,0.25,0.1,0.3,0.4
8181,0.0,0.0,0.0,0.0,0.1,0.0,0.0,0.0,0.0,0.0,0.0,0.0
8196,0.0,0.75,0.5,0.9,0.5,0.0,0.4,0.0,0.0,0.0,0.5,0.0
8204,0.0,0.0,0.0,0.0,0.0,0.5,0.2,0.0,0.0,0.0,0.0,0.0
8206,0.0,0.0,0.0,0.0,0.0,0.0,0.0,0.0,0.1,0.1,0.1,0.1
8224,0.0,0.25,0.4,0.75,0.4,0.75,0.4,0.8,0.1,0.6,0.9,0.4
8226,0.5,0.0,0.0,0.0,0.0,0.0,0.0,0.0,0.0,0.0,0.0,0.0
8231,0.5,0.0,0.0,0.0,0.76,0.0,0.0,0.0,0.75,0.0,0.75,0.0
8232,0.0,0.0,0.0,0.0,0.0,0.0,0.0,0.0,0.0,0.0,0.0,0.0
8234,0.1,0.1,0.2,0.2,0.25,0.5,0.05,0.0,0.0,0.25,0.0,0.2
8249,0.0,0.0,0.0,0.0,0.25,0.25,0.02,0.25,0.0,0.0,0.0,0.0
8258,0.0,0.0,0.0,0.0,0.0,0.0,0.0,0.0,0.0,0.0,0.0,0.0
8263,0.0,0.5,0.25,0.75,0.25,0.0,0.25,0.25,0.0,0.0,0.25,0.0
8264,1.0,1.0,1.0,0.25,0.75,1.0,0.25,0.5,0.0,0.0,0.0,0.0
8270,0.0,0.0,0.0,0.0,0.2,0.1,0.1,0.1,0.0,0.0,0.0,0.0
8282,0.5,0.3,0.7,0.05,0.3,0.1,0.05,0.05,0.0,0.0,0.0,0.0
8287,0.2,0.2,0.2,0.2,0.5,0.5,0.2,0.3,0.05,0.4,0.05,0.05
8289,0.0,0.0,0.0,0.0,0.0,0.0,0.0,0.0,0.75,0.75,0.0,0.9
8290,0.0,0.5,0.0,0.5,0.0,0.0,0.25,0.0,0.0,0.0,0.0,0.5
8304,0.9,0.0,0.2,0.9,0.0,0.2,0.3,0.0,0.2,0.0,0.0,0.25
8305,0.0,0.0,0.0,0.0,0.0,0.0,0.0,0.0,0.0,0.0,0.0,0.0
8310,0.0,0.0,0.0,0.0,0.0,0.0,0.0,0.0,0.0,0.0,0.5,0.1
8318,0.0,0.0,0.0,0.0,0.25,0.0,0.25,0.0,0.0,0.0,0.0,0.0
8319,0.0,0.0,0.0,0.0,0.0,0.0,0.0,0.0,0.0,0.0,0.0,0.0
8322,0.0,0.0,0.0,0.0,0.5,0.5,0.5,0.5,0.2,0.3,0.2,0.4
8325,0.0,0.0,0.0,0.0,0.0,0.0,0.0,0.0,0.0,0.0,0.0,0.0
8326,0.0,0.0,0.0,0.0,0.1,0.15,0.1,0.15,0.0,0.0,0.0,0.0
8333,0.5,0.0,0.0,0.5,0.0,0.5,0.0,0.0,0.0,0.0,0.0,0.0
8338,0.0,0.0,0.1,0.15,0.1,0.2,0.05,0.5,0.0,0.0,0.0,0.2
8377,0.0,0.0,0.0,0.0,1.0,0.0,1.0,1.0,0.0,0.0,0.0,0.0
8390,0.0,0.0,0.0,0.0,0.0,0.05,0.05,0.0,0.0,0.0,0.0,0.0
8393,0.0,0.0,0.0,0.0,0.5,0.0,0.5,0.0,0.0,0.0,0.0,0.0
8401,0.0,0.0,0.0,0.0,0.1,0.05,0.1,0.0,0.0,0.1,0.2,0.4
8416,0.0,0.0,0.0,0.2,0.5,0.8,0.8,1.0,0.0,0.1,0.0,0.0
8417,0.0,0.0,0.9,0.0,0.0,0.0,0.8,0.8,0.0,0.0,0.95,0.0
8418,0.0,0.0,0.0,0.0,0.0,0.0,0.0,0.0,0.0,0.0,0.0,0.0
8420,0.0,0.0,0.0,0.0,0.0,0.0,0.0,0.0,0.05,0.05,0.05,0.05
8424,0.1,0.45,0.4,0.05,0.2,0.15,0.15,0.12,0.0,0.0,0.0,0.2
8430,0.0,0.0,0.0,0.0,0.1,0.0,0.0,0.1,0.0,0.0,0.0,0.0
8434,0.25,0.0,0.1,0.0,0.0,0.0,0.25,0.0,0.0,0.0,0.0,0.0
8439,0.6,0.0,0.25,0.0,0.5,0.4,0.8,0.65,0.0,0.0,0.0,0.0
8440,0.5,0.25,0.6,0.1,0.1,0.2,0.0,0.1,0.1,0.1,0.0,0.0
8460,0.0,0.05,0.05,0.0,0.4,0.0,0.0,0.0,0.0,0.0,0.0,0.0
8461,0.0,0.0,0.0,0.0,1.0,1.0,0.0,1.0,0.0,0.0,0.0,0.0
8467,0.0,0.0,0.0,0.0,0.0,0.0,0.0,0.0,0.0,0.0,0.0,0.0
8474,0.0,0.0,0.0,0.0,1.0,1.0,0.2,0.0,0.6,0.2,0.0,0.9
8475,0.25,0.15,0.0,0.0,0.2,0.1,0.1,0.1,0.0,0.0,0.0,0.0
8486,0.0,0.0,0.0,0.0,0.0,0.0,0.0,0.0,0.0,0.0,0.0,0.0
8503,0.0,0.0,0.0,0.0,0.1,0.12,0.05,0.12,0.0,0.0,0.0,0.0
8504,0.0,0.0,0.0,0.0,0.0,0.0,0.0,0.0,0.0,0.0,0.0,0.0
8505,0.0,0.0,0.0,0.0,0.0,0.0,1.0,0.0,0.0,0.0,0.0,0.0
8510,0.3,0.1,0.0,0.0,0.6,0.8,0.6,0.8,0.0,0.0,0.2,0.4
8513,0.0,0.0,0.0,0.0,0.0,0.0,0.0,0.0,0.1,0.1,0.1,0.1
8529,0.1,0.1,0.1,0.1,0.1,0.1,0.0,0.0,0.05,0.0,0.0,0.0
8532,0.2,0.05,0.0,0.0,0.6,0.4,0.5,0.6,0.4,0.4,0.5,0.6
8538,0.0,0.0,0.0,0.0,0.0,0.0,0.0,0.0,0.0,0.0,0.0,0.0
8556,0.0,0.0,0.9,0.5,0.0,0.0,0.0,0.0,0.5,0.0,0.0,0.0
8561,0.0,0.0,0.0,0.0,0.0,0.0,0.0,0.0,0.0,0.0,0.0,0.0
8574,0.2,0.4,0.0,0.3,0.0,0.0,0.0,0.0,0.0,0.0,0.0,0.0
8576,0.0,0.0,0.0,0.2,0.2,0.0,0.2,0.0,0.0,0.5,0.0,0.1
8612,0.02,0.4,0.5,0.2,0.02,0.05,0.05,0.05,0.05,0.02,0.4,0.02
8614,0.0,0.0,0.0,0.0,0.0,0.0,0.0,0.0,0.0,0.0,0.0,0.0
8623,0.5,0.7,0.7,0.2,0.2,0.2,0.2,0.3,0.0,0.0,0.5,0.0
8637,0.1,0.0,0.0,0.0,0.1,0.0,0.0,0.0,0.0,0.0,0.0,0.0
8648,0.5,0.5,0.5,0.55,0.1,0.3,0.3,0.1,0.4,0.3,0.1,0.4
8649,0.1,0.0,0.0,0.0,0.25,0.0,0.4,0.3,0.0,0.0,0.0,0.0
8669,0.5,0.25,0.25,0.25,0.25,0.25,0.25,0.0,0.25,0.25,0.5,0.75
8698,0.0,0.0,0.0,0.0,0.6,0.3,0.0,0.0,0.0,0.0,0.0,0.0
8718,0.0,0.0,0.0,0.0,0.0,0.0,0.0,0.0,0.0,0.0,0.0,0.0
8719,0.15,0.15,0.05,0.0,0.05,0.1,0.1,0.0,0.05,0.07,0.04,0.2
8721,0.0,0.0,0.0,0.0,0.0,0.0,0.0,0.0,0.0,0.0,0.0,0.0
8734,0.0,0.0,0.0,0.0,0.8,0.5,0.5,0.5,0.0,0.0,0.0,0.0
8749,0.0,0.0,0.0,0.0,0.1,0.0,0.1,0.1,0.0,0.0,0.0,0.0
8765,0.0,0.0,0.0,0.0,0.0,0.0,0.0,0.0,0.0,0.0,0.0,0.0
8767,0.0,0.0,0.0,0.0,0.1,0.05,0.25,0.15,0.0,0.0,0.0,0.0
8781,0.0,0.0,0.0,0.0,0.0,0.0,0.0,0.0,0.0,0.0,0.0,0.0
8783,0.0,0.0,0.0,0.0,0.15,0.15,0.15,0.0,0.1,0.1,0.1,0.1
8786,0.0,0.0,0.0,0.0,0.0,0.0,0.0,0.0,0.0,0.0,0.0,0.0
8790,0.2,0.1,0.2,0.0,0.1,0.0,0.1,0.0,0.0,0.2,0.0,0.0
8810,0.1,0.25,0.3,0.05,0.05,0.05,0.1,0.0,0.1,0.2,0.1,0.05
8818,0.0,0.0,0.0,0.0,0.5,0.1,0.2,0.5,0.2,0.0,0.0,0.0
8822,0.0,0.0,0.5,0.2,0.3,0.5,0.0,0.0,0.0,0.0,0.0,0.0
8823,0.0,0.0,0.0,0.0,0.0,0.0,0.0,0.0,0.0,0.0,0.0,0.0
8832,0.0,0.0,0.0,0.0,0.0,0.0,0.0,0.0,0.0,0.0,0.0,0.0
8848,0.0,0.0,0.0,0.0,0.1,0.1,0.1,0.15,0.0,0.0,0.0,0.0
8858,0.0,0.0,0.0,0.0,0.75,0.1,0.95,0.95,0.0,0.0,0.0,0.0
8862,0.0,0.0,0.0,0.0,0.5,0.5,0.0,0.0,0.0,0.0,0.8,0.0
8880,0.01,0.0,0.0,0.0,0.01,0.0,0.0,0.0,0.01,0.0,0.0,0.0
8901,0.0,0.0,0.0,0.0,0.0,0.0,0.0,0.0,0.5,0.25,0.5,0.25
8902,0.0,0.0,0.0,0.0,0.0,0.0,0.0,0.0,0.0,0.0,0.0,0.0
8911,0.0,0.0,0.0,0.0,0.0,0.0,0.0,0.0,0.0,0.0,0.0,0.0
8912,0.0,0.0,0.0,0.0,0.0,0.0,0.0,0.0,0.0,0.0,0.0,0.0
8917,0.0,0.0,0.0,0.0,0.0,0.0,0.0,0.0,0.0,0.0,0.0,0.0
8942,0.0,0.0,0.0,0.0,0.0,0.0,0.4,0.0,0.0,0.0,0.0,0.0
8946,0.0,0.0,0.2,0.2,0.0,0.0,0.0,0.0,0.0,0.0,0.0,0.0
8953,0.0,0.0,0.3,0.2,0.5,0.25,0.2,0.2,0.5,0.0,0.7,0.2
8958,0.8,0.55,0.85,0.55,0.05,0.1,0.0,0.0,0.0,0.0,0.0,0.0
8970,0.0,0.0,0.0,0.0,0.0,0.0,0.0,0.0,0.0,0.0,0.0,0.0
8984,0.0,0.0,0.0,0.0,0.0,0.0,0.0,0.0,0.0,0.0,0.0,0.0
8986,0.0,0.0,0.0,0.0,0.35,0.0,0.0,0.1,0.0,0.0,0.3,0.0
8997,0.6,0.05,0.1,0.8,0.5,0.4,0.1,0.1,0.0,0.0,0.0,0.0
9062,0.7,0.7,0.2,0.7,0.1,0.1,0.12,0.1,0.0,0.0,0.0,0.0
9071,0.0,0.0,0.0,0.0,0.0,0.0,0.0,0.0,0.0,0.0,0.0,0.0
9115,0.5,0.05,0.1,0.0,0.05,0.0,0.05,0.0,0.0,0.0,0.25,0.0
9161,0.0,0.1,0.0,0.0,0.1,0.0,0.0,0.0,0.0,0.0,0.0,0.4
9171,0.0,0.0,0.0,0.0,0.0,0.0,0.0,0.0,-999.0,-999.0,-999.0,-999.0
9180,0.0,0.0,0.0,0.0,0.5,0.0,0.0,0.5,0.0,0.0,0.0,0.0
9192,0.0,0.0,0.0,0.0,0.0,0.0,0.0,0.0,0.0,0.0,0.0,0.0
9193,0.0,0.0,0.0,0.0,0.0,0.0,0.0,0.0,0.0,0.0,0.0,0.0
9198,0.0,0.0,0.0,0.0,0.05,0.05,0.02,0.05,0.0,0.0,0.0,0.0
9217,0.0,0.0,0.0,0.0,0.0,0.0,0.0,0.0,0.0,0.0,0.0,0.0
9232,0.5,0.75,0.3,0.35,0.25,0.1,0.1,0.35,0.1,0.3,0.25,0.1
9241,-999.0,-999.0,-999.0,-999.0,0.0,0.0,0.0,0.0,0.0,0.0,0.05,0.0
9242,0.0,0.0,0.0,0.0,0.0,0.0,0.0,0.0,0.0,0.0,0.0,0.0
9244,0.0,0.0,0.0,0.0,0.0,0.0,0.0,0.0,0.0,0.0,0.0,0.0
9246,0.25,0.65,0.1,0.1,0.1,0.1,0.25,0.25,0.0,0.0,0.0,0.0
9270,-999.0,-999.0,-999.0,-999.0,0.1,0.0,0.1,0.2,0.1,0.1,0.2,0.3
9291,0.3,0.6,0.4,0.6,0.5,0.3,0.3,0.2,0.0,0.0,0.3,0.5
9296,0.3,0.25,0.6,0.6,0.0,0.0,0.0,0.2,0.0,0.8,0.05,0.0
9331,0.0,0.0,0.0,0.0,0.0,0.0,0.0,0.0,0.0,0.0,0.0,0.0
9342,0.0,0.31,0.18,0.26,0.15,0.0,0.1,0.5,0.42,0.78,0.35,0.0
9353,0.2,0.25,0.2,0.1,0.9,0.9,0.9,0.9,0.2,0.5,0.75,0.5
9367,0.0,0.0,0.0,0.0,0.1,0.1,0.05,0.05,0.0,0.0,0.0,0.0
9370,0.0,0.0,0.0,0.0,0.0,0.0,0.0,0.0,0.0,0.0,0.0,0.0
9390,0.5,0.0,0.5,0.0,0.0,0.0,0.0,0.0,0.0,0.0,0.0,0.0
9426,0.0,0.0,0.0,0.0,0.0,0.0,0.0,0.0,0.0,0.0,0.0,0.0
9440,0.3,0.0,0.5,0.0,0.3,0.3,0.3,0.3,0.0,0.0,0.0,0.0
9448,0.1,0.0,0.2,0.0,0.2,0.3,0.2,0.35,0.0,0.0,0.0,0.0
9450,0.25,0.25,0.5,0.25,0.5,0.4,0.3,0.6,0.1,0.1,0.5,0.1
9453,0.0,0.0,0.0,0.0,0.0,0.0,0.0,0.0,0.0,0.0,0.0,0.0
9460,0.95,0.5,0.0,0.0,0.5,0.0,0.6,0.0,0.0,0.0,0.0,0.0
9481,0.25,0.0,0.25,0.0,0.0,0.0,0.0,0.0,0.0,0.0,0.0,0.0
9486,0.0,0.0,0.0,0.5,0.2,0.0,0.7,0.1,0.0,0.0,0.0,0.4
9492,0.0,0.0,0.0,0.0,0.0,0.0,0.0,0.0,0.0,0.0,0.0,0.0
9512,0.0,0.0,0.0,0.0,0.0,0.0,0.0,0.0,0.0,0.0,0.0,0.0
9552,0.1,0.1,0.25,0.25,0.1,0.1,0.2,0.2,0.0,0.0,0.0,0.1
9558,0.0,0.0,0.0,0.0,0.1,0.05,0.0,0.0,0.0,0.0,0.0,0.0
9560,0.0,0.0,0.0,0.0,0.0,0.0,0.5,0.0,0.0,0.0,0.0,0.0
9564,0.25,0.0,0.0,0.0,0.75,0.5,1.0,0.75,0.25,0.1,0.0,0.0
9578,0.0,0.0,0.0,0.0,0.5,0.0,0.0,0.0,0.25,0.1,0.5,0.25
9616,0.0,0.0,0.0,0.0,0.4,0.01,0.1,0.01,0.1,0.03,0.3,0.04
9637,0.0,0.0,0.0,0.0,0.2,0.2,0.2,0.0,0.0,0.2,0.0,0.8
9659,0.0,0.0,0.0,0.0,0.5,0.9,0.0,0.0,0.0,0.25,0.75,0.0
9684,-999.0,-999.0,-999.0,-999.0,0.75,0.2,0.2,0.3,0.3,0.2,0.4,0.3
9689,0.1,0.0,0.1,0.0,0.1,0.0,0.0,0.05,0.0,0.25,0.0,0.1
9713,0.0,0.0,0.0,0.0,0.0,0.0,0.0,0.0,0.0,0.0,0.0,0.0
9717,0.0,0.0,0.0,0.5,0.0,0.0,0.0,0.0,0.0,0.0,0.0,0.5
9726,0.0,0.0,0.0,0.0,0.0,0.0,0.0,0.0,0.1,0.2,0.1,0.5
9735,0.0,0.0,0.0,0.0,0.0,0.0,0.0,0.0,0.0,0.0,0.0,0.0
9737,0.1,0.05,0.05,0.1,0.1,0.05,0.0,0.0,0.0,0.05,0.0,0.0
9743,0.0,0.0,0.0,0.0,0.0,0.0,0.0,0.0,0.0,0.0,0.0,0.0
9779,0.0,0.0,0.0,0.0,0.0,0.0,0.0,0.0,0.0,0.0,0.0,0.0
9792,0.15,0.6,0.25,0.5,0.05,0.04,0.5,0.45,0.0,0.0,0.0,0.0
9798,0.1,0.1,0.2,0.1,0.7,0.7,0.5,0.5,0.5,0.4,0.6,0.3
9857,0.0,0.0,0.0,0.0,0.0,0.0,0.0,0.0,0.0,0.0,0.0,0.0
9894,0.0,0.0,0.0,0.0,0.0,0.0,0.0,0.0,0.0,0.0,0.0,0.0
9909,0.0,0.0,0.0,0.0,0.0,0.0,0.0,0.0,0.0,0.0,0.0,0.0
9925,0.0,0.0,0.0,0.0,0.0,0.0,0.0,0.0,0.0,0.0,0.0,0.0
9936,0.0,0.0,0.0,0.0,0.0,0.0,0.0,0.0,0.0,0.0,0.0,0.0
9939,0.0,0.0,0.0,0.0,0.0,0.0,0.0,0.0,0.0,0.0,0.0,0.0
9957,0.5,0.1,0.2,0.0,0.2,0.05,0.0,0.0,0.0,0.02,0.4,0.0
9961,0.5,0.5,0.5,0.5,1.0,1.0,1.0,1.0,0.0,0.0,0.0,1.0
9985,0.0,0.0,0.0,0.0,0.0,0.0,0.0,0.0,0.0,0.0,0.0,0.0
10008,0.5,0.2,0.3,0.1,0.5,0.5,0.5,0.5,0.5,0.4,0.4,0.1
10032,0.0,0.0,0.0,0.0,0.15,0.1,0.25,0.3,0.1,0.15,0.0,0.15
10043,0.2,0.4,0.4,0.0,0.9,0.7,1.0,1.0,0.0,0.0,0.0,0.0
10066,0.0,0.0,0.0,0.0,0.0,0.0,0.0,0.0,0.0,0.0,0.0,0.0
10072,0.0,0.0,0.0,0.0,0.5,0.0,0.8,0.55,0.0,0.0,0.0,0.25
10104,0.1,0.0,0.2,0.2,0.2,0.2,0.1,0.1,0.0,0.0,0.0,0.0
10119,0.0,0.0,0.0,0.0,0.0,0.0,0.0,0.0,0.0,0.0,0.0,0.0
10120,0.4,0.1,0.2,0.0,0.0,0.4,0.0,0.0,0.0,0.0,0.0,0.0
10145,0.5,0.0,0.0,0.9,0.0,0.0,0.0,0.0,0.0,0.1,0.0,0.0
10169,0.0,0.0,0.0,0.0,1.0,1.0,1.0,1.0,0.0,0.1,0.0,0.2
10187,0.0,0.0,0.0,0.0,0.5,0.5,0.5,0.75,0.0,0.0,0.0,0.0
10209,0.0,0.0,0.0,0.0,0.0,0.0,0.0,0.0,0.0,0.0,0.0,0.0
10213,0.0,0.0,0.0,0.0,1.0,1.0,1.0,1.0,0.0,0.0,0.0,0.0
10214,0.8,0.8,0.0,0.0,1.0,0.8,1.0,0.5,0.0,0.25,0.0,0.0
10215,0.0,0.0,0.0,0.01,0.0,0.25,0.2,0.0,0.0,0.0,0.0,0.0
10224,0.0,0.0,0.0,1.0,0.0,0.0,0.0,0.0,0.0,0.0,0.0,0.0
10229,0.2,0.4,0.2,0.0,1.0,1.0,1.0,1.0,0.5,0.1,0.2,0.39
10240,0.5,0.3,0.6,0.3,0.1,0.1,0.15,0.05,0.0,0.2,0.0,0.1
10245,0.0,0.0,0.0,0.0,0.0,0.1,0.1,0.05,0.0,0.0,0.0,0.0
10283,0.0,0.5,0.0,0.0,0.0,0.5,0.5,0.0,0.0,0.0,0.0,0.0
10290,0.0,0.0,0.0,0.0,0.0,0.0,0.2,0.1,0.0,0.0,0.0,0.1
10302,0.0,0.0,0.0,0.0,0.0,0.0,0.0,0.0,0.0,0.0,0.0,0.0
10313,0.0,0.0,0.0,0.0,0.8,0.8,0.8,0.8,0.0,0.0,0.0,0.0
10316,0.0,0.0,0.0,0.0,0.5,0.0,0.05,0.0,0.0,0.0,0.0,0.0
10326,0.0,0.02,0.02,0.1,0.05,0.02,0.0,0.0,0.0,0.02,0.0,0.05
10327,0.0,0.0,0.0,0.0,0.0,0.0,0.0,0.0,0.0,0.0,0.0,0.0
10338,0.0,0.0,0.0,0.0,0.5,0.5,0.5,0.1,0.0,0.0,0.0,0.0
10346,0.1,0.01,0.1,0.01,0.1,0.1,0.1,0.1,0.0,0.0,0.0,0.0
10356,0.0,0.0,0.0,0.0,0.05,0.05,0.04,0.0,0.0,0.0,0.0,0.0
10386,0.0,0.0,0.0,0.0,0.5,0.5,0.75,0.0,0.0,0.0,0.0,0.5
10396,0.0,0.0,0.0,0.0,0.0,0.0,0.2,0.1,0.0,0.0,0.0,0.0
10399,0.05,0.05,0.05,0.05,1.0,1.0,1.0,1.0,0.0,0.0,0.0,0.0
10403,0.0,0.0,0.0,0.0,0.5,0.5,0.5,0.5,0.0,0.0,0.0,0.0
10404,0.0,0.0,0.0,0.0,0.0,0.0,0.2,0.1,0.0,0.0,0.1,0.1
10405,0.0,0.0,0.0,0.0,0.0,0.0,0.0,0.0,0.0,0.0,0.0,0.0
10407,0.0,0.1,0.85,0.95,0.6,0.75,0.55,0.0,0.0,0.0,0.0,0.25
10409,0.0,0.0,0.0,0.0,0.0,0.0,0.0,0.0,0.0,0.0,0.0,0.0
10424,0.0,0.0,0.0,0.0,0.5,0.0,0.6,0.0,0.0,0.0,0.0,0.0
10431,0.0,0.0,0.0,0.0,0.0,0.0,0.0,0.0,0.0,0.0,0.0,0.0
10442,0.0,0.0,0.0,0.0,0.0,0.0,0.0,0.0,0.0,0.0,0.0,0.0
10460,0.0,0.0,0.0,0.0,0.0,0.0,0.0,0.0,0.0,0.0,0.0,0.0
10462,0.0,0.8,0.0,0.7,0.9,0.5,0.6,0.0,0.9,0.9,0.0,1.0
10486,0.0,0.0,0.0,0.0,0.0,0.0,0.0,0.0,0.0,0.0,0.0,0.0
10498,0.0,0.0,0.0,0.0,0.0,0.0,0.0,0.0,0.0,0.0,0.0,0.0
10503,0.5,0.4,0.2,0.2,0.5,0.2,0.3,0.5,0.0,0.0,0.0,0.0
10525,0.0,0.0,0.0,0.0,0.5,0.5,0.4,0.0,0.45,0.45,0.0,0.45
10532,0.0,0.0,0.0,0.0,0.0,0.0,0.0,0.0,0.0,0.0,0.0,0.0
10541,0.0,0.0,0.0,0.0,0.0,0.0,0.0,0.0,0.0,0.0,0.0,0.0
10551,0.0,0.05,0.25,0.0,0.25,0.18,0.35,0.27,0.0,0.1,0.03,0.25
10553,0.0,0.0,0.0,0.0,0.0,0.0,0.0,0.0,0.0,0.0,0.0,0.0
10556,0.1,0.02,0.2,0.02,0.3,0.3,0.4,0.4,0.0,0.0,0.0,0.0
10565,0.0,0.0,0.0,0.0,0.0,0.1,0.5,0.2,0.0,0.0,0.0,0.0
10577,0.05,0.9,0.0,0.45,0.1,0.0,0.1,0.15,0.0,0.0,0.0,0.0
10589,0.1,0.15,0.2,0.1,0.05,0.05,0.05,0.05,0.05,0.05,0.05,0.05
10594,0.3,0.05,0.6,0.05,0.05,0.0,0.0,0.1,0.0,0.0,0.0,0.0
10603,0.0,0.0,0.1,0.0,0.1,0.15,0.0,0.2,0.0,0.0,0.0,0.1
10605,0.9,0.7,0.1,0.1,0.0,0.0,0.0,0.0,0.0,0.5,0.0,0.0
10648,0.6,0.0,0.0,0.0,0.0,0.0,0.0,0.0,0.0,0.0,0.0,1.0
10667,0.0,0.0,0.0,0.0,0.6,0.5,0.75,0.0,0.0,0.0,0.0,0.0
10700,1.0,0.0,0.25,1.0,0.9,0.95,1.0,0.5,0.8,0.0,0.3,0.5
10721,0.0,0.0,0.0,0.0,0.0,0.0,0.0,0.0,0.0,0.0,0.0,0.0
10723,0.0,0.0,0.0,0.0,0.3,0.05,0.1,0.5,0.25,0.1,0.4,0.02
10738,0.05,0.2,0.0,0.2,0.0,0.0,0.0,0.0,0.0,0.0,0.09,0.0
10740,0.05,0.0,0.25,0.0,0.9,1.0,0.95,1.0,0.0,0.0,0.25,0.0
10746,0.15,0.0,0.05,0.1,0.2,0.0,0.05,0.05,0.0,0.0,0.05,0.0
10791,0.0,0.0,0.0,0.0,0.0,0.0,0.0,0.0,0.0,0.75,0.0,1.0
10797,0.0,1.0,0.0,1.0,0.0,0.0,0.0,0.0,0.0,0.0,1.0,0.0
10807,0.0,0.0,0.1,0.0,0.0,0.0,0.0,0.4,0.0,0.0,0.0,0.0
10812,0.0,0.0,0.0,0.0,0.35,0.1,0.1,0.0,0.0,0.0,0.0,0.0
10813,0.25,0.25,0.5,0.95,0.95,0.95,1.0,0.25,0.1,0.1,0.5,0.5
10822,0.4,0.5,0.5,0.5,0.5,0.5,0.0,0.0,0.0,0.0,0.0,0.0
10826,0.0,0.0,0.0,0.0,0.0,0.5,0.5,0.0,0.0,0.0,0.0,0.0
10854,0.1,0.2,0.1,0.1,0.13,0.02,0.06,0.15,0.1,0.1,0.02,0.02
10862,0.0,0.0,0.0,0.0,0.2,0.0,0.0,0.0,0.0,0.0,0.0,0.0
10872,0.0,0.0,0.0,0.0,0.0,0.0,0.0,0.0,0.0,0.0,0.0,0.0
10897,0.0,0.0,0.0,0.0,0.0,0.0,0.0,0.0,0.0,0.0,0.0,0.0
10900,0.0,0.0,0.0,0.0,0.6,0.4,0.7,0.75,0.0,0.0,0.05,0.0
10920,0.0,0.0,0.0,0.0,0.1,0.1,0.2,0.2,0.0,0.0,0.0,0.0
10927,0.0,0.0,0.0,0.0,0.25,0.0,0.45,0.0,0.0,0.0,0.0,0.0
10929,0.0,0.3,0.0,0.2,0.4,0.5,0.0,0.3,0.2,0.3,0.4,0.2
10935,0.0,0.0,0.0,0.0,0.0,0.0,0.0,0.0,0.0,0.0,0.0,0.0
10948,0.0,0.0,0.0,0.0,0.0,0.0,0.0,0.0,0.0,0.0,0.0,0.0
10978,0.0,0.0,0.0,0.0,0.0,0.0,0.0,0.0,0.0,0.0,0.0,0.0
10981,0.15,0.01,0.18,0.0,0.05,0.15,0.1,0.05,0.0,0.02,0.0,0.0
10997,0.75,0.5,0.5,0.25,0.5,0.25,0.0,0.4,0.4,0.9,0.0,0.5
11002,0.15,0.02,0.06,0.0,0.2,0.02,0.3,0.12,0.0,0.0,0.02,0.02
11007,0.0,0.0,0.0,0.0,0.1,0.0,0.0,0.0,0.0,0.0,0.0,0.0
11011,0.0,0.0,0.0,0.0,0.25,0.15,0.5,0.25,0.0,0.0,0.0,0.0
11012,0.0,0.0,0.0,0.0,0.0,0.0,0.0,0.0,0.0,0.0,0.0,0.0
11016,1.0,0.0,0.0,0.0,0.8,0.4,0.0,0.0,0.75,0.8,0.8,0.3
11035,0.0,0.0,0.0,0.0,0.0,0.0,0.0,0.0,0.0,0.0,0.0,0.0
11044,0.05,0.05,0.5,0.5,0.99,0.99,0.99,0.25,0.99,0.99,0.5,0.5
11049,0.0,0.0,0.0,0.0,0.0,0.0,0.0,0.0,0.0,0.0,0.0,0.0
11067,0.0,0.0,0.0,0.1,0.5,0.0,0.0,0.1,0.0,0.0,0.0,0.0
11073,0.0,0.0,0.25,0.0,0.0,0.1,0.25,0.0,0.0,0.0,0.0,0.0
11076,0.5,0.6,0.6,0.1,0.05,0.05,0.02,0.06,0.15,0.0,0.25,0.03
11087,0.0,0.0,0.0,0.0,0.0,0.0,0.0,0.0,0.0,0.0,0.0,0.0
11105,0.0,0.75,0.0,0.0,0.0,0.75,0.0,0.0,0.0,0.0,0.0,0.0
11110,0.2,0.2,0.0,0.0,0.1,0.1,0.0,0.25,0.0,0.0,0.0,0.0
11111,0.0,0.0,0.0,0.0,0.0,0.0,0.0,0.0,0.0,0.0,0.0,0.0
11116,-999.0,-999.0,-999.0,-999.0,0.1,0.1,0.25,0.1,0.0,0.0,0.0,0.0
11139,0.5,0.05,0.5,0.0,0.0,0.05,0.2,0.0,0.1,0.0,0.0,0.05
11157,0.0,0.0,0.0,0.0,0.0,0.0,0.0,0.0,0.0,0.0,0.0,0.0
11164,0.0,0.0,0.0,0.0,0.0,0.0,0.0,0.0,0.0,0.0,0.0,0.0
11182,0.0,0.25,0.0,0.25,0.0,0.5,0.75,0.0,0.5,0.25,0.2,1.0
11189,0.0,0.0,0.0,0.0,0.1,0.05,0.05,0.25,0.0,0.0,0.0,0.0
11197,0.0,0.1,0.4,0.5,0.1,0.15,0.15,0.25,0.0,0.0,0.0,0.0
11205,0.0,0.0,0.0,0.0,0.5,0.25,0.5,0.25,0.0,0.0,0.0,0.0
11209,0.0,0.0,0.0,0.0,1.0,0.5,0.25,0.5,0.0,0.0,0.0,0.0
11245,0.0,0.0,0.0,0.0,0.0,0.0,0.1,0.0,0.1,0.1,0.1,0.0
11255,0.5,0.0,0.0,0.0,1.0,0.0,0.5,0.0,0.0,0.0,0.0,0.0
11291,0.0,0.2,0.0,0.0,0.5,0.6,0.6,0.3,0.1,0.2,0.4,0.5
11299,0.0,0.0,0.0,0.1,0.0,0.0,0.1,0.0,0.0,0.0,0.0,0.0
11321,0.5,0.0,0.01,1.0,0.7,0.3,0.05,0.02,0.1,0.05,0.02,0.01
11332,1.0,0.1,0.0,0.0,0.0,0.0,0.0,0.0,0.0,0.0,0.0,0.0
11340,0.0,0.0,0.0,0.0,0.6,0.6,1.0,0.5,0.9,0.7,0.2,0.1
11342,0.0,0.0,0.0,0.0,0.5,0.5,0.5,0.1,0.0,0.0,0.0,0.0
11379,0.5,0.0,0.5,0.0,0.0,0.0,0.0,0.0,0.0,0.0,0.0,0.0
11395,0.0,0.0,0.0,0.0,0.1,0.1,0.1,0.0,0.0,0.0,0.2,0.01
11425,0.0,0.0,0.3,0.0,0.3,0.0,0.5,0.3,0.0,0.0,0.0,0.0
11432,0.0,0.0,0.0,0.0,0.1,0.0,0.0,0.0,0.0,0.0,0.0,0.0
11441,0.0,0.0,0.0,0.0,0.05,0.05,0.05,0.2,0.0,0.0,0.0,0.0
11453,0.0,0.0,0.0,0.0,0.0,0.0,0.0,0.0,0.0,0.0,0.0,0.0
11464,0.5,0.5,0.0,0.0,0.5,0.2,0.6,0.6,0.0,0.0,0.0,0.0
11472,0.0,0.0,0.0,0.0,0.0,0.0,0.0,0.0,0.0,0.0,0.0,0.0
11489,0.5,0.6,0.55,0.5,0.5,0.6,0.75,0.5,0.0,0.0,0.0,0.0
11492,0.0,0.0,0.0,0.0,0.0,0.0,0.0,0.0,0.0,0.0,0.0,0.0
11507,0.0,0.0,0.0,0.0,0.5,0.5,0.5,0.5,0.5,0.5,0.5,0.5
11512,0.0,0.0,0.0,0.0,0.0,0.0,0.0,0.0,0.0,0.0,0.0,0.0
11529,0.9,0.2,0.3,0.1,0.3,0.3,0.1,0.0,0.0,0.1,0.0,0.0
11538,0.6,0.0,0.7,0.0,1.0,0.0,0.5,0.0,0.0,0.0,0.0,0.0
11555,0.0,0.0,0.0,0.1,0.2,0.05,0.1,0.1,0.0,0.0,0.0,0.0
11557,0.0,0.0,0.0,0.0,0.5,0.5,0.5,0.0,0.0,0.0,0.0,0.0
11616,0.0,0.0,0.0,0.0,0.5,0.8,0.1,0.3,0.0,0.3,0.7,0.7
11626,0.0,0.0,0.0,0.0,0.0,0.0,0.0,0.0,0.0,0.0,0.0,0.1
11632,0.0,0.0,0.0,0.0,0.0,0.0,0.0,0.0,0.0,0.0,0.0,0.0
11651,0.0,0.0,0.0,0.0,0.4,0.0,0.0,0.1,0.0,0.0,0.0,0.0
11652,0.9,0.3,0.1,0.2,0.1,0.0,0.15,0.1,0.1,0.0,0.3,0.1
11660,0.0,0.0,0.0,0.0,0.0,0.0,0.0,0.0,0.0,0.0,0.0,0.0
11681,0.0,0.0,0.0,0.0,0.0,0.0,0.0,0.0,0.0,0.0,0.0,0.0
11719,0.0,0.0,0.0,0.0,0.5,0.5,0.0,0.0,0.0,0.0,0.0,0.0
11720,0.05,0.0,0.0,0.0,0.1,0.1,0.0,0.1,0.0,0.0,0.0,0.0
11727,0.5,0.5,0.5,0.5,0.4,0.4,0.4,0.4,0.0,0.0,0.0,0.0
11729,0.1,0.01,0.1,0.01,0.5,0.5,0.1,0.1,0.1,0.1,0.1,0.01
11732,0.2,0.0,0.6,0.85,0.25,0.3,0.1,0.4,0.0,0.25,0.02,0.04
11738,0.0,0.0,0.0,0.0,0.3,0.1,0.0,0.0,0.0,0.5,0.2,0.0
11762,0.9,0.5,0.9,0.7,0.5,0.7,0.6,0.5,0.25,0.25,0.1,0.1
11794,0.0,0.0,0.0,0.0,0.0,0.0,0.0,0.0,0.0,0.0,0.0,0.0
11802,0.1,0.05,0.1,0.0,0.25,0.3,0.1,0.0,0.0,0.0,0.0,0.0
11805,0.0,0.0,0.25,0.6,0.5,0.6,0.4,0.7,0.0,0.0,0.0,0.0
11853,0.3,0.2,0.2,0.3,0.5,0.25,0.8,0.5,0.0,0.0,0.0,0.0
11866,0.0,0.0,0.0,0.0,0.0,0.0,0.0,0.0,0.05,0.05,0.0,0.05
11879,0.0,0.0,0.5,0.0,0.2,0.2,0.2,0.3,0.1,0.1,0.2,0.3
11880,0.5,0.5,0.6,0.4,0.4,0.5,0.2,0.25,0.02,0.04,0.1,0.02
11917,0.5,0.0,0.0,0.0,0.5,0.5,0.9,0.5,0.0,0.0,0.0,0.0
11932,0.6,0.6,0.5,0.25,0.5,0.5,0.5,0.4,0.0,0.0,0.0,0.0
11938,0.0,0.0,0.0,0.0,0.3,0.2,0.7,0.7,0.0,0.0,0.0,0.0
11949,0.2,0.5,0.0,0.4,0.3,0.5,0.0,0.4,0.3,0.1,0.5,0.25
12011,0.0,0.0,0.0,0.0,0.2,0.0,0.75,0.8,0.0,0.0,0.0,0.0
12028,0.0,0.0,0.0,0.0,0.6,0.0,0.4,0.3,0.0,0.0,0.0,0.0
12049,0.2,0.2,0.0,0.0,0.0,0.0,0.0,0.0,0.0,0.0,0.0,0.0
12061,0.0,0.2,0.0,0.1,0.1,0.15,0.1,0.1,0.0,0.0,0.0,0.0
12073,0.0,0.0,0.0,0.0,0.25,0.0,0.5,0.1,0.1,0.05,0.25,0.0
12088,0.0,0.0,0.0,0.0,0.2,0.4,0.3,0.6,0.7,0.2,0.8,0.5
12096,0.0,0.0,0.9,0.9,0.0,0.0,0.05,0.1,0.0,0.0,0.0,0.05
12099,0.0,0.0,0.0,0.0,0.0,0.0,0.0,0.0,0.0,0.0,0.0,0.0
12133,0.2,0.2,0.2,0.2,0.1,0.1,0.0,0.0,0.0,0.0,0.0,0.0
12139,0.0,0.0,0.0,0.0,0.1,0.1,0.1,0.1,0.0,0.0,0.0,0.0
12147,0.0,0.0,0.0,0.0,0.0,0.0,0.0,0.2,0.0,0.0,0.0,0.0
12181,0.0,0.0,0.0,0.0,0.0,0.0,0.0,0.0,0.0,0.0,0.0,0.0
12183,0.5,0.0,0.0,0.0,0.0,0.5,0.75,0.5,0.0,0.0,0.0,0.0
12223,0.25,0.25,0.05,0.25,0.25,0.0,0.15,0.2,0.0,1.0,0.0,0.2
12228,0.0,0.0,0.0,0.0,0.1,0.5,0.1,0.5,0.0,0.0,0.0,0.0
12236,0.0,0.0,0.0,0.0,0.05,0.0,0.05,0.0,0.0,0.0,0.0,0.0
12244,0.1,0.05,0.1,0.05,0.1,0.0,0.5,0.0,0.0,0.0,0.0,0.1
12250,0.0,0.0,0.0,0.0,0.1,0.0,0.1,0.0,0.0,0.0,0.0,0.0
12256,-999.0,-999.0,-999.0,-999.0,0.0,0.0,0.0,0.0,0.0,0.0,0.0,0.0
12279,0.1,0.1,0.1,0.15,0.1,0.1,0.2,0.2,0.0,0.0,0.0,0.0
12297,0.0,0.0,0.0,0.0,0.4,0.3,0.45,0.45,0.2,0.2,0.0,0.2
12300,0.0,0.0,0.0,0.0,0.0,0.0,0.0,0.0,0.0,0.0,0.0,0.0
12328,0.0,0.35,0.0,0.0,0.0,0.0,0.0,0.0,0.0,0.1,0.0,0.0
12346,0.1,0.0,0.0,0.0,0.0,0.0,0.4,0.0,0.0,0.0,0.0,0.0
12347,0.0,0.0,0.0,0.0,0.7,0.3,0.0,0.0,0.0,0.0,0.0,0.0
12350,0.0,0.0,0.0,0.0,0.0,0.0,0.0,0.0,0.0,0.0,0.0,0.0
12390,0.0,0.4,0.1,0.0,0.1,0.0,0.2,0.0,0.0,0.0,0.0,0.0
12399,0.0,0.0,0.0,0.0,0.0,0.0,0.0,0.0,0.0,0.0,0.0,0.0
12421,0.75,0.5,0.75,0.5,0.2,0.02,0.02,0.0,0.0,0.0,0.0,0.0
12432,0.05,0.0,0.05,0.05,0.05,0.5,0.05,0.7,0.5,0.05,0.5,0.05
12463,0.1,0.0,0.0,0.0,0.0,0.0,0.0,0.0,0.0,0.0,0.0,0.0
12472,0.0,0.0,0.0,0.0,0.0,0.0,0.0,0.0,0.0,0.0,0.0,0.0
12500,0.0,0.0,0.0,0.0,0.15,0.15,0.1,0.0,0.2,0.05,0.15,0.1
12505,0.0,0.0,0.0,0.0,0.0,0.0,0.0,0.0,0.0,0.0,0.0,0.0
12529,1.0,0.0,1.0,0.0,0.0,0.0,0.2,0.1,0.2,0.2,0.2,0.2
12549,0.1,0.1,0.1,0.1,0.05,0.05,0.05,0.05,0.25,0.01,0.1,0.1
12557,0.0,0.0,0.0,0.0,0.1,0.05,0.0,0.0,0.0,0.0,0.0,0.0
12564,0.0,0.0,0.0,0.0,0.0,0.0,0.0,0.0,0.0,0.0,0.0,0.0
12647,0.0,0.0,0.3,0.5,0.3,0.5,0.5,0.1,0.0,0.0,0.0,0.0
12662,0.0,0.0,0.0,0.0,0.0,0.0,0.0,0.0,0.0,0.0,0.0,0.0
12672,0.1,0.0,0.15,0.0,0.0,0.0,0.0,0.0,0.0,0.0,0.0,0.0
12683,-999.0,-999.0,-999.0,-999.0,0.5,0.6,0.5,0.6,0.9,0.9,0.9,0.9
12700,0.0,0.1,0.0,0.0,0.2,0.5,0.3,0.4,0.0,0.0,0.0,0.0
12725,1.0,0.5,0.0,1.0,0.0,0.0,0.0,0.0,0.0,0.0,0.0,0.0
12760,0.0,0.0,0.5,0.0,0.0,0.0,0.0,0.0,0.0,0.0,0.0,0.0
12767,0.1,0.05,0.05,0.05,0.05,0.02,0.07,0.02,0.0,0.0,0.0,0.0
12794,0.0,0.0,0.8,0.7,0.0,0.1,0.0,0.0,0.0,0.0,0.0,0.0
12803,0.0,0.0,0.0,0.0,0.0,0.0,0.0,0.0,0.0,0.0,0.0,0.0
12825,0.0,0.0,0.0,0.0,0.0,0.1,0.0,0.0,0.0,0.0,0.0,0.0
12839,0.0,0.0,0.01,0.0,0.05,0.0,0.0,0.0,0.0,0.01,0.0,0.15
12861,0.0,0.0,0.0,0.0,0.0,0.0,0.0,0.0,0.0,0.0,0.0,0.0
12871,0.5,0.2,0.2,0.5,0.0,0.5,0.5,0.0,0.0,0.0,0.0,0.0
12880,0.5,0.5,0.3,0.6,0.1,0.3,0.25,0.3,0.0,0.15,0.5,0.8
12886,0.0,0.0,0.0,0.0,0.0,0.0,0.0,0.0,0.0,0.0,0.0,0.0
12913,0.05,0.0,0.05,0.05,0.4,0.55,0.35,0.2,0.0,0.0,0.0,0.0
12972,0.0,0.0,0.0,0.0,0.0,0.0,0.0,0.0,0.0,0.0,0.0,0.0
13012,0.0,0.0,0.0,0.0,0.3,0.0,0.0,0.0,0.0,0.0,0.0,0.0
13019,0.1,0.0,0.4,0.4,0.3,0.6,0.4,0.1,0.0,0.0,0.0,0.0
13033,0.0,0.0,0.0,0.0,0.0,0.0,0.0,0.0,0.0,0.0,0.0,0.0
13042,0.0,0.0,0.9,0.25,0.6,0.6,0.6,0.8,0.5,0.0,0.0,0.0
13046,0.2,0.0,0.0,0.25,0.25,0.25,0.0,0.25,0.0,0.0,0.0,0.0
13049,0.5,0.75,0.75,0.0,0.25,0.25,0.2,0.3,0.0,0.0,0.0,0.0
13062,0.06,0.09,0.98,0.98,0.65,0.65,0.06,0.65,0.56,0.56,0.0,0.0
13065,0.25,0.0,0.05,0.15,0.15,0.1,0.2,0.15,0.0,0.0,0.0,0.0
13081,0.5,0.25,0.25,0.25,0.5,0.2,0.75,0.75,0.5,0.25,0.25,0.25
13082,0.0,0.0,0.0,0.0,0.25,0.0,0.1,0.0,0.0,0.0,0.0,0.0
13101,0.1,0.4,0.85,0.4,0.0,0.0,0.0,0.0,0.75,1.0,0.85,0.8
13109,0.0,0.0,0.0,0.2,0.0,0.0,0.3,0.0,0.0,0.0,0.0,0.0
13113,0.0,0.0,0.0,0.0,0.65,0.75,0.75,0.0,0.0,0.0,0.0,0.0
13137,0.0,0.0,0.0,0.0,0.0,0.0,0.0,0.0,0.0,0.0,0.0,0.0
13138,0.2,0.0,0.05,0.0,0.1,0.05,0.0,0.0,0.7,0.2,0.05,0.05
13170,0.0,0.0,0.0,0.0,0.0,0.0,0.0,0.0,0.0,0.0,0.0,0.0
13230,0.0,0.0,0.1,0.0,0.05,0.05,0.25,0.3,0.1,0.1,0.05,0.7
13338,0.0,0.0,0.0,0.0,0.05,0.02,0.2,0.1,0.0,0.0,0.0,0.0
13356,0.3,0.25,0.2,0.09,0.5,0.1,0.5,0.4,0.05,0.0,0.05,0.0
13432,0.0,0.0,0.0,0.0,0.0,0.0,0.0,0.0,0.0,0.0,0.0,0.0
13459,0.0,0.0,0.0,0.0,0.0,0.0,0.0,0.0,0.0,0.05,0.0,0.0
13534,0.0,0.0,0.0,0.0,0.3,0.3,0.1,0.3,0.0,0.0,0.0,0.0
13570,0.0,0.0,0.0,0.0,0.0,0.0,0.0,0.0,0.0,0.0,0.0,0.0
13596,0.0,0.0,0.0,0.0,0.0,0.0,0.0,0.0,0.0,0.0,0.0,0.0
13719,0.0,0.0,0.0,0.5,0.0,0.0,0.5,0.0,0.0,0.0,0.0,0.0
13733,0.75,0.25,0.0,0.0,0.0,0.0,0.0,0.0,0.0,0.0,0.0,0.0
13777,0.0,0.0,0.0,0.0,0.0,0.0,0.0,0.0,0.0,0.0,0.0,0.0
13795,0.0,0.02,0.0,0.0,0.01,0.02,0.2,0.1,0.1,0.1,0.2,0.02
13866,0.0,0.0,0.0,0.0,0.7,0.85,0.1,0.2,0.1,0.25,0.5,0.6
13867,0.0,0.0,0.0,0.0,0.5,0.0,0.0,0.5,0.0,0.0,0.0,0.0
13896,0.0,0.0,0.0,0.0,0.0,0.0,0.0,0.0,0.0,0.25,0.0,0.0
13902,0.0,0.0,0.0,0.0,1.0,0.0,1.0,1.0,0.0,0.5,0.0,1.0
13926,0.0,0.0,0.0,0.0,0.5,0.0,0.0,0.0,0.0,0.0,0.0,0.0
13930,0.0,0.0,0.0,0.0,0.0,0.0,0.0,0.0,0.0,0.0,0.0,0.0
13967,0.0,0.0,0.0,0.0,0.0,0.1,0.0,0.25,0.0,0.0,0.0,0.0
13990,0.0,0.0,0.0,0.0,0.0,0.0,0.0,0.0,0.0,0.0,0.0,0.0
14001,0.5,0.0,0.3,0.0,0.0,0.25,0.0,0.3,0.0,0.0,0.0,0.0
14017,0.0,0.0,0.0,0.0,0.2,0.0,0.8,0.0,0.5,0.5,0.0,0.0
14024,0.3,0.15,0.1,0.14,0.0,0.0,0.0,0.0,0.0,0.0,0.0,0.0
14027,0.0,0.0,0.0,0.0,0.0,0.5,0.0,0.2,0.0,0.2,0.0,0.2
14051,0.3,0.1,0.1,0.0,0.0,0.2,0.4,0.0,0.0,0.0,0.0,0.0
14085,0.5,0.5,0.5,0.5,0.7,0.6,0.6,0.5,0.0,0.0,0.0,0.0
14110,0.0,0.1,0.0,0.0,0.25,0.5,0.0,0.5,0.5,0.4,0.5,0.4
14115,0.0,0.0,0.0,0.0,0.0,0.0,0.0,0.0,0.0,0.0,0.0,0.0
14127,0.0,0.0,0.0,0.0,0.0,0.0,0.0,0.0,0.0,0.0,0.0,0.1
14134,0.0,0.0,0.0,0.0,0.5,0.5,0.5,0.0,0.0,0.0,0.0,0.0
14147,0.2,0.3,0.3,0.4,0.2,0.25,0.2,0.25,0.0,0.0,0.3,0.0
14179,0.1,0.5,0.5,0.1,0.0,0.2,0.15,0.0,0.0,0.5,0.0,0.0
14188,0.3,0.2,0.3,0.2,0.5,0.5,0.7,0.6,0.3,0.2,0.2,0.2
14196,0.0,0.0,0.0,0.0,0.0,0.0,0.0,0.0,0.0,0.0,0.0,0.0
14211,0.9,0.9,1.0,1.0,0.8,0.5,0.7,0.9,0.0,0.3,0.2,0.6
14219,0.0,0.0,0.0,0.0,0.0,0.5,0.25,0.0,0.0,0.0,0.0,0.0
14234,0.0,0.0,0.0,0.0,0.0,0.0,0.0,0.0,0.0,0.0,0.0,0.0
14240,0.0,0.0,0.0,0.0,0.2,0.0,0.25,0.0,0.0,0.0,0.0,0.0
14261,0.0,0.0,0.0,0.0,0.0,0.0,0.0,0.0,0.0,0.0,0.0,0.0
14262,0.0,0.0,0.0,0.0,0.0,0.0,0.0,0.0,0.0,0.0,0.0,0.0
14317,0.5,0.05,0.5,0.6,0.0,0.5,0.4,0.5,0.0,0.0,0.0,0.2
14340,0.0,0.0,0.0,0.0,0.0,0.0,0.0,0.0,0.0,0.0,0.0,0.0
14384,0.0,0.0,0.0,0.0,0.5,0.0,0.5,0.0,0.0,0.0,0.0,0.0
14388,0.0,0.0,0.0,0.0,0.1,0.1,0.1,0.2,0.0,0.0,0.0,0.0
14421,0.0,0.0,0.0,0.0,0.1,0.15,0.1,0.04,0.0,0.0,0.5,0.1
14427,0.0,0.0,0.0,0.0,0.0,0.0,0.0,0.0,0.0,0.0,0.0,0.0
14452,0.2,0.0,0.2,0.0,0.1,0.0,0.5,0.0,0.0,0.0,0.0,0.0
14456,0.0,0.0,0.0,0.0,0.0,0.0,0.0,0.0,0.0,0.0,0.0,0.0
14474,0.0,0.0,0.0,0.0,0.5,0.5,0.5,0.5,0.0,0.0,0.25,0.0
14476,0.0,0.0,0.0,0.0,0.1,0.1,0.1,0.1,0.0,0.0,0.0,0.0
14749,0.0,0.0,0.0,0.0,0.0,0.0,0.0,0.0,0.0,0.0,0.0,0.0
14770,0.0,0.0,0.0,0.0,0.0,0.0,0.0,0.0,0.0,0.0,0.0,0.0
14777,0.0,0.0,0.0,0.0,0.0,0.0,0.0,0.0,0.0,0.0,0.0,0.0
14788,0.0,0.0,0.0,0.0,0.2,0.2,0.2,0.2,0.0,0.0,0.0,0.0
14817,0.0,0.0,0.0,0.0,0.0,0.0,0.0,0.0,0.0,0.0,0.0,0.0
14820,0.4,0.0,0.0,0.0,0.5,0.75,0.0,0.5,0.0,0.0,0.0,0.0
14829,0.5,0.1,0.4,0.05,0.75,0.9,0.65,0.9,0.5,0.75,0.6,0.4
14834,0.0,0.8,0.5,0.0,0.5,0.9,0.1,1.0,0.0,0.0,0.0,0.0
14838,0.0,0.5,0.5,0.0,0.6,0.5,0.75,0.8,0.0,0.0,0.0,0.0
14842,0.5,0.4,0.3,0.0,0.6,0.7,0.4,0.3,0.0,0.0,0.0,0.0
14860,0.25,0.0,0.0,0.5,0.1,0.0,0.3,0.4,0.0,0.0,0.0,0.0
14862,0.0,0.0,0.0,0.0,0.0,0.0,0.0,0.0,0.0,0.0,0.0,0.0
14864,0.0,0.3,0.0,0.0,0.35,0.25,0.0,0.4,0.0,0.0,0.0,0.0
14921,0.5,0.0,0.0,0.0,0.0,0.0,0.0,0.0,0.0,0.0,0.0,0.0
14951,0.0,0.0,0.0,0.0,0.0,0.0,0.0,0.0,0.0,0.0,0.0,0.0
14958,0.0,0.0,0.0,0.0,0.1,0.0,0.0,0.0,0.25,0.0,0.1,0.0
14968,0.9,0.0,0.1,0.0,0.0,0.0,0.0,0.0,0.1,0.0,0.0,0.0
14974,0.0,0.0,0.0,0.0,0.0,0.0,0.0,0.0,0.0,0.0,0.0,0.0
14982,0.0,0.0,0.0,0.0,0.0,0.0,0.0,0.0,0.0,0.0,0.0,0.0
15003,0.5,0.0,0.5,0.0,0.5,0.8,0.25,0.5,0.0,0.0,0.0,0.0
15012,0.0,0.0,0.2,0.2,0.0,0.1,0.0,0.0,0.0,0.0,0.0,0.0
15015,0.5,0.1,0.7,0.4,0.3,0.1,0.2,0.3,0.0,0.6,0.2,0.1
15034,0.0,0.0,0.0,0.0,0.2,0.2,0.35,0.5,0.0,0.0,0.0,0.0
15056,0.0,0.8,0.6,0.95,0.0,0.2,0.0,0.0,0.0,0.0,0.0,0.5
15066,0.6,0.7,0.6,0.75,0.4,0.3,0.5,0.1,0.0,0.0,0.0,0.0
15083,0.25,0.5,0.5,0.25,0.5,0.75,0.75,0.2,0.25,0.25,0.25,0.0
15087,0.1,0.3,0.5,0.6,0.5,0.3,0.7,0.1,0.2,0.3,0.3,0.1
15102,0.0,0.0,0.0,0.0,0.25,0.25,0.4,0.45,0.0,0.2,0.0,0.0
15106,0.5,1.0,0.0,0.95,0.0,0.0,0.0,0.0,0.0,0.0,0.0,0.0
15108,0.1,0.05,0.1,0.0,0.25,0.25,0.25,0.25,0.0,0.0,0.0,0.0
15118,0.0,0.0,0.0,0.0,0.2,0.2,0.1,0.0,0.0,0.0,0.0,0.0
15122,0.0,0.0,0.0,0.0,0.3,0.0,0.1,0.0,0.0,0.0,0.0,0.0
15133,0.0,0.0,0.0,0.0,0.0,0.0,0.0,0.0,1.0,0.5,0.0,0.0
15151,0.0,0.0,0.0,0.0,0.1,0.25,0.0,0.1,0.0,0.0,0.0,0.0
15156,0.0,0.0,0.0,0.0,1.0,1.0,0.8,0.8,0.0,0.0,0.0,0.0
15186,0.25,0.0,0.8,0.0,0.0,0.0,0.0,0.0,0.0,0.0,0.0,0.0
15216,0.0,0.5,0.6,0.8,0.5,0.8,0.5,0.9,0.0,0.8,0.0,0.0
15237,0.5,0.25,0.0,0.0,0.1,0.05,0.1,0.2,0.0,0.0,0.0,0.1
15255,0.0,0.0,0.0,0.0,0.0,0.0,0.0,0.0,0.0,0.0,0.0,0.0
15266,0.0,0.5,0.5,0.0,0.5,0.7,0.7,0.7,0.0,0.0,0.0,0.0
15270,0.05,0.0,0.0,0.0,0.0,0.0,0.0,0.0,0.0,0.0,0.0,0.0
15273,0.0,0.8,0.5,0.0,0.1,0.2,0.15,0.1,0.0,0.0,0.0,0.0
15290,0.0,0.0,0.0,0.0,0.0,0.0,0.0,0.0,0.0,0.0,0.0,0.0
15292,0.0,0.0,0.25,0.5,0.05,0.08,0.05,0.06,0.0,0.0,0.2,0.1
15341,0.5,0.6,0.4,0.4,0.5,0.5,0.6,0.6,0.0,0.0,0.0,0.0
15385,0.0,0.0,0.0,0.0,0.0,0.0,0.25,0.0,0.0,0.0,0.0,0.0
15390,0.1,0.5,0.0,0.4,0.3,0.1,0.1,0.1,0.3,0.0,0.0,0.1
15404,0.0,0.1,0.0,0.0,0.2,0.1,0.3,0.3,0.5,0.0,0.0,0.1
15406,0.3,0.25,0.2,0.05,0.5,0.6,0.2,0.1,0.0,0.0,0.0,0.0
15407,0.0,0.0,0.0,0.0,0.5,0.1,0.5,0.1,0.0,0.0,0.0,0.5
15449,0.0,0.0,0.0,0.0,0.5,0.5,0.5,0.7,0.0,0.0,0.0,0.4
15452,0.0,0.0,0.0,0.0,0.0,0.0,0.0,0.0,0.0,0.0,0.0,0.0
15460,0.0,0.0,0.0,0.0,0.0,0.0,0.0,0.0,0.0,0.0,0.0,0.0
15462,0.05,0.05,0.0,0.0,0.05,0.05,0.05,0.0,0.01,0.1,0.05,0.0
15464,0.8,0.2,0.0,0.0,0.0,0.0,0.0,0.0,0.2,0.0,0.05,0.0
15469,0.0,0.0,0.0,0.0,0.0,0.0,0.25,0.0,0.0,0.0,0.0,0.0
15478,0.0,0.0,0.0,0.0,0.1,0.1,0.2,0.15,0.0,0.0,0.0,0.0
15488,0.0,0.9,0.0,0.6,0.5,0.75,0.5,0.85,0.75,0.0,0.25,0.0
15517,0.0,0.5,0.0,0.4,0.0,0.0,0.5,0.0,0.0,0.0,0.0,0.0
15524,0.0,0.5,0.0,0.0,0.0,0.15,0.0,0.0,0.0,1.0,0.0,0.0
15557,0.0,0.0,0.0,0.0,0.5,0.1,0.1,0.0,0.0,0.0,0.0,0.0
15561,0.75,0.25,0.1,0.0,0.25,0.1,0.1,0.1,0.0,0.0,0.0,0.0
15562,0.75,0.0,0.0,1.0,0.0,0.0,0.0,0.0,0.0,0.0,0.0,1.0
15569,0.0,0.0,0.0,0.0,0.0,0.0,0.0,0.0,0.0,0.0,0.0,0.0
15591,0.02,0.0,0.0,0.0,0.1,0.15,0.15,0.2,0.0,0.0,0.0,0.1
15605,0.0,0.0,0.0,0.0,0.0,0.0,0.0,0.0,0.0,0.0,0.0,0.0
15612,0.1,0.1,0.1,0.1,0.0,0.0,0.0,0.0,0.0,0.0,0.0,0.0
15620,0.4,0.2,0.2,0.4,0.4,0.1,0.1,0.4,0.25,0.1,0.0,0.0
15626,0.0,0.0,0.0,0.0,0.0,0.0,0.0,0.0,0.0,0.0,0.0,0.0
15633,0.0,0.0,0.0,0.0,0.0,0.0,0.0,0.0,0.0,0.0,0.0,0.0
15636,0.0,0.0,0.0,0.0,0.0,0.0,0.0,0.0,0.0,0.0,0.0,0.0
15657,0.0,0.0,0.0,0.0,0.0,0.0,0.5,0.0,0.0,0.0,0.0,0.0
15658,0.0,0.0,0.25,0.25,0.5,0.25,0.0,0.1,0.5,0.0,0.2,0.5
15660,0.1,0.0,0.1,0.1,0.1,0.0,0.25,0.2,0.0,0.0,0.0,0.0
15663,0.0,0.0,0.0,0.0,0.0,0.0,0.25,0.25,0.0,0.0,0.0,0.25
15672,0.0,0.5,0.25,0.8,0.3,0.5,0.8,0.5,0.0,0.0,0.2,0.0
15684,0.0,0.0,0.0,0.0,0.0,0.0,0.0,0.0,0.0,0.0,0.0,0.0
15697,0.0,0.0,0.0,0.0,0.0,0.0,0.0,0.0,0.0,0.0,0.0,0.0
15725,0.0,0.0,0.0,0.0,0.0,0.0,0.0,0.0,0.0,0.0,0.0,0.0
15767,0.0,0.0,0.0,0.0,0.75,1.0,0.5,1.0,0.0,0.0,0.0,0.0
15812,0.0,0.0,0.0,0.0,0.0,0.0,0.0,0.0,0.0,0.0,0.0,0.0
15833,0.0,0.1,0.0,0.0,0.0,0.1,0.5,0.0,0.0,0.0,0.0,0.5
15835,0.0,0.0,0.0,0.0,0.1,0.1,0.1,0.15,0.0,0.0,0.0,0.5
15852,0.25,0.0,0.0,0.0,0.0,0.1,0.1,0.1,0.0,0.0,0.0,0.0
15869,0.0,0.0,0.5,0.3,0.5,0.4,0.2,0.6,0.1,0.5,0.15,0.7
15886,0.2,0.55,0.6,0.7,0.4,0.55,0.2,0.6,0.05,0.06,0.1,0.15
15901,0.0,0.0,0.0,0.0,0.75,0.5,1.0,1.0,0.0,0.0,0.0,0.0
15911,0.4,0.3,0.0,0.0,0.25,0.0,0.0,0.0,0.0,0.0,0.0,0.0
15926,0.0,0.0,0.0,0.0,0.5,0.5,0.3,0.2,0.0,0.0,0.0,0.0
15928,0.0,0.15,0.05,0.05,0.7,0.0,0.5,0.0,0.05,0.75,0.1,0.5
15968,0.0,0.0,0.0,0.0,0.0,0.0,0.0,0.0,0.0,0.0,0.0,0.0
15970,0.0,0.0,0.0,0.0,0.0,0.0,0.0,0.0,0.0,0.0,0.0,0.0
15987,0.0,0.0,0.0,0.0,0.75,0.75,0.25,0.25,0.0,0.0,0.0,0.0
15989,0.0,0.0,0.0,0.0,0.0,0.0,0.0,0.0,0.0,0.0,0.0,0.0
16002,0.0,0.0,0.0,0.0,0.3,0.3,0.3,0.0,0.0,0.0,0.0,0.0
16009,0.0,0.0,0.0,0.0,0.0,0.0,0.0,0.0,0.0,0.0,0.0,0.0
16035,0.0,1.0,1.0,0.0,0.0,1.0,1.0,1.0,1.0,1.0,1.0,1.0
16052,0.5,0.5,0.1,0.6,0.5,0.5,0.5,0.5,0.1,0.1,0.1,0.2
16059,0.0,0.0,0.0,0.0,0.2,0.5,0.8,0.0,0.0,0.0,0.0,0.0
16080,0.0,0.0,0.0,0.0,1.0,1.0,0.0,0.0,0.0,0.0,0.0,0.0
16144,0.0,0.0,0.0,0.0,0.5,0.8,0.5,0.8,0.0,0.0,1.0,0.0
16168,0.11,0.11,0.12,0.12,0.32,0.25,0.12,0.16,0.01,0.12,0.02,0.03
16172,0.0,0.0,0.0,0.0,0.0,0.0,0.6,0.0,0.0,0.0,0.75,0.1
16179,0.0,0.0,0.15,0.0,0.5,0.7,0.6,0.75,0.0,0.0,0.2,0.0
16180,0.05,0.25,0.6,0.7,0.25,0.0,0.05,0.4,0.0,0.35,0.1,0.0
16186,-999.0,-999.0,-999.0,-999.0,0.75,0.5,0.5,0.75,0.0,0.0,0.0,0.0
16191,0.0,0.0,0.0,0.0,0.1,0.2,0.3,0.0,0.0,0.0,0.0,0.0
16206,0.0,0.0,0.0,0.5,0.0,0.0,0.0,0.0,0.0,0.0,0.0,0.0
16228,0.3,0.1,0.1,0.1,0.3,0.3,0.1,0.3,0.25,0.0,0.0,0.5
16239,0.05,0.02,0.1,0.15,0.1,0.08,0.4,0.3,0.0,0.0,0.0,0.0
16242,0.25,0.1,0.6,0.2,0.0,0.0,0.5,0.0,0.0,0.0,0.0,0.0
16281,0.0,0.0,0.0,0.0,0.25,0.0,0.1,0.0,0.0,0.0,0.0,0.0
16283,0.0,0.0,0.0,0.0,0.0,0.0,0.0,0.0,0.0,0.0,0.0,0.0
16337,0.0,0.0,0.0,0.0,0.0,0.0,0.0,0.0,0.0,0.1,0.0,0.0
16349,0.0,0.0,0.0,0.0,0.0,0.0,0.0,0.0,0.0,0.0,0.0,0.0
16360,0.0,0.0,0.0,0.0,0.0,0.0,0.0,0.0,0.0,0.0,0.0,0.0
16372,0.0,0.0,0.0,0.0,0.0,0.0,0.0,0.0,0.0,0.0,0.0,0.0
16384,0.0,0.0,0.0,0.0,0.75,0.5,0.5,0.1,0.0,0.0,0.0,0.0
16392,0.8,0.65,0.8,0.65,0.5,0.4,0.6,0.5,0.5,0.65,0.8,0.2
16413,0.0,0.0,0.0,0.0,0.0,0.0,0.0,0.0,0.0,0.0,0.8,0.0
16455,0.0,0.0,0.0,0.0,0.0,0.0,0.0,0.0,0.0,0.0,0.0,0.0
16481,0.25,0.05,0.4,0.05,0.95,0.05,0.9,0.1,0.4,0.2,0.05,0.2
16507,-999.0,-999.0,-999.0,-999.0,0.0,0.0,0.0,0.0,0.0,0.0,0.0,0.0
16514,0.0,0.0,0.0,0.0,0.0,0.0,0.0,0.0,0.0,0.0,0.0,0.0
16564,0.0,0.75,0.75,0.9,0.0,0.0,0.25,0.25,0.0,0.1,0.0,0.25
16590,0.0,0.0,0.0,0.0,0.0,0.0,0.0,0.0,0.0,0.0,0.0,0.0
16598,0.0,0.0,0.0,0.0,0.0,0.0,0.0,0.0,0.0,0.0,0.0,0.0
16606,0.1,0.4,0.0,0.0,0.3,0.5,0.1,0.5,0.1,0.1,0.1,0.1
16614,0.1,0.0,0.1,0.0,0.15,0.0,0.2,0.0,0.0,0.1,0.0,0.0
16644,0.5,0.5,0.5,0.5,0.5,0.4,0.0,0.0,0.0,0.0,0.0,0.0
16665,0.0,0.5,1.0,1.0,1.0,0.5,0.8,0.9,0.0,1.0,0.0,0.0
16679,0.0,0.0,0.0,0.0,0.25,0.25,0.5,0.5,0.0,0.0,0.0,0.0
16700,0.2,0.3,0.5,0.0,0.0,0.0,0.0,0.0,0.0,0.05,0.0,0.0
16708,0.6,0.85,0.0,0.9,0.15,0.25,0.2,0.3,0.2,0.1,0.0,0.05
16710,0.0,0.0,0.0,0.0,0.0,0.0,0.0,0.0,0.0,0.0,0.0,0.0
16712,0.1,0.1,0.1,0.05,0.0,0.0,0.0,0.0,0.0,0.1,0.05,0.05
16724,0.1,0.4,0.25,0.15,0.2,0.25,0.15,0.1,0.0,0.0,0.0,0.0
16727,0.5,0.2,0.8,0.5,0.3,0.2,0.1,0.0,0.3,0.2,0.5,0.0
16730,0.0,0.0,0.0,0.0,0.1,0.05,0.1,0.05,0.0,0.0,0.0,0.0
16749,0.0,0.0,0.0,0.0,0.0,0.0,0.0,0.0,0.0,0.0,0.0,0.0
16754,0.1,0.0,0.0,0.0,0.8,0.8,0.8,0.8,0.0,0.0,0.8,0.0
16757,0.6,0.4,0.15,0.35,0.25,0.2,0.25,0.25,0.0,0.0,0.0,0.0
16758,0.0,0.0,0.0,0.0,0.0,0.25,0.0,0.35,0.0,0.0,0.0,0.0
16782,0.2,0.0,0.1,0.2,0.3,0.4,0.4,0.5,0.1,0.1,0.2,0.1
16799,0.0,0.8,1.0,1.0,0.6,0.2,0.9,0.4,0.0,0.0,0.0,0.0
16811,0.0,0.0,0.0,0.0,0.0,0.0,0.0,0.0,0.0,0.0,0.0,0.0
16817,0.0,0.0,0.0,0.0,0.0,0.0,0.0,0.0,0.0,0.0,0.0,0.0
16827,0.2,0.05,0.1,0.0,0.1,0.1,0.1,0.1,0.0,0.0,0.0,0.0
16832,0.9,0.0,0.0,0.9,0.75,0.85,0.85,0.8,0.0,0.8,0.0,0.25
16852,0.0,0.0,0.0,0.0,0.0,0.0,0.0,0.0,0.0,0.0,0.0,0.0
16855,0.0,0.0,0.0,0.0,0.0,0.0,0.0,0.0,0.0,0.0,0.0,0.0
16863,0.5,0.6,0.4,0.4,0.5,0.5,0.4,0.6,0.0,0.0,0.0,0.0
16884,0.0,0.1,0.0,0.5,0.0,0.0,0.3,0.2,0.0,0.6,0.0,0.1
16887,0.5,0.7,0.5,0.8,0.3,0.4,0.35,0.2,0.0,0.5,0.0,0.0
16904,0.6,0.2,0.75,0.1,0.5,0.6,0.4,0.4,0.25,0.3,0.0,0.0
16905,0.1,0.0,0.15,0.0,0.0,0.1,0.5,0.0,0.0,0.0,0.0,0.1
16913,0.3,0.1,0.4,0.5,0.3,0.4,0.2,0.4,0.1,0.2,0.0,0.3
16923,0.0,0.0,0.0,0.0,0.0,0.1,0.0,0.0,0.0,0.0,0.0,0.0
16931,0.0,0.5,0.5,0.5,0.0,0.0,0.0,0.0,0.0,0.0,0.0,0.0
16960,0.0,0.0,0.0,0.0,0.0,0.0,0.6,0.0,0.05,0.0,0.05,0.0
16999,0.0,0.0,0.0,0.0,0.0,0.0,0.0,0.05,0.15,0.2,0.1,0.5
17025,0.0,0.0,0.0,0.0,0.0,0.0,0.0,0.0,0.0,0.0,0.0,0.0
17074,0.0,0.25,0.25,0.5,0.5,0.5,0.25,0.5,0.0,0.0,0.5,0.5
17098,0.0,0.0,0.0,0.0,0.5,0.0,0.6,0.3,0.6,0.0,0.0,0.0
17145,0.0,0.0,0.0,0.0,0.2,0.25,0.25,0.25,0.15,0.15,0.2,0.1
17151,0.0,0.0,0.0,0.0,0.5,0.5,0.5,0.5,0.0,0.0,0.0,0.0
17165,0.0,0.0,0.0,0.0,0.0,0.0,0.0,0.0,0.0,0.0,0.0,0.0
17185,0.0,0.0,0.0,0.0,0.0,0.0,0.0,0.0,0.0,0.0,0.0,0.0
17192,0.75,0.0,0.7,1.0,0.6,0.5,0.5,0.2,0.0,0.1,0.0,0.95
17194,0.0,0.0,0.0,0.0,0.0,0.0,0.0,0.0,0.0,0.0,0.0,0.0
17219,0.25,0.1,0.4,0.02,1.0,1.0,1.0,1.0,0.9,0.4,0.1,0.3
17227,0.0,0.0,0.0,0.0,0.25,0.4,0.25,0.05,0.0,0.0,0.0,0.0
17238,0.0,0.0,0.0,0.0,0.0,0.1,0.05,0.05,0.0,0.0,0.0,0.0
17251,0.05,0.0,0.05,0.05,0.05,0.05,0.1,0.05,0.0,0.05,0.0,0.0
17260,1.0,1.0,1.0,0.0,0.8,0.8,0.7,0.5,0.0,0.5,0.0,0.4
17289,0.5,0.0,0.7,0.0,0.5,0.0,0.7,0.0,0.0,0.0,0.0,0.0
17345,0.01,0.01,0.01,0.01,0.5,0.0,0.1,0.1,0.01,0.01,0.01,0.01
17378,0.0,0.0,0.0,0.0,0.0,0.0,0.0,0.0,0.0,0.0,0.0,0.0
17464,0.0,0.0,0.0,0.0,0.5,0.0,0.0,0.0,0.0,0.0,0.0,0.2
17468,0.5,0.0,0.0,0.2,0.0,0.75,0.0,1.0,0.0,0.0,0.0,0.0
17527,0.0,0.0,0.0,0.0,0.0,0.0,0.0,0.0,0.0,0.0,0.0,0.0
17540,0.0,0.0,0.0,0.0,0.05,0.05,0.05,0.05,0.0,0.0,0.0,0.0
17541,0.0,0.0,0.15,0.0,0.0,0.0,0.0,0.0,0.0,0.2,0.0,0.0
17561,0.75,0.2,0.0,0.75,0.0,0.25,0.25,0.0,0.5,0.0,0.0,0.0
17612,0.0,0.0,0.0,0.0,0.0,0.0,0.0,0.0,0.0,0.0,0.0,0.0
17614,0.0,0.0,0.0,0.0,0.0,0.0,0.0,0.0,0.0,0.0,0.0,0.0
17632,0.0,0.0,0.55,0.0,0.25,0.26,0.1,0.26,0.0,0.0,0.0,0.0
17635,0.0,0.0,0.0,0.0,0.5,0.0,0.0,0.0,0.0,0.0,0.0,0.0
17637,0.0,0.0,0.0,0.0,0.3,0.2,0.8,0.1,0.0,0.0,0.0,0.0
17640,0.0,0.0,0.0,0.0,0.05,0.0,0.05,0.0,0.0,0.0,0.0,0.0
17658,0.0,0.0,0.0,0.0,0.0,0.0,0.0,0.0,0.0,0.0,0.0,0.0
17661,0.0,0.0,0.15,0.1,0.0,0.0,0.0,0.0,0.0,0.0,0.0,0.0
17668,0.0,0.0,0.0,0.0,0.0,0.0,0.0,0.0,0.0,0.0,0.0,0.0
17686,0.0,0.0,0.0,0.0,0.5,0.25,0.75,0.25,0.0,0.0,0.0,0.0
17704,0.1,0.0,0.15,0.1,0.75,0.8,0.75,0.9,0.1,0.2,0.1,0.5
17713,0.2,0.0,0.0,0.0,0.25,0.5,0.25,0.7,0.0,0.5,0.0,0.0
17774,0.05,0.0,0.07,0.0,0.05,0.05,0.08,0.0,0.0,0.0,0.0,0.0
17778,0.0,0.0,0.0,0.0,0.0,0.0,0.0,0.0,0.2,0.0,0.2,0.0
17784,0.5,0.1,0.0,0.0,0.5,0.6,0.7,0.1,0.0,0.6,0.0,0.5
17803,0.0,0.0,0.0,0.0,0.0,0.0,0.0,0.0,0.0,0.0,0.0,0.0
17824,0.15,0.0,0.0,0.0,0.15,0.3,0.15,0.05,0.1,0.0,0.0,0.0
17856,0.0,0.0,0.0,0.0,0.5,0.75,0.1,0.5,0.0,0.0,0.0,0.0
17886,0.0,0.0,0.0,0.0,0.0,0.0,0.0,0.0,0.0,0.0,0.0,0.0
17887,0.2,0.0,0.1,0.2,0.25,0.35,0.1,0.1,0.2,0.1,0.3,0.2
17889,0.0,0.0,0.0,0.0,0.5,0.3,0.8,0.0,0.0,0.0,0.0,0.0
17893,0.0,0.0,0.5,0.6,0.1,0.05,0.4,0.0,0.0,0.0,0.2,0.0
17947,1.0,1.0,0.9,0.0,1.0,0.5,1.0,1.0,0.0,1.0,1.0,0.0
18002,0.5,0.3,0.0,0.3,0.1,0.0,0.5,0.2,0.0,0.0,0.0,0.0
18011,0.0,0.0,0.0,0.0,0.0,0.0,0.0,0.0,0.0,0.0,0.0,0.0
18028,0.0,0.0,0.0,0.0,0.0,0.0,0.0,0.0,0.0,0.0,0.0,0.0
18060,0.2,0.4,0.4,0.4,0.2,0.6,0.2,0.7,0.9,0.0,0.1,0.6
18063,0.0,0.0,0.0,0.0,0.0,0.0,0.0,0.0,0.0,0.0,0.0,0.0
18087,0.0,0.0,0.0,0.0,0.25,0.1,0.5,0.1,0.0,0.0,0.0,0.0
18121,0.6,0.5,0.7,0.6,0.3,0.75,0.2,0.2,0.1,0.1,0.0,0.3
18152,0.0,0.0,0.2,0.0,0.1,0.0,0.1,0.1,0.0,0.0,0.0,0.0
18160,0.0,0.0,0.0,0.0,0.0,0.0,0.0,0.0,0.0,0.0,0.0,0.0
18205,0.5,0.75,0.75,0.5,0.5,0.75,0.5,0.8,0.5,0.0,0.5,1.0
18209,0.0,0.0,0.0,0.0,0.0,0.0,0.0,0.0,0.0,0.0,0.0,0.0
18212,0.05,0.15,0.65,0.45,0.0,0.0,0.0,0.0,0.0,0.1,0.0,0.05
18241,0.0,0.0,0.0,0.0,0.0,0.0,0.0,0.0,0.0,0.0,0.0,0.0
18262,0.0,0.0,0.0,0.0,1.0,0.0,1.0,0.0,0.0,0.0,0.0,0.0
18267,0.0,0.0,0.0,0.0,0.25,0.1,0.1,0.25,0.0,0.1,0.0,0.1
18281,0.0,0.0,0.0,0.0,0.9,0.5,0.9,0.0,0.9,0.0,0.5,0.0
18400,0.0,0.0,0.0,0.0,0.7,0.8,0.6,0.55,0.5,0.8,0.2,0.7
18403,0.0,0.0,0.0,0.0,0.5,0.75,1.0,0.0,0.0,0.25,0.0,0.75
18503,0.5,0.65,0.0,0.0,0.2,0.2,0.0,0.0,0.0,0.0,0.0,0.0
18604,0.0,0.0,0.0,0.0,0.0,0.0,0.0,0.0,0.0,0.0,0.0,0.0
18636,0.0,0.0,0.0,0.0,0.35,0.5,0.4,0.4,0.0,0.45,0.0,0.25
18667,0.1,0.0,0.0,0.0,0.0,0.3,0.0,0.1,0.0,0.0,0.0,0.0
18691,0.0,0.0,0.0,0.0,0.5,0.2,0.6,0.5,0.0,0.0,0.0,0.0
18718,0.4,0.2,0.3,0.1,0.8,0.8,0.9,0.4,0.45,0.3,0.65,0.7
18724,0.0,0.0,0.0,0.0,0.5,0.5,0.5,0.4,0.0,0.0,0.0,0.0
18743,0.0,0.0,0.0,0.0,0.0,0.0,0.0,0.0,0.0,0.0,0.0,0.0
18745,0.0,0.0,0.0,0.0,0.0,0.0,0.0,0.0,0.0,0.0,0.0,0.0
18839,0.1,0.2,0.5,0.4,0.3,0.3,0.2,0.2,0.1,0.15,0.15,0.4
18847,0.0,0.0,0.0,0.0,0.0,0.0,0.0,0.0,0.0,0.0,0.0,0.0
18848,0.0,0.0,0.0,0.0,0.0,0.0,0.0,0.0,0.0,0.0,0.0,0.0
18863,0.0,0.5,0.5,0.0,0.0,0.0,0.0,0.0,0.0,0.0,0.4,0.2
18869,0.0,0.0,0.0,0.0,0.25,0.0,0.25,0.0,0.0,0.0,0.0,0.0
18890,0.0,0.0,0.0,0.0,0.0,0.0,0.0,0.0,0.0,0.0,0.0,0.0
18973,0.0,0.0,0.0,0.0,0.0,0.0,0.0,0.0,0.0,0.0,0.0,0.2
18991,0.5,0.1,1.0,0.8,0.5,0.0,0.0,0.0,0.0,0.0,0.0,0.0
19083,0.0,0.0,0.0,0.0,0.0,0.0,0.0,0.0,0.0,0.0,0.0,0.0
19118,0.0,0.25,0.0,0.2,0.1,0.05,0.1,0.05,0.0,0.0,0.0,0.0
19122,0.05,0.1,0.0,0.0,0.1,0.15,0.05,0.0,0.1,0.0,0.05,0.08
19133,0.0,0.0,0.0,0.0,0.0,0.0,0.0,0.0,0.0,0.0,0.0,0.0
19222,-999.0,-999.0,-999.0,-999.0,0.0,0.0,0.0,0.0,0.0,0.0,0.0,0.0
19223,0.0,0.0,0.0,0.0,0.0,0.0,0.0,0.0,0.0,0.0,0.0,0.0
19244,0.0,0.0,0.0,0.0,0.0,0.0,0.0,0.0,0.0,0.0,0.0,0.0
19281,0.0,0.0,0.0,0.0,0.0,0.0,0.0,0.0,0.0,0.0,0.0,0.0
19394,0.0,1.0,0.0,1.0,0.0,0.2,0.1,0.2,0.1,0.0,0.0,0.0
19423,0.0,0.0,0.0,0.0,0.1,0.05,0.25,0.1,0.0,0.0,0.0,0.0
19458,0.4,0.3,0.2,0.1,0.3,0.45,0.1,0.35,0.6,0.4,0.2,0.1
19475,0.0,0.0,0.0,0.0,0.0,0.0,0.0,0.0,0.0,0.0,0.0,0.0
19490,0.8,0.0,0.0,0.0,0.0,0.5,0.25,0.0,0.0,0.0,0.0,0.0
19515,0.0,0.0,0.0,0.0,0.5,0.5,0.25,0.1,0.0,0.0,0.0,0.0
19527,0.1,0.5,0.1,0.25,0.0,0.05,0.05,0.0,0.0,0.0,0.0,0.0
19621,0.0,0.35,0.0,0.6,0.2,0.3,0.5,0.1,0.0,0.0,0.0,0.0
19638,0.3,0.25,0.5,0.5,0.5,0.3,0.5,0.5,0.4,0.4,0.4,0.5
19646,0.0,0.0,0.0,0.0,0.0,0.0,0.0,0.0,0.0,0.0,0.0,0.0
19698,0.0,0.0,0.0,0.0,0.0,0.0,0.5,0.75,0.0,0.0,0.0,0.0
19732,0.0,0.15,0.0,0.0,0.0,0.0,0.0,0.0,0.0,0.0,0.0,0.0
19778,0.0,0.0,0.0,0.0,0.0,0.0,0.0,0.0,0.0,0.0,0.0,0.0
19833,0.0,0.0,0.0,0.0,0.0,0.0,0.0,0.0,0.0,0.0,0.0,0.0
19858,0.0,0.0,0.0,0.0,0.25,0.25,0.0,0.0,0.0,0.0,0.0,0.0
19894,0.0,0.0,0.0,0.0,0.5,0.0,0.0,0.0,0.0,0.75,0.0,0.0
19895,0.0,1.0,1.0,0.0,0.0,0.0,0.0,0.0,0.0,0.0,0.0,0.0
19916,0.25,0.25,0.5,0.5,0.2,0.3,0.2,0.2,0.0,0.0,0.0,0.0
19953,0.8,0.0,0.0,1.0,0.0,0.0,0.0,0.0,0.0,0.0,0.8,0.0
20018,0.0,0.0,0.0,0.0,0.0,0.25,0.0,0.0,0.0,0.0,0.0,0.5
20091,0.0,0.0,0.0,0.0,0.0,0.0,0.0,0.0,0.0,0.0,0.0,0.0
20162,0.0,0.0,0.0,0.0,0.15,0.0,0.15,0.25,0.0,0.0,0.0,0.0
20165,0.0,0.0,0.0,0.0,0.5,0.5,0.0,0.0,0.0,0.0,0.0,0.0
20274,0.5,0.5,0.5,0.5,0.5,0.5,0.5,0.5,0.5,0.0,0.0,0.0
20307,0.0,0.0,0.0,0.0,0.0,0.0,0.0,0.0,0.0,0.0,0.0,0.0
20351,0.0,0.01,0.01,0.01,0.0,0.0,0.4,0.0,0.01,0.0,0.0,0.0
20396,0.3,0.0,0.55,0.3,0.05,0.0,0.04,0.0,0.0,0.0,0.6,0.0
20450,0.0,0.0,0.0,0.0,0.0,0.0,0.0,0.0,0.0,0.0,0.0,0.0
20496,0.0,0.0,0.0,0.0,0.0,0.0,0.0,0.0,0.0,0.0,0.0,0.0
20623,0.25,0.25,0.5,0.35,0.35,0.45,0.75,0.35,0.25,0.2,0.0,0.35
20626,0.0,0.0,0.0,0.0,0.5,0.6,0.8,0.5,0.0,0.0,0.0,0.0
20707,0.0,0.0,0.0,0.0,0.0,0.0,0.0,0.0,0.0,0.0,0.0,0.0
20754,0.0,0.0,0.0,0.0,0.0,0.0,0.0,0.0,0.0,0.0,0.0,0.0
20761,0.0,0.0,0.5,0.0,0.2,0.0,0.1,0.1,0.8,0.1,0.0,0.1
20792,0.0,0.0,0.0,0.0,0.7,0.1,0.75,0.1,0.0,0.0,0.0,0.0
20824,0.25,0.6,0.75,0.6,0.8,0.6,0.75,0.8,0.3,0.4,0.2,0.55
20852,0.0,0.0,0.0,0.0,0.0,0.0,0.0,0.0,0.0,0.0,0.0,0.0
20871,0.5,0.5,0.0,0.2,0.5,0.6,0.8,0.65,0.05,0.05,0.5,0.05
20909,0.0,0.0,0.0,0.0,0.0,0.0,0.0,0.0,0.0,0.0,0.0,0.0
20939,0.0,0.5,0.0,0.5,0.85,0.45,0.95,0.85,0.0,0.0,0.0,1.0
20966,0.5,0.6,0.25,0.25,0.75,0.75,0.75,0.75,0.15,0.75,0.2,0.0
20973,0.0,0.0,0.0,0.0,0.5,0.5,0.5,0.6,0.0,0.0,0.0,0.0
21019,0.0,0.0,0.0,0.0,0.0,0.3,0.5,0.0,0.0,0.0,0.5,0.5
21075,0.0,0.0,0.0,0.0,0.0,0.0,0.0,0.0,0.0,0.0,0.0,0.0
21136,0.0,0.25,0.6,0.6,0.0,0.0,0.6,0.25,0.0,0.0,0.0,0.0
21156,0.0,0.0,0.0,0.0,0.0,0.0,0.0,0.0,0.0,0.0,0.0,0.0
21200,0.0,0.0,0.0,0.0,0.0,0.0,0.1,0.1,0.1,0.0,0.0,0.0
21305,-999.0,-999.0,-999.0,-999.0,0.05,0.05,0.05,0.05,0.05,0.05,0.05,0.05
21313,0.0,0.0,0.0,0.0,0.0,0.0,0.0,0.0,0.0,0.0,0.0,0.0
21321,0.0,0.0,0.0,0.0,0.0,0.0,0.0,0.0,0.0,0.0,0.0,0.0
21332,0.0,0.0,0.0,0.0,0.0,0.0,0.0,0.0,0.0,0.0,0.0,0.0
21487,0.0,0.1,0.0,0.5,0.5,0.75,0.2,0.5,0.0,0.25,0.1,0.1
21511,0.0,0.5,0.5,0.0,0.0,0.0,0.0,0.0,0.0,0.0,0.0,0.7
21522,0.0,0.0,0.0,0.0,0.6,0.1,0.2,0.3,0.0,0.0,0.0,0.0
21528,0.0,0.0,0.0,0.0,0.0,0.0,0.0,0.0,0.0,0.0,0.0,0.0
21568,0.0,0.0,0.0,0.0,0.25,0.5,0.25,0.25,0.0,0.0,0.0,0.0
21607,0.0,0.0,0.0,0.0,0.0,0.0,0.0,0.0,0.0,0.0,0.0,0.0
21655,0.0,0.0,0.0,0.0,0.0,0.0,0.0,0.0,0.0,0.0,0.0,0.0
21694,0.0,0.0,0.0,0.0,0.0,0.0,0.0,0.0,0.0,0.0,0.0,0.0
21817,0.8,0.8,0.8,0.8,0.1,0.1,0.05,0.05,0.0,0.0,0.0,0.0
21863,0.05,0.05,0.05,0.05,0.1,0.1,0.1,0.1,0.1,0.1,0.1,0.1
21894,0.0,0.0,0.0,0.0,0.0,0.0,0.0,0.0,0.0,0.0,0.0,0.0
21915,0.0,0.5,0.0,0.0,0.0,0.0,0.0,0.0,0.0,0.0,0.0,0.0
21921,0.2,0.1,0.1,0.05,0.5,0.5,0.6,0.2,0.1,0.1,0.1,0.1
21945,0.0,0.0,0.0,0.0,0.1,0.0,0.3,0.15,0.0,0.0,0.0,0.0
21948,0.0,0.0,0.0,0.0,0.0,0.0,0.0,0.0,0.0,0.0,0.0,0.0
22005,0.0,0.0,0.0,0.0,0.1,0.1,0.0,0.1,0.0,0.0,0.1,0.1
22063,0.0,0.0,0.0,0.0,0.0,0.5,0.5,0.0,0.0,0.0,0.0,0.0
22077,0.0,0.0,0.0,0.0,0.25,0.0,0.0,0.0,0.0,0.0,0.0,0.0
22123,-999.0,-999.0,-999.0,-999.0,0.0,0.0,0.0,0.0,0.0,0.0,0.0,0.0
22132,0.5,0.25,0.2,0.1,0.0,0.0,0.75,0.25,0.0,0.0,0.0,0.0
22197,0.0,0.0,0.0,0.0,0.0,0.0,0.0,0.0,0.0,0.0,0.0,0.0
22236,0.0,0.0,0.0,0.0,0.0,0.0,0.0,0.0,0.0,0.0,0.0,0.0
22239,0.0,0.0,0.0,0.0,0.0,0.0,0.0,0.0,0.5,0.8,1.0,0.0
22240,0.0,0.0,0.0,0.0,0.5,0.75,0.5,0.5,0.0,0.0,0.0,0.0
22282,0.0,0.0,0.0,0.0,0.0,0.0,0.0,0.0,0.0,0.0,0.0,0.0
22291,0.5,0.0,0.0,0.0,0.0,0.0,0.0,0.0,0.0,0.0,0.0,0.0
22451,0.0,0.0,0.0,0.0,0.0,0.0,0.0,0.0,0.0,0.0,0.0,0.0
22549,0.0,0.0,0.0,0.0,0.0,0.0,0.0,0.0,0.0,0.0,0.0,0.0
22553,0.0,0.0,0.1,0.0,0.15,0.1,0.0,0.0,0.0,0.0,0.1,0.45
22560,0.25,0.5,1.0,0.5,0.35,0.5,0.75,0.5,0.0,0.25,0.75,0.0
22634,0.0,0.0,0.0,0.0,0.25,0.4,0.3,0.45,0.0,0.0,0.0,0.0
22637,0.02,0.02,0.02,0.02,0.03,0.02,0.02,0.03,0.0,0.0,0.0,0.0
22721,0.0,0.0,0.0,0.0,0.5,0.65,0.5,0.25,0.0,0.0,0.0,0.0
22753,0.0,0.0,0.0,0.0,0.0,0.0,0.5,0.0,0.5,0.5,0.0,0.0
22770,0.0,0.0,0.0,0.0,0.0,0.0,0.0,0.0,0.0,0.0,0.0,0.0
22776,0.0,0.0,0.5,0.5,0.0,0.0,0.25,0.0,0.0,0.0,0.0,0.25
22846,0.0,0.0,0.0,0.0,0.75,0.5,0.0,0.0,0.0,0.0,0.0,0.0
22934,0.3,0.0,0.1,0.0,0.0,0.1,0.0,0.0,0.0,0.0,0.0,0.0
23154,0.0,0.4,0.0,0.5,0.8,0.8,0.8,0.5,0.1,0.0,0.2,0.0
23214,0.0,0.0,0.0,0.0,0.0,0.0,0.0,0.0,0.0,0.0,0.0,0.0
23215,0.0,0.0,0.0,0.0,0.0,0.0,0.0,0.0,0.0,0.0,0.0,0.0
23240,0.0,0.0,0.0,0.0,0.5,0.0,1.0,0.5,0.5,1.0,0.75,0.0
23243,0.0,0.0,0.0,0.0,0.0,0.0,0.0,0.0,0.0,0.0,0.0,0.0
23257,0.0,0.0,0.0,0.0,0.0,0.0,0.0,0.0,0.25,0.0,0.25,0.0
23298,0.0,0.0,0.0,0.0,0.0,0.0,0.0,0.0,0.0,0.0,0.0,0.0
23359,0.0,0.0,0.0,0.0,0.0,0.0,0.0,0.0,0.0,0.0,0.0,0.0
23402,0.0,0.0,0.0,0.0,0.0,0.0,0.0,0.0,0.2,0.1,0.0,0.0
23415,0.0,0.2,0.2,0.0,0.0,0.0,0.0,0.0,0.0,0.0,0.0,0.0
23474,0.0,0.0,0.0,0.0,0.0,0.0,0.0,0.0,1.0,0.0,0.0,0.0
23493,0.0,0.0,0.0,0.0,0.25,0.4,0.6,0.65,0.0,0.0,0.0,0.0
23500,0.6,0.6,0.1,0.4,0.6,0.6,0.7,0.7,0.6,0.5,0.1,0.1
23566,0.3,0.0,0.15,0.15,0.8,1.0,0.9,0.5,0.5,0.2,0.25,0.0
23599,0.0,0.0,0.0,0.0,0.0,0.0,0.0,0.0,0.0,0.0,0.0,0.0
23612,0.1,0.1,0.1,0.05,0.1,0.1,0.1,0.1,0.0,0.0,0.05,0.05
23658,0.5,0.0,0.2,0.75,0.5,0.5,0.25,0.25,0.0,0.0,0.0,0.0
23702,0.05,0.0,0.0,0.15,0.0,0.0,0.0,0.0,0.0,0.0,0.0,0.0
23719,0.0,0.0,0.0,0.0,0.0,0.0,0.0,0.0,0.0,0.0,0.0,0.0
23736,0.5,0.5,0.0,0.0,0.15,0.15,0.2,0.3,0.0,0.15,0.15,0.2
23742,0.0,0.0,0.0,0.0,0.0,0.0,0.0,0.0,0.0,0.0,0.0,0.0
23757,0.0,0.1,0.0,0.1,0.0,0.0,0.0,0.0,0.0,0.0,0.0,0.0
23800,0.0,0.5,0.3,0.0,0.0,0.0,0.3,0.0,0.5,0.0,0.0,0.3
23801,0.0,0.0,0.0,0.0,0.5,0.5,0.0,0.0,0.5,0.0,0.0,0.2
23805,0.0,0.75,0.0,0.75,0.75,0.5,0.2,0.0,0.0,0.0,0.0,0.0
23814,0.0,0.0,0.0,0.0,0.1,0.1,0.05,0.05,0.0,0.0,0.0,0.0
23871,0.0,0.0,0.0,0.0,0.0,0.5,0.5,0.7,0.0,0.0,0.0,0.5
23886,0.4,0.3,0.3,0.4,0.0,0.0,0.0,0.0,0.3,0.4,0.4,0.3
23894,-999.0,-999.0,-999.0,-999.0,0.0,0.0,0.5,0.5,1.0,0.5,1.0,0.5
23950,0.0,0.0,0.0,0.0,0.5,0.8,0.5,0.8,0.1,0.1,0.0,0.0
23957,0.5,0.5,1.0,0.5,0.5,0.5,0.75,0.5,0.0,0.0,0.0,0.0
23989,0.25,0.25,0.0,0.0,0.0,0.0,0.0,0.0,0.5,0.0,0.25,0.0
24004,0.0,0.0,0.0,0.0,0.0,0.0,0.0,0.0,0.0,0.0,0.0,0.0
24014,1.0,0.0,0.0,0.0,0.0,0.0,0.0,0.0,0.0,0.0,0.0,0.0
24018,0.0,0.1,0.9,0.9,0.25,0.5,0.75,0.25,0.0,0.0,0.1,0.0
24034,0.0,0.5,0.0,0.5,0.0,0.0,0.0,0.0,0.5,0.0,0.8,0.0
24063,0.0,0.8,0.3,0.0,0.75,0.0,0.0,0.0,0.0,0.5,0.0,1.0
24089,0.6,0.75,0.7,0.2,0.5,0.3,0.2,0.1,0.5,0.25,0.2,0.8
24090,0.0,0.0,0.5,0.3,0.8,0.8,0.6,0.3,0.0,0.0,0.2,0.0
24092,0.0,0.0,0.0,0.0,0.0,0.0,0.0,0.0,0.0,0.0,0.0,0.0
24116,0.5,0.1,0.35,0.0,0.4,0.35,0.8,0.75,0.0,0.5,0.25,0.3
24127,0.75,0.0,0.6,0.1,0.0,0.3,0.0,0.75,0.01,0.02,0.4,0.01
24131,0.0,0.0,0.0,0.0,0.0,0.0,0.0,0.0,0.0,0.0,0.0,0.0
24186,0.0,0.0,0.0,0.0,0.0,0.0,0.0,0.0,0.0,0.0,0.0,0.0
24223,0.4,0.4,0.2,0.25,0.6,0.4,0.4,0.3,0.1,0.1,0.25,0.15
24274,0.0,0.1,0.0,0.0,0.1,0.25,0.0,0.1,0.0,0.0,0.0,0.1
24279,0.0,0.0,0.0,0.0,0.0,0.0,0.0,0.0,0.0,0.0,0.0,0.0
24281,0.0,0.0,0.0,0.0,0.0,0.0,0.5,0.0,0.0,0.0,0.0,0.0
24404,0.0,0.0,0.0,0.0,0.0,0.0,0.5,0.25,0.0,0.0,0.0,0.5
24406,0.0,0.0,0.0,0.0,0.05,0.6,0.6,0.02,0.0,0.0,0.0,0.0
24418,0.0,0.0,0.0,0.0,0.0,0.0,0.0,0.0,0.0,0.0,0.0,0.0
24437,0.4,0.3,0.3,0.3,0.5,0.4,0.25,0.0,0.0,0.0,0.0,0.0
24443,0.0,0.0,0.0,0.0,0.3,0.4,0.4,0.3,0.0,0.0,0.0,0.0
24454,0.5,0.0,0.0,0.0,0.0,0.0,0.0,0.0,0.0,0.0,0.0,0.0
24476,0.0,0.0,0.0,0.0,0.0,0.0,0.0,0.0,0.0,0.0,0.0,0.0
24485,0.1,0.05,0.05,0.05,0.0,0.0,0.0,0.0,0.0,0.0,0.0,0.0
24509,0.0,0.0,0.0,0.0,0.0,0.0,0.0,0.0,0.0,0.0,0.0,0.0
24514,0.0,0.0,0.0,0.0,0.0,0.0,0.0,0.0,0.0,0.0,0.2,0.0
24530,0.0,0.0,0.0,0.0,0.0,0.0,0.0,0.0,0.0,0.0,0.0,0.0
24542,0.1,0.0,0.05,0.1,0.2,0.1,0.4,0.2,0.05,0.05,0.15,0.02
24614,0.5,0.0,0.5,0.0,0.5,0.0,0.0,0.0,0.5,0.0,0.75,0.25
24635,0.6,0.6,0.6,0.5,0.6,0.5,0.4,0.4,0.0,0.0,0.0,0.0
24649,0.01,0.0,0.01,0.0,0.5,0.75,0.75,0.5,0.0,0.3,0.6,0.4
24657,0.0,0.0,0.25,0.05,0.0,0.0,0.25,0.0,0.0,0.0,0.0,0.0
24679,0.0,0.0,0.0,0.0,0.0,0.0,0.0,0.0,0.0,0.0,0.0,0.0
24681,0.0,0.25,0.1,0.0,0.0,0.0,0.5,0.0,0.0,0.0,0.0,0.0
24684,0.1,0.1,0.1,0.1,0.6,0.1,0.1,0.6,0.0,0.0,0.0,0.0
24818,0.2,0.5,0.4,0.65,0.6,0.4,0.4,0.65,0.3,0.5,0.1,0.6
24835,0.0,0.0,0.0,0.0,0.0,0.0,0.0,0.0,0.0,0.0,0.0,0.0
24868,0.0,0.0,0.0,0.0,0.0,0.0,0.0,0.0,0.0,0.0,0.0,0.0
24879,0.8,0.0,0.5,0.8,0.5,0.5,0.0,0.5,0.0,0.0,0.0,0.0
24907,0.0,0.0,0.0,0.0,0.0,0.0,0.0,0.0,0.0,0.0,0.0,0.0
24909,0.0,0.0,0.1,0.0,0.0,0.0,0.0,0.0,0.0,0.0,0.0,0.0
24939,0.4,0.65,0.5,0.0,0.1,0.1,0.0,0.0,0.0,0.35,0.1,0.4
24951,0.25,0.1,0.1,0.1,0.5,0.4,0.1,0.25,0.0,0.0,0.0,0.0
25051,0.0,0.25,0.25,0.0,0.0,0.0,0.0,0.0,0.0,0.0,0.0,0.0
25081,0.0,0.0,0.0,0.0,0.0,0.0,0.0,0.0,0.0,0.0,0.0,0.0
25088,0.0,0.0,0.0,0.0,0.0,0.0,0.0,0.0,0.0,0.0,0.0,0.0
25123,0.0,0.0,0.0,0.0,0.2,0.3,0.2,0.3,0.0,0.0,0.0,0.0
25166,0.6,0.6,0.5,0.68,0.24,0.4,0.34,0.6,0.55,0.0,0.75,0.64
25169,0.2,0.25,0.0,0.25,0.5,0.1,0.25,0.5,0.0,0.0,0.0,0.0
25171,0.1,0.0,0.0,0.05,0.0,0.0,0.0,0.0,0.0,0.0,0.0,0.1
25175,0.1,0.0,0.2,0.0,0.0,0.0,0.0,0.0,0.5,0.25,0.2,0.75
25184,0.9,0.0,0.9,0.0,0.95,0.5,1.0,1.0,0.0,0.0,0.0,0.0
25185,0.1,0.05,0.05,0.02,0.8,0.9,0.8,0.5,0.6,0.3,0.2,0.5
25193,0.0,0.0,0.0,0.0,0.0,0.0,0.0,0.0,0.0,0.0,0.0,0.0
25207,0.0,0.0,0.0,0.0,0.0,0.0,0.1,0.2,0.0,0.0,0.0,0.0
25299,0.0,0.0,0.0,0.0,1.0,0.0,0.0,0.0,0.0,0.0,0.0,0.0
25313,0.0,0.0,0.2,0.0,0.1,0.05,0.07,0.07,0.0,0.0,0.0,0.0
25386,0.0,0.1,0.0,0.1,0.1,0.0,0.1,0.1,0.5,0.7,0.0,0.05
25390,0.0,0.5,0.25,0.75,0.0,0.0,0.1,0.0,0.1,0.05,0.1,0.1
25393,0.3,0.25,0.0,0.0,0.1,0.1,0.2,0.3,0.5,0.3,0.6,0.5
25418,0.2,0.1,0.0,0.0,0.0,0.0,0.1,0.0,0.0,0.0,0.0,0.0
25422,0.0,0.0,0.0,0.0,0.0,0.0,0.0,0.0,0.0,0.0,0.0,0.0
25440,0.0,0.75,0.9,0.0,0.0,0.0,0.1,0.2,0.1,0.0,0.5,0.0
25463,0.0,0.0,0.0,0.0,0.0,0.0,0.0,0.0,0.0,0.0,0.0,0.0
25507,0.0,0.0,0.0,0.0,0.0,0.0,0.0,0.0,0.0,0.0,0.0,0.0
25516,0.0,0.0,0.0,0.0,0.0,0.0,0.0,0.0,0.0,0.0,0.0,0.0
25547,0.5,0.4,0.65,0.1,0.1,0.4,0.1,0.5,0.0,0.0,0.0,0.0
25640,0.0,0.0,0.0,0.0,0.0,0.0,0.4,0.45,0.0,0.0,0.0,0.0
25708,0.0,0.0,0.0,0.0,0.0,0.0,0.0,0.0,0.0,0.0,0.0,0.0
25730,0.0,0.0,0.0,0.0,0.0,0.0,0.0,0.0,0.0,0.0,0.0,0.0
25756,0.0,0.0,0.0,0.0,0.05,0.05,0.05,0.05,0.05,0.1,0.05,0.0
25786,0.0,0.0,0.0,0.0,0.0,0.0,0.0,0.0,0.0,0.0,0.0,0.0
25905,0.0,0.0,0.0,0.0,0.0,0.0,0.0,0.0,0.0,0.0,0.0,0.0
25969,0.0,0.0,0.0,0.0,0.0,0.1,0.0,0.25,0.0,0.0,0.0,0.0
25972,0.1,0.1,0.1,0.1,0.5,0.0,0.0,0.5,0.25,0.0,0.0,0.0
26011,0.0,0.0,0.0,0.0,0.0,0.0,0.0,0.0,0.0,0.0,0.0,0.0
26044,0.65,0.9,0.8,0.0,0.5,0.75,0.5,0.75,0.5,0.5,0.75,1.0
26186,0.0,0.0,0.0,0.0,0.0,0.0,0.0,0.0,0.0,0.0,0.0,0.0
26205,0.0,0.0,0.0,0.0,0.0,0.0,0.0,0.0,0.0,0.0,0.0,0.0
26211,0.0,0.0,0.0,0.0,0.0,0.0,0.0,0.0,0.0,0.0,0.0,0.0
26233,0.0,0.0,0.0,0.0,0.0,0.0,0.0,0.0,0.0,0.0,0.0,0.0
26248,0.25,0.0,0.0,0.0,0.2,0.3,0.2,0.0,0.5,0.4,0.8,0.7
26293,0.01,0.01,0.01,0.01,0.01,0.01,0.01,0.01,0.01,0.01,0.01,0.01
26325,0.0,0.3,0.4,0.0,0.1,0.35,0.5,0.35,0.15,0.1,0.05,0.1
26331,0.0,0.0,0.0,0.0,0.3,0.3,0.3,0.3,0.2,0.25,0.3,0.5
26357,0.0,0.0,0.0,0.0,0.0,0.0,0.0,0.0,0.0,0.0,0.0,0.0
26372,0.0,0.8,0.8,0.9,0.8,0.6,0.9,0.2,0.0,0.0,0.0,0.0
26462,0.0,0.0,0.0,0.0,0.0,0.0,0.0,0.0,0.0,0.0,0.0,0.0
26526,0.0,0.0,0.0,0.0,0.0,0.0,0.0,0.0,0.0,0.0,0.0,0.0
26532,0.0,0.0,0.0,0.0,0.5,0.3,0.5,0.5,0.0,0.0,0.0,0.0
26601,0.2,0.1,0.2,0.1,0.1,0.1,0.1,0.1,0.05,0.05,0.05,0.05
26704,0.0,0.0,0.75,0.0,0.0,0.0,0.0,0.0,0.0,0.0,0.0,0.0
26720,0.0,0.0,0.0,0.0,0.75,0.5,0.75,0.85,0.0,0.0,0.0,0.0
26742,0.0,0.0,0.0,0.0,0.15,0.2,0.1,0.1,0.0,0.0,0.0,0.0
26871,0.0,0.0,0.0,0.0,0.5,0.0,0.0,0.0,0.0,0.2,0.0,0.0
26960,1.0,0.0,0.0,0.8,0.0,0.0,0.0,0.0,0.0,0.0,0.0,0.0
26981,0.5,0.9,0.0,0.9,0.75,0.75,0.85,0.4,0.0,0.0,0.0,0.0
27011,0.3,0.2,0.2,0.3,1.0,1.0,1.0,1.0,0.0,0.0,0.0,0.0
27040,0.0,0.0,0.0,0.0,0.0,0.0,0.0,0.0,0.0,0.0,0.0,0.0
27042,0.0,0.0,0.0,0.0,0.2,0.1,0.25,0.5,0.0,0.0,0.0,0.0
27061,0.0,0.0,0.0,0.0,0.0,0.0,0.0,0.0,0.0,0.0,0.0,0.0
27075,0.0,0.0,0.0,0.0,0.5,0.75,0.5,0.75,0.0,0.0,0.0,0.0
27111,0.0,0.0,0.0,0.0,0.0,0.0,0.0,0.0,0.0,0.0,0.0,0.0
27128,0.0,0.0,0.0,0.0,0.5,0.5,0.5,0.0,0.0,0.0,0.0,0.0
27151,0.0,0.0,0.0,0.0,0.0,0.0,0.0,0.0,0.0,0.0,0.0,0.0
27248,0.5,0.25,0.5,0.5,0.0,0.0,0.75,0.75,0.5,0.5,0.5,0.5
27264,0.5,0.0,0.33,0.5,0.75,0.8,0.33,0.0,0.0,0.0,0.0,0.0
27272,0.0,0.0,0.0,0.0,0.2,0.3,0.4,0.0,0.0,0.0,0.0,0.0
27301,0.1,0.0,0.0,0.0,0.1,0.1,0.0,0.0,0.0,0.0,0.0,0.0
27306,0.1,0.2,0.1,0.1,0.5,0.3,0.4,0.35,0.15,0.1,0.2,0.15
27311,0.0,0.0,0.0,0.0,0.0,0.0,0.0,0.0,0.0,0.0,0.0,0.0
27325,0.0,0.0,0.0,0.0,0.5,0.1,0.1,0.2,0.4,0.3,0.4,0.25
27335,0.05,0.05,0.05,0.05,0.05,0.05,0.05,0.05,0.05,0.05,0.05,0.05
27347,0.0,0.5,1.0,0.9,0.0,0.0,0.0,0.0,0.0,0.75,0.0,0.1
27385,0.0,0.0,0.0,0.0,0.0,0.0,0.0,0.0,0.0,0.0,0.0,0.0
27403,0.0,0.0,0.0,0.0,0.0,0.0,0.0,0.0,0.0,0.0,0.0,0.0
27404,0.5,0.5,0.0,0.5,0.5,0.5,0.0,0.0,0.5,0.0,0.0,0.0
27412,0.0,0.0,0.0,0.0,0.0,0.0,0.0,0.0,0.0,0.0,0.0,0.0
27490,0.0,0.0,0.0,0.0,0.0,0.0,0.0,0.0,0.0,0.0,0.0,0.0
27510,0.1,0.1,0.1,0.1,0.1,0.1,0.1,0.1,0.1,0.1,0.1,0.1
27521,0.0,0.0,0.0,0.5,0.0,0.0,0.0,0.0,0.0,0.0,0.0,0.0
27541,0.25,0.5,0.6,0.1,0.76,0.2,0.2,0.75,0.1,0.0,0.0,0.0
27553,0.0,0.0,0.0,0.0,0.1,0.1,0.1,0.1,0.0,0.0,0.0,0.0
27574,0.0,0.0,0.75,0.75,0.0,0.0,0.0,0.0,0.0,0.0,0.1,0.0
27578,0.1,0.0,0.15,0.25,0.5,0.25,0.7,0.75,0.5,0.5,0.5,0.5
27625,0.0,0.0,0.1,0.0,0.25,0.0,0.1,0.1,0.0,0.0,0.05,0.05
27695,0.0,0.5,0.7,0.0,0.6,0.8,0.9,0.1,0.2,0.2,0.0,0.8
27724,0.0,0.0,0.0,0.0,0.0,0.0,0.0,0.0,0.0,0.0,0.0,0.0
27760,0.0,0.0,0.0,0.0,0.5,0.1,0.1,0.1,0.0,0.0,0.0,0.0
27762,0.1,0.1,0.1,0.1,0.0,0.0,0.0,0.0,0.1,0.0,0.0,0.0
27771,0.0,0.0,0.0,0.0,0.0,0.0,0.0,0.0,0.0,0.0,0.0,0.0
27799,0.5,0.0,0.7,0.0,0.3,0.0,0.0,0.0,0.0,0.0,0.5,0.0
27854,0.0,0.0,0.0,0.0,0.0,0.0,0.0,0.0,0.0,0.0,0.0,0.0
27876,0.5,0.25,0.0,0.25,0.75,0.75,0.75,0.75,0.0,0.0,0.0,0.0
27920,0.0,0.0,0.0,0.0,0.0,0.0,0.0,0.0,0.0,0.0,0.0,0.0
27930,0.0,0.0,0.0,0.0,0.0,0.0,0.0,0.0,0.0,0.0,0.0,0.0
28011,0.0,0.0,0.0,0.0,0.0,0.0,0.0,0.0,0.0,0.0,0.0,0.0
28012,0.5,0.5,0.5,0.5,0.5,0.5,0.5,0.5,0.5,0.5,0.5,0.5
28073,0.0,0.0,0.0,0.0,0.0,0.0,0.0,0.0,0.0,0.0,0.0,0.0
28130,0.0,0.0,0.0,0.0,0.0,0.0,0.0,0.0,0.0,0.0,0.0,0.0
28159,0.1,0.0,0.1,0.0,0.1,0.1,0.1,0.0,0.0,0.0,0.0,0.0
28163,0.0,0.0,0.0,0.0,0.25,0.25,0.25,0.25,0.0,0.0,0.0,0.0
28253,0.0,0.0,0.0,0.0,0.0,0.0,0.0,0.0,0.0,0.0,0.0,0.0
28357,0.0,0.0,0.0,0.0,0.65,0.65,0.35,0.0,0.5,0.5,0.65,0.35
28391,0.25,0.1,0.2,0.2,0.2,0.1,0.1,0.0,0.3,0.1,0.05,0.2
28409,0.5,0.1,0.1,0.0,0.01,0.01,0.01,0.01,0.0,0.0,0.0,0.01
28424,0.2,0.0,0.0,0.33,0.33,0.5,0.5,0.0,0.0,0.4,0.0,0.0
28446,0.0,0.0,0.0,0.0,0.0,0.0,0.15,0.15,0.0,0.0,0.0,0.0
28453,0.0,0.0,0.0,0.0,0.0,0.0,0.0,0.0,0.0,0.0,0.0,0.0
