respid,age,totinc,retinc,hlth
87,60,56143.18556451503,10000.0,1
94,70,58401.7377968338,58401.7377968338,1
109,65,59792.77453683102,59792.77453683102,1
127,65,53011.09411364173,53011.09411364173,1
159,60,48687.052674890925,42220.12230321513,1
171,70,46962.39861689803,46962.39861689803,1
222,70,26944.901400077946,26944.901400077946,1
272,65,61213.02243939238,61213.02243939238,1
346,60,5699.991854154515,5699.991854154515,1
351,60,51046.27042361914,10721.994469291592,1
366,70,52400.048277002345,52400.048277002345,1
395,70,25100.0,25100.0,1
406,65,7926.091891240721,7926.091891240721,1
415,70,47775.0273466694,47775.0273466694,1
417,65,22099.5992160771,22099.5992160771,1
426,65,10000.0,10000.0,1
441,60,31400.313818046656,31400.313818046656,1
442,60,168982.0688,29368.020353991506,1
471,60,41002.34561954944,32911.47998937948,1
486,60,9999.894312600176,9999.894312600176,1
496,60,130015.43683593404,62696.63043868574,1
504,65,36175.27731513735,36175.27731513735,1
538,65,51765.972614570936,51765.972614570936,3
549,65,31332.259514378336,31332.259514378336,1
561,65,58905.94068011703,58905.94068011703,1
577,65,44986.85839397105,44986.85839397105,1
626,65,69401.70884406265,69401.70884406265,1
634,65,38815.1611529064,38815.1611529064,1
646,65,36734.788662016006,36734.788662016006,2
652,65,119285.9251,67442.88005196104,1
674,70,41948.415006358,41948.415006358,1
687,65,68234.31331413501,68234.31331413501,1
697,70,43594.23052191728,43594.23052191728,1
712,65,11161.472172787579,11161.472172787579,1
731,70,52989.26009566007,52989.26009566007,1
738,65,60809.78904576364,60809.78904576364,1
751,70,59514.58315609537,59514.58315609537,1
793,70,41131.29983712372,41131.29983712372,1
795,60,87558.90584369941,62577.15469881291,1
817,60,56251.356561078705,56251.356561078705,1
833,65,18500.0,18500.0,1
864,60,78513.19920250273,56510.319642743925,1
881,70,26816.032107282837,26816.032107282837,1
897,70,34620.947692599475,34620.947692599475,1
919,70,44063.38852362752,44063.38852362752,1
940,60,42011.97412416943,47235.69229170755,1
941,70,51303.3377916807,51303.3377916807,1
944,65,78300.41316091675,78300.41316091675,1
950,65,66868.64949880991,66868.64949880991,1
974,65,54490.169842156654,54490.169842156654,1
983,70,27013.373638573394,27013.373638573394,2
985,70,18213.39072908342,18213.39072908342,1
990,70,35061.79331455374,35061.79331455374,1
999,70,52215.77868063467,52215.77868063467,1
1006,60,62821.279628295444,30778.26956755506,1
1011,65,59255.49156482233,13599.752166468743,1
1014,65,41846.969854515766,41846.969854515766,1
1019,70,45809.12668760398,45809.12668760398,1
1031,60,53174.37508206481,57565.61708232214,1
1033,65,103817.92962971255,69314.0307985474,1
1035,60,61953.33322353437,63656.64647983108,1
1041,65,56906.902401738225,56906.902401738225,1
1047,60,50605.52535097488,25215.026840142003,1
1048,70,22000.0,22000.0,1
1066,70,36946.49482412075,37863.82458209478,1
1068,60,127691.61728487324,43615.10255398353,1
1078,70,25769.315119408428,25769.315119408428,3
1105,60,43480.12766342238,44502.66538228287,1
1111,60,48326.36678498866,26431.27708993413,1
1112,60,59763.69939452643,48687.052674890925,1
1114,65,73550.86403792353,73550.86403792353,1
1119,65,60368.18216399616,60368.18216399616,1
1145,70,74183.05143223007,76954.14315256671,1
1149,65,73226.94067101639,73226.94067101639,1
1169,60,66930.32370818911,66930.32370818911,1
1179,60,4027.7225732976685,4566.786705175066,1
1188,65,55629.6962199801,55629.6962199801,1
1200,65,5000.0,5000.0,1
1209,60,42268.361176116254,42268.361176116254,1
1211,70,44369.95471187443,44369.95471187443,1
1212,65,41534.93112014879,26812.505236447927,1
1227,70,39939.002413559305,39939.002413559305,1
1238,60,49516.96519306905,49516.96519306905,1
1248,70,19000.0,19000.0,1
1257,65,46679.59461599871,46679.59461599871,1
1265,70,93019.88988656193,73149.95856381535,1
1268,65,74486.39190336934,72145.46011629642,1
1281,60,24193.434437440384,27135.275457262724,1
1290,60,121948.91100107018,35765.54025370703,1
1303,70,11020.639542958124,11020.639542958124,1
1316,60,15172.0,15172.0,1
1320,60,61356.325600091965,23032.148508053568,1
1323,70,45792.53995269295,45792.53995269295,1
1324,60,61059.109048982,61059.109048982,1
1332,65,45292.61621591375,26730.6486568161,1
1355,70,35748.82540232129,35748.82540232129,1
1364,60,42903.06095662741,16800.0,1
1370,70,49071.29665477621,49071.29665477621,1
1374,70,79677.68557466782,79677.68557466782,1
1389,70,59066.18158606467,59066.18158606467,1
1404,70,38523.751259380006,38523.751259380006,1
1412,60,38974.47643100082,38974.47643100082,1
1421,65,38296.25047641094,38296.25047641094,2
1423,60,95470.5639613862,95470.5639613862,1
1439,65,72294.1035620383,42903.06095662741,1
1449,65,59110.88296346518,31465.56234264933,1
1472,65,63556.38112785735,63556.38112785735,1
1477,65,61611.93363125694,61611.93363125694,1
1506,60,44242.19140962381,44242.19140962381,1
1540,65,20500.0,20500.0,1
1591,70,51513.28747142038,51513.28747142038,1
1592,60,71719.13661734523,25065.068740908857,1
1660,60,78300.41316091675,78300.41316091675,1
1685,65,12539.804213747046,12539.804213747046,1
1719,60,74567.4583663478,80415.23470400447,1
1761,60,98517.51428351946,57334.35954414527,1
1771,65,37774.67092244315,37774.67092244315,1
1788,60,39501.851968265284,27625.589812549213,1
1799,65,52194.95543248971,52194.95543248971,1
1805,60,52878.71803835995,33916.97128824559,1
1842,60,62053.27208793779,34836.8442459729,1
1852,65,73180.09126679179,42495.66694094945,1
1869,60,55520.92563126581,49232.3678643914,1
1884,60,13700.0,10800.0,1
1892,60,39501.851968265284,39501.851968265284,1
1914,65,24697.276856728688,24697.276856728688,1
1929,70,48674.59568417364,56586.46844477983,1
1931,65,66561.06905471832,66561.06905471832,1
1955,60,287572.1138710779,326967.4470955916,1
1967,65,75423.32749032255,75423.32749032255,1
1978,60,98669.5821196686,98669.5821196686,1
2039,65,74194.53584175611,74194.53584175611,1
2048,70,81133.94740249541,81133.94740249541,1
2049,60,42268.361176116254,42268.361176116254,1
2061,70,48714.357905830395,48714.357905830395,1
2086,70,14122.813979402872,14122.813979402872,1
2089,60,108693.27054603136,37101.339622319465,1
2136,70,33478.35261858848,33478.35261858848,1
2137,60,13212.181603273177,13212.181603273177,1
2142,60,44369.95471187443,44369.95471187443,1
2231,70,73018.83610259635,73018.83610259635,1
2306,70,23500.0,23500.0,1
2334,60,59569.218966827604,51074.29373076542,1
2362,60,51200.215076477165,44811.0837333566,1
2365,65,12964.990291477852,12964.990291477852,2
2367,60,82834.05874218489,54398.87893051228,1
2371,65,45141.20855733877,45141.20855733877,1
2392,65,18400.0,18400.0,1
2398,65,4655.850120110282,4655.850120110282,1
2436,65,18993.32726329597,18993.32726329597,1
2442,70,31675.278836510857,31675.278836510857,1
2447,65,7989.421982425176,7989.421982425176,1
2454,65,44484.80538730012,44484.80538730012,1
2457,65,47067.28483216398,47067.28483216398,1
2465,65,34956.90830149514,34956.90830149514,1
2479,70,19500.0,19500.0,1
2487,60,44242.19140962381,31084.767590708507,1
2500,65,62897.35099015809,22200.0,1
2502,60,82463.00878926834,44900.69598084451,1
2528,65,38676.78047283134,38676.78047283134,1
2549,65,38832.25772802219,38832.25772802219,1
2596,70,46833.45416517001,34512.57578517792,1
2598,65,48629.628066893834,48629.628066893834,2
2611,60,5750.0,5750.0,1
2623,70,74903.8129391221,74903.8129391221,1
2636,60,52878.71803835995,52878.71803835995,1
2659,70,12706.613708319717,12706.613708319717,1
2676,60,95169.35319352229,95169.35319352229,1
2685,70,52215.77868063467,52215.77868063467,1
2686,60,11298.728219390277,12665.052593008299,1
2709,65,38953.1943273137,38953.1943273137,1
2726,65,13600.0,13600.0,2
2728,70,80746.01719530406,66778.25450563226,2
2745,65,56449.693420332966,56449.693420332966,1
2758,60,34172.97493947755,34172.97493947755,1
2768,65,37402.97911848251,21128.83970101733,1
2783,70,40179.855141930115,40179.855141930115,1
2804,65,31608.07393056135,31608.07393056135,1
2829,65,8348.940945217686,8348.940945217686,1
2866,65,54190.47993681115,28108.65694783882,1
2868,70,15823.577856638478,15823.577856638478,1
2869,70,27635.997969322605,27635.997969322605,1
2870,65,30005.048411213495,21200.0,1
2874,70,14219.835747257346,14219.835747257346,1
2877,65,8399.93967169582,8399.93967169582,1
2894,70,35277.379840407346,35277.379840407346,1
2923,70,32294.8143154184,32294.8143154184,1
2958,60,59519.95940317133,11000.0,1
3014,65,7199.966699129868,7199.966699129868,1
3018,60,39501.851968265284,39501.851968265284,1
3050,60,45942.404305714525,45942.404305714525,1
3069,65,35139.14395563392,33183.39268742105,1
3076,65,15003.409947524957,15003.409947524957,1
3098,65,36993.83638471503,36993.83638471503,1
3103,60,60164.081228599374,60164.081228599374,1
3104,65,35398.113266802495,35398.113266802495,1
3105,65,13364.188240273923,13364.188240273923,1
3127,70,21000.0,21000.0,1
3136,60,31376.59529735736,31376.59529735736,1
3140,60,36067.39994236137,29368.020353991506,1
3144,70,45033.98230970516,45033.98230970516,1
3145,65,26993.088781446804,26993.088781446804,1
3153,65,75474.07814847911,35981.5214745303,1
3160,70,22423.282109200256,22423.282109200256,2
3197,65,86030.18210971112,13006.298156354274,1
3198,65,49465.15393065548,51483.750161986994,1
3201,65,48530.79098995308,53788.6147002729,1
3202,65,16253.135101486714,12095.137651634514,1
3214,70,40140.12704849184,40140.12704849184,1
3235,60,19000.0,19000.0,1
3237,70,52138.38365192324,56529.58918495002,1
3242,65,93725.83807862463,98332.64944309667,1
3254,70,10812.01298309196,10812.01298309196,1
3271,65,13300.0,13300.0,1
3274,60,56914.28172248248,56914.28172248248,1
3319,65,13000.0,13000.0,1
3326,70,25055.92051167339,25055.92051167339,2
3330,70,19042.21421179207,19042.21421179207,1
3338,70,29221.861399931997,29221.861399931997,1
3340,70,58664.569230107205,58664.569230107205,1
3343,60,74334.63654351307,61476.98176629871,1
3362,65,76668.90133032916,76668.90133032916,1
3365,70,23599.64582304501,23599.64582304501,1
3381,60,105682.62724546157,79127.95267382673,1
3390,70,11678.903166096545,13000.0,1
3398,70,137320.78707057945,45215.63630507506,1
3405,70,8398.852827102797,9299.915623944771,2
3406,60,33038.137906940174,33038.137906940174,1
3434,65,19200.0,19200.0,1
3435,70,43656.86534203148,43656.86534203148,1
3442,65,22744.66380382442,22744.66380382442,1
3446,60,38119.78269585346,19600.0,1
3452,70,57543.347406544795,57543.347406544795,1
3457,60,89625.29138721268,42903.06095662741,1
3474,60,52878.71803835995,52878.71803835995,1
3488,65,74749.78853286788,34428.90098668137,1
3491,60,99877.56519735568,59235.6609348842,1
3501,70,71445.31889984224,30954.536493465104,1
3505,65,63922.920341619734,63922.920341619734,1
3522,65,68449.69395326765,68449.69395326765,1
3531,70,45491.177022150405,45491.177022150405,1
3532,60,92334.23590538793,92334.23590538793,1
3541,60,34728.17490443115,34728.17490443115,1
3550,65,52345.90790614946,52345.90790614946,1
3557,70,31463.533797516495,31463.533797516495,1
3564,65,21930.225400590567,21930.225400590567,1
3572,65,24498.652120959916,24498.652120959916,1
3586,70,16000.0,16000.0,1
3587,60,63489.07790297244,27220.29325636606,1
3601,60,44896.157427178216,44896.157427178216,1
3631,65,35598.56398694341,35598.56398694341,1
3633,60,59188.41277409094,59188.41277409094,1
3642,65,34348.87023724747,34348.87023724747,1
3656,60,37408.45714164665,17636.680077263158,1
3663,60,42903.06095662741,28428.70853371057,1
3680,65,45552.32247913801,45552.32247913801,1
3692,65,57169.26184648156,42552.979712223416,1
3695,65,54973.48659632192,54973.48659632192,1
3698,70,18353.0,18353.0,1
3699,60,32964.254011260295,32964.254011260295,1
3715,65,49277.92096770475,49277.92096770475,1
3721,60,69900.75846151738,52426.66677998439,1
3729,65,8599.934570532118,8599.934570532118,1
3750,70,37701.29231082449,37701.29231082449,1
3751,70,13445.0,13445.0,1
3771,60,37109.33167199152,37109.33167199152,1
3777,65,47095.62290738157,47095.62290738157,1
3785,65,41539.425878466565,41539.425878466565,2
3795,70,50353.703990820126,50353.703990820126,2
3802,65,38118.43399157501,34749.257020058896,1
3807,65,82782.72912515313,82091.70023740968,1
3822,60,55334.09256925851,55334.09256925851,1
3826,70,15000.0,15000.0,1
3899,65,85437.02962932069,85437.02962932069,1
3908,70,58407.11579385081,58407.11579385081,1
3910,70,4599.21943311307,4599.21943311307,1
3914,60,57555.60057877838,57555.60057877838,1
3924,60,7088.894869746408,7088.894869746408,1
3926,65,48692.63965712004,48692.63965712004,1
3930,65,55921.46076462288,55921.46076462288,1
3931,60,46794.99753194096,46794.99753194096,1
3935,65,55823.3057440714,55823.3057440714,1
3944,70,29000.463452617438,27688.45080807519,1
3961,60,66560.53024700162,66560.53024700162,1
3975,60,72560.2015500643,72560.2015500643,1
3983,70,44991.03087398312,44991.03087398312,1
3996,60,29221.861399931997,29221.861399931997,1
4003,70,28381.04599277029,28381.04599277029,1
4035,65,19000.0,19000.0,1
4036,60,67216.1204047163,67216.1204047163,1
4060,65,48614.34769196695,26000.0,1
4074,70,24615.403266107314,24615.403266107314,1
4078,70,46508.83152601785,46508.83152601785,1
4085,60,47144.630882408885,47144.630882408885,1
4096,70,62935.998646469285,62935.998646469285,1
4111,60,79671.43694290187,37118.67114997839,1
4113,70,53903.64074113894,53903.64074113894,1
4132,60,66649.27491932329,66649.27491932329,2
4134,65,7305.591266185948,7305.591266185948,1
4139,70,26480.870711090312,16668.20303333124,1
4177,70,85288.25689604637,85288.25689604637,1
4182,70,44610.78797133205,44610.78797133205,1
4191,65,121191.45016235654,37541.26929825699,1
4205,70,41151.77545647784,41151.77545647784,1
4210,65,93913.37086947315,93913.37086947315,1
4212,65,25500.0,25500.0,1
4221,70,35290.15716690299,35290.15716690299,1
4231,60,43418.99844430877,42718.193175052154,1
4232,65,36078.37412899696,36078.37412899696,1
4249,60,159608.3848468145,22000.0,1
4252,65,6744.131393808524,7199.966726921916,1
4264,60,35699.11645935683,35699.11645935683,1
4270,70,30508.03117103283,30508.03117103283,1
4272,70,37416.80910499229,37416.80910499229,1
4273,65,17410.680514745196,21000.0,1
4279,65,26451.711455172135,27927.9424001126,1
4292,65,42045.91240571641,42045.91240571641,1
4309,60,41372.0205685591,41372.0205685591,1
4334,65,76424.0484654567,50688.59650532254,1
4352,65,67571.55355644305,67571.55355644305,1
4369,60,34506.75342106928,34506.75342106928,1
4389,60,125769.32077188372,125769.32077188372,1
4392,60,79793.52017100686,50553.34598901422,1
4394,70,20541.0,20541.0,3
4412,70,69259.55565477932,69259.55565477932,1
4503,60,29639.650869746154,11008.084053723353,1
4537,60,28689.447762282474,28689.447762282474,1
4542,65,66117.81539427188,35588.614011181344,1
4547,70,28354.438807557584,28354.438807557584,1
4551,70,59354.2376113769,59354.2376113769,1
4585,60,17368.951355858997,17368.951355858997,1
4587,60,5650.0,5650.0,1
4589,65,50112.94446699685,50112.94446699685,1
4620,65,32448.36201166783,24228.64445023286,1
4622,65,273752.5950845743,273752.5950845743,1
4654,65,104396.89832593022,104396.89832593022,1
4670,70,16200.0,16200.0,1
4673,60,49516.96519306905,49516.96519306905,1
4697,65,61344.63313254305,61344.63313254305,1
4701,60,79851.2361845554,47658.218644209606,1
4722,65,18700.0,18700.0,2
4727,65,121766.12260117476,21172.008798852297,1
4736,65,20600.0,20600.0,1
4738,60,17837.655787157237,17837.655787157237,1
4746,60,152127.4412731652,152127.4412731652,1
4775,70,22712.617620882684,22712.617620882684,1
4815,70,50619.09370079831,50619.09370079831,1
4816,70,13100.0,13099.775395391636,1
4826,60,42268.361176116254,42268.361176116254,1
4868,70,97447.30053406347,97447.30053406347,1
4893,65,16300.0,16300.0,2
4901,65,46406.51970778532,46406.51970778532,1
4904,70,77901.6001548782,77901.6001548782,1
4919,70,56669.958304098494,56669.958304098494,1
4922,60,56439.824787511425,61805.467623235694,1
4932,60,176219.47631418772,29787.51710097575,1
4936,65,73941.61336432346,53754.54229847139,1
4943,65,45833.43637776124,45832.14703924968,1
4945,70,49499.1766234105,49499.1766234105,1
4957,65,26980.73288045652,26980.73288045652,1
4968,60,194780.55642818386,194780.55642818386,1
4970,60,75824.19477287719,75824.19477287719,1
4984,65,63655.5742782749,63655.5742782749,1
4991,65,15588.027503213641,15588.027503213641,1
4995,65,38878.70494993113,38878.70494993113,1
4998,70,4927.32267176005,4927.32267176005,1
5000,60,77018.93210272187,33206.73498768149,1
5015,65,31608.07393056135,31608.07393056135,1
5041,65,43937.60127923841,43937.60127923841,1
5104,65,156704.44476260207,156704.44476260207,1
5105,65,47463.14523938018,47463.14523938018,1
5110,70,51924.00083758674,51924.00083758674,1
5130,60,8999.923984879018,8999.923984879018,1
5141,65,86272.62081675802,86272.62081675802,1
5155,70,78644.73354284053,78644.73354284053,1
5156,65,66140.08078735541,31758.40259297419,1
5164,60,59255.49156482233,59255.49156482233,1
5231,60,22619.160134846912,22619.160134846912,1
5236,60,54364.46477643837,8643.082426353967,1
5262,65,39360.39474536586,39360.39474536586,1
5267,65,47686.805580754524,47686.805580754524,1
5281,65,49516.96519306905,49516.96519306905,1
5291,65,54060.15075598599,54060.15075598599,1
5317,60,286014.2485290655,93127.98156445663,1
5321,65,8970.0,8970.0,1
5322,60,13000.0,12500.0,1
5344,60,22771.69053748747,22771.69053748747,1
5351,70,62345.30282614681,62345.30282614681,1
5353,65,41317.72828007787,41317.72828007787,1
5354,70,36009.68560471719,36009.68560471719,1
5356,70,49202.30356566539,49202.30356566539,1
5366,70,88206.43549486471,58918.5051331068,1
5372,60,59235.6609348842,39104.96698519979,1
5392,70,40380.64554227067,40380.64554227067,1
5404,70,51679.279261057614,44034.61388536504,1
5407,60,122209.97608204953,104976.29045172369,1
5430,60,39231.20052589681,43729.27719923566,1
5433,60,13413.28386569662,13413.28386569662,1
5438,70,38606.43028464349,38606.43028464349,1
5454,70,15000.0,15000.0,1
5479,70,15000.0,15000.0,1
5495,65,45215.63630507506,45215.63630507506,1
5503,65,10999.860061103047,10999.860061103047,1
5513,65,14800.0,14800.0,1
5526,70,14052.937701476532,14052.937701476532,1
5529,60,35981.5214745303,35981.5214745303,3
5541,65,35448.735936943,35448.735936943,1
5557,70,32705.685853107825,32705.685853107825,1
5564,60,83747.60390303233,52862.59648270523,1
5568,60,61317.85174530359,61317.85174530359,1
5572,70,87629.74509372169,87629.74509372169,1
5610,60,72597.15475152293,54190.47993681115,1
5612,60,42268.361176116254,42268.361176116254,1
5631,70,59451.83742570127,59451.83742570127,1
5663,65,102478.7446461149,102478.7446461149,2
5676,65,92322.01866518396,92322.01866518396,1
5693,70,68097.72918590996,68097.72918590996,1
5703,65,41545.21630116518,41545.21630116518,2
5707,60,58963.8727051725,54574.389379986475,1
5743,65,102085.91992541087,102085.91992541087,1
5772,65,80191.63166316233,19906.325127198626,1
5795,65,49742.495247034625,49742.495247034625,1
5797,65,29186.72812098554,29186.72812098554,1
5857,65,59970.64086013614,59970.64086013614,1
5885,60,52873.9643514549,52873.9643514549,1
5933,60,20350.0,20350.0,1
5941,70,39305.17615367691,39305.17615367691,1
5943,65,45997.13633054621,45997.13633054621,1
5949,70,52745.06913591213,52745.06913591213,1
5951,60,28428.70853371057,28428.70853371057,1
5956,70,29107.202994800195,29107.202994800195,1
5961,65,18005.0,18005.0,2
5968,60,33620.56683249901,21261.633653271245,1
6001,70,37217.12416998501,37217.12416998501,1
6010,70,90851.7862188538,90851.7862188538,1
6012,60,6479.0777621254965,6479.0777621254965,1
6028,60,13600.0,13600.0,1
6029,60,108990.3305257902,108990.3305257902,1
6041,60,22798.511139832837,24856.041855344833,1
6049,60,47015.16576789984,47015.16576789984,1
6060,65,34067.676929379035,34067.676929379035,1
6073,70,15582.5854967748,15582.5854967748,1
6089,70,46074.461804694765,46074.461804694765,1
6126,60,35251.39245070114,25531.61831491851,1
6143,60,88298.15677208312,80007.13472859644,1
6145,70,38200.14983733033,38200.14983733033,1
6146,65,35093.769174532245,35093.769174532245,1
6159,70,41897.53885761569,17000.0,1
6178,65,7121.0,7121.0,1
6196,70,22500.0,22500.0,1
6201,65,38178.03613802567,38178.03613802567,1
6217,60,130674.33541665711,130674.33541665711,1
6234,65,11965.32811163983,12734.380815261346,1
6245,60,21102.86735784139,21102.86735784139,1
6249,65,94547.52982638573,37415.71659710646,1
6261,70,71264.70342612511,71264.70342612511,1
6272,60,27691.715892371925,23725.214025793815,1
6277,70,20000.0,20000.0,1
6288,65,81133.94740249541,38815.1611529064,1
6310,65,28428.70853371057,28428.70853371057,1
6318,60,13717.836996968612,15458.412988212784,1
6321,65,21200.0,21200.0,1
6323,60,49776.6141243455,49776.6141243455,1
6330,60,47201.43715568961,38835.50397772283,2
6335,70,50665.18268629399,42164.956802801054,1
6345,65,22352.64670045644,22352.64670045644,1
6348,65,155825.2788933772,84951.23178864754,1
6349,65,73126.97853786308,74822.68710735305,1
6357,70,59528.83516068052,59528.83516068052,1
6361,60,32294.8143154184,32294.8143154184,1
6374,65,53979.87609056333,32620.67203820627,1
6377,65,146587.5221125867,146587.5221125867,1
6386,65,8124.435348919099,8399.994063876324,1
6395,60,39834.45895451598,26000.0,1
6406,70,65577.64086557513,65577.64086557513,1
6410,70,57443.52342928126,57443.52342928126,1
6430,60,58990.68133967672,58990.68133967672,1
6457,65,43987.70430034909,43987.70430034909,1
6465,65,12000.0,12000.0,1
6474,65,61494.76218187854,61494.76218187854,1
6479,60,30827.897533332853,12780.242805737746,1
6482,70,40179.855141930115,40179.855141930115,1
6492,65,64342.41309840754,64342.41309840754,1
6502,70,88961.18634901363,90241.3396932889,1
6511,65,38626.35068581142,38626.35068581142,1
6524,60,63012.32516135934,63012.32516135934,1
6530,60,31410.17193540978,31410.17193540978,1
6536,65,45996.09174912594,45996.09174912594,1
6570,70,66272.59985548333,17000.0,1
6578,70,71939.07620601078,71939.07620601078,1
6587,60,12801.317744800732,15600.0,1
6611,65,56804.264409619995,56804.264409619995,1
6623,60,38556.40288795457,22000.0,1
6629,70,13499.756346242351,13499.756346242351,1
6631,65,44781.331323622115,44781.331323622115,1
6638,70,50099.92361091812,50099.92361091812,1
6656,60,45541.48195879751,45541.48195879751,1
6673,65,14300.0,14300.0,1
6678,70,36740.6878160148,36740.6878160148,1
6697,65,79443.5911142172,79443.5911142172,1
6712,60,20290.0,18600.0,1
6713,65,62160.66093963893,63744.65354205925,1
6716,65,53813.8545738319,54066.47681917313,3
6717,60,92168.05725253039,22084.48994736566,1
6729,65,45149.097296199805,45149.097296199805,1
6740,60,45377.355835044924,34393.03608578472,1
6747,65,55179.46963650275,55179.46963650275,1
6759,70,42237.87443547487,42237.87443547487,2
6765,65,62864.15650812045,62864.15650812045,1
6801,65,26812.505236447927,26812.505236447927,1
6810,65,36505.58123659493,37767.70628417831,2
6823,65,138217.9941792464,138217.9941792464,1
6845,65,34392.131306278876,35842.64426536459,1
6852,65,37203.67213422637,37203.67213422637,1
6854,65,14700.0,14700.0,2
6871,60,28588.983723239322,28588.983723239322,1
6873,60,69401.70884406265,69401.70884406265,1
6878,70,34512.57578517792,26730.6486568161,1
6892,65,28400.0,28400.0,1
6900,65,36702.962856665414,36702.962856665414,2
6906,65,33082.388785572875,33161.10487297899,1
6967,65,27677.03329864691,29806.760521511496,1
6983,65,62721.04166675246,62721.04166675246,1
6987,60,92755.28970601295,92755.28970601295,2
6993,65,30931.71789623058,30931.71789623058,1
7002,65,47934.42648752042,47934.42648752042,1
7029,60,57173.493512106645,57173.493512106645,1
7036,65,67140.13344559127,67140.13344559127,1
7057,60,16500.0,16500.0,1
7063,60,42222.62096132337,42222.62096132337,1
7069,60,117720.82677235587,127306.83532289928,1
7078,65,44236.13116567285,44236.13116567285,1
7087,70,16680.0,16680.0,1
7094,70,27861.97299609357,27861.97299609357,1
7143,65,58744.40508689638,29073.0166217817,1
7147,60,104640.27804231629,104640.27804231629,1
7175,70,44242.19140962381,44242.19140962381,1
7179,60,70543.05162511709,73135.40886229317,1
7180,60,62248.7246241358,62248.7246241358,1
7185,65,53606.803319382096,35765.54025370703,1
7192,70,61598.630254527496,61598.630254527496,1
7201,65,37979.664487439586,37979.664487439586,1
7210,65,22582.12531143002,24246.643567280073,1
7246,65,54861.969499054176,54861.969499054176,1
7287,65,21538.97147683241,21538.97147683241,1
7291,70,44673.15897774504,44673.15897774504,1
7312,60,24414.09125726319,24414.09125726319,1
7332,70,54359.02320829484,54359.02320829484,1
7344,65,60318.7500808271,60318.7500808271,1
7345,70,10000.0,10000.0,1
7363,70,50740.74836169315,50740.74836169315,1
7387,65,54726.30869643695,28428.70853371057,1
7390,60,5774.27660084913,5774.27660084913,1
7391,60,82927.08645148661,85474.42716648319,1
7392,60,37536.756013257254,28272.32327513147,1
7393,70,18186.534448385355,18186.534448385355,2
7396,60,199974.60509999996,81133.94740249541,1
7409,60,60116.124118862426,60116.124118862426,1
7429,70,103302.62072601395,111595.66423759994,1
7441,60,23500.0,23500.0,1
7449,65,56745.301663268394,56745.301663268394,1
7468,65,30022.613611871555,30022.613611871555,1
7474,70,55756.30780810238,55756.30780810238,2
7488,60,15000.0,15000.0,1
7491,65,8199.94460240485,8199.94460240485,1
7496,60,131736.3149023477,71442.5801157237,1
7529,65,49371.287168762916,49371.287168762916,1
7532,65,43802.16018403673,11599.984020182406,1
7536,60,58804.08898768733,58804.08898768733,1
7538,70,72560.2015500643,72560.2015500643,1
7540,65,59875.016748591726,59875.016748591726,1
7545,65,12999.779219897926,12999.779219897926,1
7558,60,42280.769217468995,42280.769217468995,1
7567,60,36492.18104202546,40102.34975211237,1
7589,60,106603.78593581563,57157.73647855678,1
7595,60,40937.09270632932,40937.09270632932,1
7607,60,71842.9794587395,71842.9794587395,1
7621,65,38962.6356698793,38962.6356698793,1
7688,60,42085.6629807581,20000.0,1
7698,70,26865.303037026268,26865.303037026268,1
7699,65,37133.67117733461,37133.67117733461,1
7730,65,15846.534598806478,15846.534598806478,1
7766,70,78513.19920250273,78513.19920250273,1
7790,70,40410.47212365918,40410.47212365918,1
7791,60,43374.274690819715,43374.274690819715,1
7815,70,16201.783195726523,16201.783195726523,1
7836,60,51729.054946467455,55213.20924429345,1
7852,65,10405.28388468443,10405.28388468443,1
7854,70,24800.0,24800.0,1
7860,70,30374.34454333335,30374.34454333335,1
7863,65,19000.0,19000.0,1
7870,65,44198.81163173344,44198.81163173344,1
7873,70,86649.39670431499,86649.39670431499,1
7907,60,45539.09122011647,13599.751643670232,1
7908,60,9600.0,9600.0,1
7911,65,92162.14614585045,92162.14614585045,1
7966,65,49002.208396755115,49002.208396755115,1
7979,70,42953.1254219047,42953.1254219047,1
7987,65,91297.01225885123,91297.01225885123,1
7999,70,107200.43763571035,50530.74746929127,1
8003,60,33225.68608096635,33225.68608096635,1
8006,70,8199.94460240485,8199.94460240485,1
8008,65,76546.0105021903,27271.385336216103,2
8009,60,56210.23896347899,49516.96519306905,1
8033,60,36067.39994236137,36067.39994236137,1
8039,70,64937.06490057591,59825.043988610836,1
8049,65,19400.0,19400.0,1
8051,70,101348.70852117985,101348.70852117985,1
8053,65,39501.851968265284,22855.094009353495,1
8072,60,52533.45604601807,52533.45604601807,1
8077,65,103676.80509999998,103676.80509999998,1
8099,70,35908.500840760826,35908.500840760826,1
8111,70,29368.020353991506,29368.020353991506,1
8122,60,54342.51323374475,54342.51323374475,1
8126,60,28428.70853371057,28428.70853371057,1
8127,65,10967.013055887739,10967.013055887739,1
8144,70,47151.83990256245,47151.83990256245,1
8170,60,94624.09795506037,97565.52192314685,1
8174,65,8935.992680921723,8935.925773428591,1
8181,70,17000.0,17000.0,1
8196,65,85441.06135138332,85441.06135138332,1
8204,60,63520.45546187008,63520.45546187008,1
8206,60,28428.70853371057,28428.70853371057,1
8224,70,92771.45088610289,92771.45088610289,1
8226,65,40323.735828163204,40323.735828163204,1
8231,60,58887.39336002494,35212.43786848437,1
8232,70,5000.0,5000.0,1
8234,70,63410.86820570668,63410.86820570668,1
8249,70,19757.745410278392,19757.745410278392,1
8258,70,63012.32516135934,63012.32516135934,1
8263,60,69961.59783329972,28566.240682329983,1
8264,70,56951.33684575112,56951.33684575112,1
8270,70,42577.190980187,42577.190980187,1
8282,65,7499.960602005393,7499.960602005393,1
8287,65,5717.972271839485,5717.972271839485,1
8289,60,78300.41316091675,25846.048213480717,1
8290,70,49855.02348447984,49855.02348447984,1
8304,70,54051.54839428924,54051.54839428924,1
8305,60,45552.32247913801,45552.32247913801,1
8310,70,19127.724689193186,19127.724689193186,1
8318,65,16956.730209626498,16956.730209626498,1
8319,60,23945.48987131524,27736.966197742804,1
8322,60,29770.978421699212,29770.978421699212,1
8325,70,54583.09364888647,54583.09364888647,1
8326,65,46579.54777864219,46579.54777864219,1
8333,65,63355.58109227667,63355.58109227667,1
8338,70,31511.529199167264,31511.529199167264,1
8377,65,4706.216650018602,5000.0,1
8390,70,34749.94233356166,34749.94233356166,1
8393,60,60809.78904576364,29221.861399931997,1
8401,65,67099.80837078717,67099.80837078717,1
8416,70,17000.0,17000.0,1
8417,60,42640.67591009039,31070.243848989616,1
8418,60,285677.6756457857,285677.6756457857,1
8420,65,82239.8214534125,83847.12220289915,1
8424,60,92334.23590538793,40414.64826927018,1
8430,60,42894.11185146255,42894.11185146255,1
8434,65,57531.731228452154,57531.731228452154,1
8439,60,22267.81238957779,22267.81238957779,1
8440,70,56780.4693237716,56780.4693237716,1
8460,65,44369.95471187443,44369.95471187443,1
8461,60,5999.987611063297,5999.987611063297,1
8467,60,90999.31791500277,90999.31791500277,1
8474,60,39501.851968265284,18000.0,1
8475,65,32294.8143154184,23599.64582304501,1
8486,65,77004.04886674442,77004.04886674442,1
8503,60,131244.08011981036,131244.08011981036,1
8504,70,70099.5896902976,70099.5896902976,1
8505,65,40587.057602251625,40587.057602251625,1
8510,70,26783.86066619848,26783.86066619848,1
8513,65,7404.374161723568,7404.374161723568,1
8529,60,59072.98922059271,59072.98922059271,1
8532,60,83518.41695006896,75300.0211856093,1
8538,70,54190.47993681115,54190.47993681115,1
8556,70,28680.062569672515,28680.062569672515,1
8561,70,84060.8894108867,84060.8894108867,1
8574,65,8699.931956029764,8699.931956029764,1
8576,65,113647.19923256578,113647.19923256578,1
8612,70,18300.0,18300.0,1
8614,65,35491.30678334057,35491.30678334057,1
8623,70,54058.733249821285,54058.733249821285,1
8637,60,48692.63965712004,48692.63965712004,1
8648,70,37789.321513126095,37789.321513126095,1
8649,65,93019.88988656193,25663.042949399613,1
8669,60,33771.495643522016,33771.495643522016,1
8698,60,83937.93209174355,83937.93209174355,1
8718,60,29852.627941987368,29852.627941987368,1
8719,70,80291.09787952375,80291.09787952375,1
8721,60,54130.915515589586,54130.915515589586,1
8734,65,210340.6391710613,210340.6391710613,1
8749,60,41534.93112014879,41534.93112014879,1
8765,70,111270.13851751677,111270.13851751677,1
8767,70,72597.15475152293,72597.15475152293,1
8781,60,40459.70188398721,40459.70188398721,1
8783,60,54704.023185735074,32616.234278776006,1
8786,65,35765.39496956026,35765.39496956026,1
8790,70,52878.71803835995,52878.71803835995,2
8810,60,87071.36208703702,87071.36208703702,1
8818,70,52443.395165946065,52443.395165946065,1
8822,65,36126.50476229285,36126.50476229285,2
8823,65,7600.0,7600.0,1
8832,65,24726.265443434415,24726.265443434415,1
8848,70,52631.25913680951,55450.52194316682,1
8858,65,45074.21967381369,45074.21967381369,1
8862,70,58549.88898128654,58549.88898128654,1
8880,60,49516.96519306905,15000.0,1
8901,65,63386.28800896526,39184.83676382618,1
8902,70,35981.5214745303,35981.5214745303,1
8911,65,28428.70853371057,28428.70853371057,1
8912,70,17800.0,17800.0,1
8917,60,34363.769935069984,34363.769935069984,1
8942,70,13000.0,13000.0,1
8946,70,56834.80857528862,56834.80857528862,1
8953,65,32548.897093528954,32548.897093528954,1
8958,70,45382.382326435894,37517.74928679155,1
8970,70,36067.39994236137,36067.39994236137,1
8984,70,29179.532202225673,29179.532202225673,1
8986,60,66818.10954001201,21544.74475677171,1
8997,65,13600.0,13600.0,1
9062,60,56668.54774386217,37565.23819510767,1
9071,60,71660.96830197038,71660.96830197038,1
9115,60,81133.94740249541,81133.94740249541,1
9161,60,61160.90537617128,45980.30754782224,1
9171,65,61183.38038071611,61183.38038071611,1
9180,60,49990.783895312976,49990.783895312976,1
9192,60,7999.949362659202,7999.949362659202,1
9193,65,125710.06345576311,125710.06345576311,1
9198,65,60393.205021080765,60393.205021080765,1
9217,65,18000.0,18000.0,1
9232,60,74251.16670259011,46546.77838292245,1
9241,70,43375.05529504725,22771.69053748747,1
9242,70,53817.97407563448,53817.97407563448,1
9244,70,75321.4368605683,75321.4368605683,1
9246,65,19200.0,19200.0,1
9270,70,68849.34857902754,37594.83603213186,1
9291,60,69401.70884406265,49516.96519306905,1
9296,70,153515.13054482423,153515.13054482423,1
9331,60,58463.313869380785,58463.313869380785,1
9342,65,15438.435532196647,17176.93819758149,1
9353,60,38301.41005960181,38301.41005960181,1
9367,70,64712.24678450368,64712.24678450368,1
9370,65,19500.0,19500.0,1
9390,70,79389.42001546409,79389.42001546409,2
9426,60,11268.747182685795,11268.747182685795,1
9440,65,22000.0,22000.0,1
9448,70,126164.64296065959,80419.54719115024,1
9450,60,55929.17366868008,47201.43715568961,1
9453,65,18900.0,18900.0,2
9460,60,54686.65070485298,54686.65070485298,1
9481,60,100015.20437142855,100015.20437142855,1
9486,70,19800.0,19800.0,1
9492,65,15924.25536687061,15924.25536687061,1
9512,65,53444.14051321714,53444.14051321714,1
9552,70,21588.336240802986,10872.50995372206,1
9558,65,38299.31331988679,38299.31331988679,1
9560,70,47014.35054915462,47014.35054915462,1
9564,70,50045.08696164121,57060.506470254324,1
9578,65,43430.0157544675,43430.0157544675,1
9616,65,78357.88126004297,78357.88126004297,1
9637,60,83410.00460512843,15000.0,1
9659,60,129998.60344908574,49209.63678315797,1
9684,65,56780.4693237716,40416.400651501164,1
9689,65,126056.60670404429,126056.60670404429,1
9713,60,32211.34533953704,32211.34533953704,1
9717,65,71990.65690610363,71990.65690610363,1
9726,60,50198.72697346013,50198.72697346013,1
9735,60,59514.58315609537,42903.06095662741,1
9737,70,51776.62651538668,51776.62651538668,1
9743,65,48168.20878021974,48168.20878021974,1
9779,60,35075.12179203399,35075.12179203399,1
9792,70,39882.78240379537,39882.78240379537,1
9798,65,42167.84593067226,42167.84593067226,1
9857,60,42268.361176116254,42268.361176116254,1
9894,60,48816.63092911727,48816.63092911727,1
9909,65,54320.62089340965,54320.62089340965,1
9925,65,26480.25674764454,26480.25674764454,1
9936,65,17800.0,17800.0,1
9939,70,28428.70853371057,28428.70853371057,1
9957,65,33748.27657326887,33748.27657326887,1
9961,60,176966.20126751508,137248.07350183718,1
9985,70,57675.82439467662,57675.82439467662,1
10008,60,46332.95888718279,46332.95888718279,1
10032,60,69544.64951913088,45539.09122011647,1
10043,65,47201.43715568961,47201.43715568961,1
10066,60,59519.434432116,59519.434432116,1
10072,65,71779.7988979707,35920.32639549477,1
10104,65,61139.094527332294,61139.094527332294,1
10119,65,7800.0,7800.0,1
10120,70,63407.62238580222,63407.62238580222,1
10145,65,80010.29796253292,80010.29796253292,1
10169,60,119546.13085057242,119546.13085057242,2
10187,60,42947.714961239435,42947.714961239435,1
10209,65,31541.524868956694,31541.524868956694,1
10213,60,30694.243367352887,31083.283403219808,1
10214,70,31622.54169751542,31622.54169751542,1
10215,65,47348.05232404821,47348.05232404821,1
10224,70,15406.076349377332,15406.076349377332,1
10229,60,52878.71803835995,11600.0,1
10240,70,20000.0,20000.0,1
10245,65,66722.57809532576,66722.57809532576,1
10283,70,66432.59805943805,66432.59805943805,1
10290,70,16141.86693619253,16141.86693619253,1
10302,65,37344.83216693859,15400.0,1
10313,65,110284.89835223087,110284.89835223087,1
10316,65,58861.294828251586,51548.13371724294,1
10326,70,54792.234139302076,54792.234139302076,1
10327,65,102574.28378451047,102574.28378451047,1
10338,70,21412.0,21412.0,1
10346,60,43297.29812066302,18846.80379274453,1
10356,65,12968.547749289884,12968.547749289884,1
10386,70,18770.729890862603,21000.0,1
10396,65,31879.30189174805,31879.30189174805,1
10399,60,149023.09832733005,66190.44132445785,1
10403,65,50875.78314818475,50875.78314818475,1
10404,65,65475.07010171804,65475.07010171804,1
10405,65,145665.77778287837,54819.393393567225,1
10407,70,28009.788657155343,28009.788657155343,1
10409,60,36702.962856665414,36702.962856665414,1
10424,65,28428.70853371057,28428.70853371057,2
10431,60,9999.894089655303,9999.894089655303,1
10442,65,43100.015029981965,43100.015029981965,1
10460,65,35786.80212020391,35786.80212020391,1
10462,70,73197.69990791373,52613.16509850495,1
10486,60,24900.0,24900.0,1
10498,60,35251.39245070114,35251.39245070114,1
10503,65,82176.17131177364,82176.17131177364,1
10525,60,42730.63101584278,42730.63101584278,1
10532,60,56210.23896347899,30005.048411213495,1
10541,65,50875.78314818475,50875.78314818475,1
10551,60,8000.0,8000.0,1
10553,65,27527.919229993455,27527.919229993455,1
10556,65,33751.995908291654,34097.090975214094,1
10565,65,54192.220770334905,54192.220770334905,1
10577,60,37167.241007194796,37167.241007194796,1
10589,65,92429.52714800001,94734.76645520239,1
10594,65,24304.394772550164,24304.394772550164,1
10603,60,36674.27200410054,36674.27200410054,1
10605,65,32211.34533953704,32211.34533953704,1
10648,70,116392.86168345305,86445.0923649763,1
10667,60,108879.8451,76821.47122772141,1
10700,70,52944.75316582082,52944.75316582082,1
10721,60,31931.406583502063,31931.406583502063,1
10723,60,82463.00878926834,82463.00878926834,1
10738,65,29242.457351941972,29242.457351941972,1
10740,60,53011.09411364173,53011.09411364173,2
10746,65,183603.39664525967,128724.99210204033,1
10791,65,33921.34072582226,33921.34072582226,2
10797,60,68721.24630971551,68721.24630971551,1
10807,60,38312.822209893806,38312.822209893806,1
10812,65,39590.52128017581,39590.52128017581,1
10813,60,35895.334020220005,35946.26353939072,1
10822,65,22727.76817810781,22727.76817810781,1
10826,65,76127.35102334572,76127.35102334572,1
10854,65,63489.07790297244,63489.07790297244,1
10862,60,51391.84757182828,51391.84757182828,1
10872,60,4336.168990841842,4336.168990841842,1
10897,70,64926.53259001441,64926.53259001441,1
10900,70,22000.0,22000.0,1
10920,70,66494.02665379955,66494.02665379955,1
10927,60,56210.23896347899,56210.23896347899,1
10929,65,106261.37343808521,106261.37343808521,1
10935,60,34933.54128013089,34933.54128013089,1
10948,65,109949.29716768627,109949.29716768627,1
10978,60,33601.5200641356,33601.5200641356,1
10981,65,58204.21624506806,58204.21624506806,1
10997,60,13676.808549464784,15756.02588011245,1
11002,65,81595.38617277532,81595.38617277532,1
11007,70,88270.3821747573,88270.3821747573,1
11011,60,57642.27225821763,59235.6609348842,1
11012,60,55200.45821091278,55200.45821091278,1
11016,70,56376.227757449524,25774.330574343803,1
11035,65,64080.29867656779,64080.29867656779,1
11044,70,44242.19140962381,44242.19140962381,1
11049,60,54141.374921809576,54141.374921809576,1
11067,65,11286.657623500321,11286.657623500321,1
11073,65,43893.26915828403,46448.74982014128,1
11076,70,51548.8611309004,51548.8611309004,1
11087,65,32335.838386312396,32335.838386312396,1
11105,65,66283.5789189771,66283.5789189771,1
11110,60,27625.589812549213,27625.589812549213,1
11111,65,34392.131306278876,19177.14666970568,1
11116,70,79897.21697304762,79897.21697304762,1
11139,65,52528.713031561965,52528.713031561965,1
11157,65,75474.07814847911,75474.07814847911,1
11164,65,52213.69682682498,52213.69682682498,1
11182,70,27256.059330766933,27256.059330766933,1
11189,60,100790.84232034185,100790.84232034185,1
11197,65,12380.670614932002,12380.670614932002,1
11205,60,26870.422512456837,26870.422512456837,1
11209,65,35251.39245070114,35251.39245070114,1
11245,65,16360.0,16360.0,1
11255,60,64882.25630103269,64882.25630103269,1
11291,70,33217.66365696825,33217.66365696825,1
11299,65,59806.761094074776,27930.402084032747,1
11321,65,20460.0,20460.0,1
11332,65,28188.819332130854,28188.819332130854,2
11340,65,12378.516328640893,13549.516041745506,1
11342,60,86389.31208329028,61139.094527332294,1
11379,65,18080.60611038311,18080.60611038311,1
11395,70,52215.77868063467,52215.77868063467,1
11425,60,50034.44356058844,31720.990211185992,1
11432,60,18467.869161559913,18467.869161559913,1
11441,60,60547.39790425935,60547.39790425935,1
11453,65,4454.588214565136,5104.690639350437,1
11464,70,25600.0,25600.0,1
11472,65,74083.43912023344,19200.0,1
11489,60,59188.41277409094,59188.41277409094,1
11492,60,57543.347406544795,27463.770165724152,1
11507,70,61054.072809003774,61054.072809003774,1
11512,65,74698.18996601088,74698.18996601088,1
11529,65,55091.04777490874,55091.04777490874,1
11538,65,87173.17147667236,87173.17147667236,1
11555,65,60395.62846637361,60395.62846637361,1
11557,60,97948.17569685585,100018.52159120685,1
11616,65,68869.33263476068,61567.21288172006,1
11626,70,21120.0,21120.0,1
11632,70,104584.71593628754,104584.71593628754,1
11651,60,165674.89597222218,65577.64086557513,1
11652,70,55537.99935893645,55537.99935893645,1
11660,65,30547.349635421284,30547.349635421284,2
11681,70,87964.79510182867,95392.51981151622,1
11719,70,84836.64049440665,84836.64049440665,1
11720,65,17220.99639416481,19200.0,1
11727,70,54522.533223360624,54522.533223360624,1
11729,70,51391.84757182828,33520.63872023355,1
11732,65,24397.609832333033,24397.609832333033,1
11738,65,47845.00805296981,26582.659673382987,1
11762,60,47845.00805296981,47845.00805296981,1
11794,70,36702.962856665414,36702.962856665414,1
11802,65,49470.923122887405,49470.923122887405,1
11805,65,33578.12557835755,33578.12557835755,1
11853,60,37611.13109907344,37611.13109907344,1
11866,65,43606.436420166334,43606.436420166334,1
11879,65,50103.75537797312,45398.024619936405,1
11880,65,72194.2736232942,72194.2736232942,1
11917,60,58861.294828251586,58861.294828251586,1
11932,60,85821.11062012127,41391.02677558764,1
11938,70,48556.054944083095,50959.66597245662,1
11949,65,43356.55836533324,43356.55836533324,1
12011,70,46833.45416517001,41257.82522683521,1
12028,70,65865.97876743281,65865.97876743281,1
12049,70,33619.36680298661,33619.36680298661,1
12061,65,29984.860581957433,29984.860581957433,1
12073,70,39464.36209616623,39464.36209616623,1
12088,65,76944.84441054531,35523.54301796981,1
12096,70,120255.73305947515,120255.73305947515,1
12099,65,69862.3097148417,70949.16421661973,1
12133,65,34452.64964051704,34452.64964051704,1
12139,70,42803.420525192334,31515.124719841144,1
12147,60,66190.44132445785,43291.87024970223,1
12181,65,59484.89004502093,59484.89004502093,1
12183,70,67171.50431103332,67171.50431103332,1
12223,60,8300.0,8300.0,1
12228,60,4578.239507265206,4578.239507265206,1
12236,65,42067.83078865584,42067.83078865584,1
12244,65,13532.583474956033,13532.583474956033,1
12250,60,46875.30280172671,46875.30280172671,1
12256,65,69190.96971484381,69190.96971484381,1
12279,60,78831.07985218246,78831.07985218246,1
12297,70,10000.0,10000.0,1
12300,65,71918.87830734218,71918.87830734218,1
12328,60,38290.22853008602,38290.22853008602,1
12346,65,142945.73330051094,142945.73330051094,1
12347,65,35483.135032298545,35483.135032298545,1
12350,70,80119.54111868767,80119.54111868767,1
12390,70,63325.369295112054,63325.369295112054,1
12399,60,21000.0,21000.0,1
12421,65,51306.62959815477,51306.62959815477,1
12432,60,48903.4777218883,48903.4777218883,2
12463,70,64616.18874749353,72373.21571056353,1
12472,65,40859.412911050065,40859.412911050065,1
12500,60,42451.29911439351,42451.29911439351,1
12505,65,50387.16266901564,50387.16266901564,1
12529,65,17853.110159744254,17853.110159744254,1
12549,60,89250.18123182256,55330.65487452954,1
12557,70,91754.38304817419,91754.38304817419,1
12564,65,35093.769174532245,35093.769174532245,1
12647,65,256187.6731681595,256187.6731681595,1
12662,60,83151.52933332413,32932.54060407952,1
12672,60,70056.80419581037,70056.80419581037,1
12683,60,57452.68941761974,35966.499862268785,1
12700,60,82468.78970256468,44699.795167193835,1
12725,65,32938.9693834618,32938.9693834618,1
12760,65,41588.660563568155,41588.660563568155,1
12767,65,52862.59648270523,52862.59648270523,1
12794,60,12922.716686445787,12922.716686445787,1
12803,70,11000.0,11000.0,1
12825,65,35805.716805036864,36946.49482412075,1
12839,60,69401.70884406265,40515.598863127256,1
12861,60,111171.75784917941,48915.200077276335,1
12871,70,33021.89783239426,33021.89783239426,1
12880,70,96983.88832241323,41397.89675408245,1
12886,65,62242.62477245781,62242.62477245781,1
12913,65,62031.56453134208,62031.56453134208,1
12972,60,28588.13637535005,15100.0,1
13012,65,34933.54128013089,34933.54128013089,1
13019,65,43750.03936587585,43750.03936587585,1
13033,65,9243.221634741187,9243.221634741187,1
13042,70,35318.20982315039,35318.20982315039,1
13046,65,36702.962856665414,36702.962856665414,1
13049,60,160504.36785187118,160504.36785187118,1
13062,65,37486.514150857394,37486.514150857394,1
13065,60,39614.449039306826,39436.21505147171,1
13081,65,107960.97582393857,107960.97582393857,1
13082,65,57790.44820826762,57790.44820826762,1
13101,60,45629.53867976152,45629.53867976152,1
13109,60,37322.95711427047,37322.95711427047,1
13113,65,50002.88869044449,50002.88869044449,1
13137,65,33972.895158161424,33972.895158161424,1
13138,70,12799.788071064475,12799.788071064475,1
13170,70,45493.3090539653,45493.3090539653,1
13230,70,51503.111064722914,37672.14170417323,1
13338,60,83818.32911063022,39661.25951604781,1
13356,65,62285.90051428841,62285.90051428841,1
13432,60,61163.197801136565,28291.62884186761,1
13459,65,62042.0702918731,62042.0702918731,1
13534,60,100444.63052582498,89126.21553688188,1
13570,60,36067.39994236137,36067.39994236137,1
13596,60,178576.10365270998,201905.44170636422,1
13719,65,59763.69939452643,56510.319642743925,1
13733,65,46378.85629958026,46378.85629958026,1
13777,60,44369.95471187443,44369.95471187443,1
13795,60,60490.49533150252,60490.49533150252,1
13866,65,31692.980026644233,31692.980026644233,1
13867,65,33498.4433981976,33498.4433981976,1
13896,65,26894.262157530353,26894.262157530353,1
13902,65,10499.987957000254,10499.987957000254,1
13926,60,37344.36660593566,37344.36660593566,1
13930,60,56510.319642743925,56510.319642743925,1
13967,70,22771.69053748747,22771.69053748747,1
13990,60,40406.0119707449,40406.0119707449,1
14001,70,53896.9745896358,53896.9745896358,1
14017,70,56891.44159265197,56891.44159265197,1
14024,65,42903.06095662741,42903.06095662741,1
14027,60,29752.459949868826,29752.459949868826,1
14051,65,79766.36030149352,79766.36030149352,1
14085,65,90545.37620999324,27244.302466928366,1
14110,60,52215.77868063467,52215.77868063467,2
14115,60,82559.63127633808,82559.63127633808,1
14127,60,28428.70853371057,28428.70853371057,1
14134,65,47767.62351106042,47767.62351106042,1
14147,70,36801.63888576531,36801.63888576531,1
14179,60,80380.77348099533,80380.77348099533,1
14188,60,5257.299330031785,5257.299330031785,1
14196,65,56574.92257122772,67140.13344559127,1
14211,65,35981.5214745303,35981.5214745303,1
14219,60,74906.2453049655,31541.524868956694,1
14234,65,73910.64237539972,26410.93913384758,1
14240,70,52215.77868063467,52215.77868063467,1
14261,70,20550.0,20550.0,3
14262,65,46498.78504713272,46498.78504713272,1
14317,70,10295.056115864898,10295.056115864898,1
14340,70,47278.72771368355,47278.72771368355,1
14384,70,63072.10278900126,63072.10278900126,1
14388,60,90275.18665439091,90275.18665439091,1
14421,65,63858.92176897324,63858.92176897324,1
14427,60,50787.557112500945,29713.941774663184,1
14452,70,43952.56160907516,43952.56160907516,1
14456,65,38835.50397772283,38835.50397772283,1
14474,60,31480.502860346456,31480.502860346456,1
14476,60,55850.24240873508,55850.24240873508,1
14749,70,52749.43441973118,52749.43441973118,1
14770,70,48234.2936893855,48234.2936893855,1
14777,60,108693.27054603136,108693.27054603136,1
14788,65,193920.4804182193,138217.9941792464,1
14817,65,11339.236772301756,11339.236772301756,1
14820,60,138217.9941792464,64416.71667258273,1
14829,65,11458.37283250052,13324.249618021116,1
14834,65,67943.6624766286,67943.6624766286,1
14838,65,7198.076051610218,7198.076051610218,1
14842,60,46515.88993586347,46515.88993586347,1
14860,60,33721.93215573126,33721.93215573126,1
14862,60,82214.40595730176,82214.40595730176,1
14864,65,217633.5881094132,217633.5881094132,1
14921,65,56164.871742682306,56164.871742682306,1
14951,70,58335.93518213195,58335.93518213195,1
14958,60,108559.38737159397,108559.38737159397,1
14968,65,19000.0,19000.0,1
14974,70,143324.40270592077,143324.40270592077,1
14982,70,55354.82098079097,39342.71622593022,1
15003,65,176835.28673722627,184730.3796678123,1
15012,65,129231.07117571984,31725.52393127724,1
15015,65,40008.40020039425,40008.40020039425,1
15034,65,48941.70176564315,48941.70176564315,1
15056,65,292015.2953712206,79127.95267382673,1
15066,70,26002.45257168146,26002.45257168146,1
15083,60,95876.66570308564,14261.453982215351,1
15087,70,10499.877608050034,10499.877608050034,1
15102,65,38259.55339859957,38259.55339859957,1
15106,70,16894.0,16894.0,1
15108,65,90260.12036882744,66467.96487650415,1
15118,65,45539.09122011647,45539.09122011647,1
15122,65,92298.09485875673,92298.09485875673,1
15133,70,16302.458613431028,16302.458613431028,1
15151,60,64815.97313968374,46324.48141677508,1
15156,60,153504.2051,139563.0851,1
15186,70,63565.52877591821,63565.52877591821,1
15216,60,137236.47110372296,59763.69939452643,1
15237,70,144779.62567543436,107245.10789473772,1
15255,65,214809.97975105283,214809.97975105283,1
15266,70,136006.81919153576,136006.81919153576,1
15270,65,90642.81535315991,83557.36325280451,1
15273,70,9357.053959962313,9357.053959962313,1
15290,65,102299.37949145115,102299.37949145115,1
15292,65,128131.33067457384,9949.199506582498,1
15341,60,32294.8143154184,32294.8143154184,1
15385,65,10000.0,10000.0,1
15390,65,14533.083314577347,14533.083314577347,1
15404,70,70824.08842772529,36314.23519131673,1
15406,65,135128.92739393935,97356.45652178295,1
15407,65,6057.1875103980055,6057.1875103980055,1
15449,60,20000.0,20000.0,1
15452,60,90585.11771482242,90585.11771482242,1
15460,65,56210.23896347899,56210.23896347899,1
15462,65,115446.21058791345,20000.0,1
15464,65,28964.93640842863,28964.93640842863,1
15469,70,21419.39883762708,21419.39883762708,1
15478,60,163733.83006012082,63980.08091695884,1
15488,65,45256.07857031649,45256.07857031649,1
15517,65,64625.605862815406,64625.605862815406,1
15524,65,88036.00191818888,88036.00191818888,1
15557,60,43845.5615399373,43845.5615399373,1
15561,65,45337.40489764941,16861.479637211178,1
15562,60,226790.0222419508,49967.75702515248,1
15569,70,73321.08777887975,73321.08777887975,1
15591,60,146844.14178590276,82214.36649029441,1
15605,70,64240.83507309355,64240.83507309355,1
15612,65,10000.0,10000.0,1
15620,60,7200.0,7200.0,1
15626,60,98088.567148,62888.189975452784,1
15633,70,76038.1350740539,76038.1350740539,1
15636,70,52015.97928021212,52015.97928021212,1
15657,60,49535.98262427363,49535.98262427363,2
15658,65,137499.0594444549,68900.23994244984,1
15660,70,6799.974355183755,6799.974355183755,1
15663,70,62799.963537939766,62799.963537939766,1
15672,60,163801.26986842102,119037.07846897883,1
15684,70,38000.96164084796,38000.96164084796,1
15697,70,76844.35739144163,76844.35739144163,1
15725,65,19000.0,19000.0,1
15767,70,87901.29801181727,55520.92563126581,1
15812,65,61692.48511376209,61692.48511376209,1
15833,60,82244.57783356596,56478.07353380087,1
15835,65,52332.2301463035,52332.2301463035,1
15852,65,35793.30774836727,35793.30774836727,1
15869,60,87207.83771843457,43181.10016345961,1
15886,70,193004.08181403164,193004.08181403164,1
15901,60,40378.03545573588,9999.894312600176,1
15911,65,7600.0,7600.0,1
15926,70,56930.38299828628,58257.42662234969,1
15928,60,69401.70884406265,45552.32247913801,1
15968,60,86960.45591624962,86960.45591624962,1
15970,65,138291.71922643113,166541.43440340404,1
15987,60,173353.9225111704,94477.87528733115,1
15989,60,20918.894498783262,20918.894498783262,1
16002,65,81982.97529289713,81982.97529289713,1
16009,70,35251.39245070114,35251.39245070114,1
16035,65,27513.332144178967,27513.332144178967,1
16052,60,71665.82852317483,71572.49596988782,1
16059,70,41375.01151892026,41146.549213116305,1
16080,60,60285.67560185949,60285.67560185949,1
16144,60,76164.26530772114,53953.66719087083,1
16168,65,79003.34998550205,80805.27023447186,2
16172,65,92429.52714800001,21938.62919494586,1
16179,70,54144.32053870199,54144.32053870199,1
16180,60,33272.10339289729,36376.236873549075,1
16186,70,362436.4293566633,202905.93832650167,1
16191,60,28298.62056710662,28298.62056710662,1
16206,65,105068.23040130727,42273.682348842,1
16228,60,126008.17119800656,62969.99028071976,1
16239,60,64295.814034697214,64295.814034697214,1
16242,70,100117.90590244145,100117.90590244145,1
16281,65,99303.17921995163,81559.62450892168,1
16283,65,41056.25350510765,41056.25350510765,1
16337,70,211260.62069778237,211260.62069778237,1
16349,70,82675.90382013023,82675.90382013023,1
16360,70,239420.77824109906,12426.149225458214,1
16372,70,15250.50928335288,15250.50928335288,1
16384,60,91398.21393302162,49410.50583566696,1
16392,65,119285.9251,19500.0,1
16413,65,116093.69280817821,113278.89807044367,1
16455,65,62667.5167161736,62667.5167161736,1
16481,65,52223.90497048464,52223.90497048464,1
16507,65,29770.978421699212,29770.978421699212,3
16514,65,36323.15462003409,36890.173479714664,2
16564,60,94742.85198825394,94742.85198825394,1
16590,65,80924.65250425153,80924.65250425153,1
16598,65,188442.53378668358,62797.78151472533,1
16606,60,108990.3305257902,65558.68785361266,1
16614,65,75469.32244037527,75469.32244037527,1
16644,65,25500.286118686145,25500.286118686145,1
16665,70,117084.3562546631,146011.26984688774,1
16679,65,80010.29796253292,52215.77868063467,1
16700,65,36304.41845251694,38656.00484322271,1
16708,60,107089.85237648268,86142.34969088875,1
16710,60,70439.1936828177,44914.1160037265,1
16712,70,50553.34598901422,49765.0130632482,1
16724,60,66131.26662620476,66131.26662620476,1
16727,65,107320.95884708653,43750.03936587585,1
16730,60,199803.81629807752,199803.81629807752,1
16749,70,17723.121304197455,17723.121304197455,1
16754,65,38114.454156163985,38114.454156163985,1
16757,65,69484.87316827696,53023.89349425258,1
16758,65,18207.44930301388,18207.44930301388,1
16782,60,272770.6919411478,79353.9690271419,1
16799,60,140212.02042764603,66725.10051388413,1
16811,70,76018.52348783016,33051.89593429473,1
16817,65,9498.661157753895,9498.661157753895,1
16827,65,124602.49319281541,46964.75191521695,1
16832,65,23646.347486449522,29377.19939746735,1
16852,65,28370.903798645442,28370.903798645442,1
16855,65,52139.94937699418,52139.94937699418,1
16863,70,61975.5919543876,61975.5919543876,1
16884,60,55767.334902788934,55767.334902788934,1
16887,60,197310.98739988092,197310.98739988092,1
16904,70,11870.25656049117,11870.25656049117,1
16905,70,59616.71217073202,43254.76973653365,1
16913,60,156341.0659977314,26080.43023581876,1
16923,60,35981.5214745303,35981.5214745303,1
16931,70,18308.839579888896,19179.84704129212,1
16960,65,71950.80988164939,71950.80988164939,1
16999,60,81133.94740249541,73180.09126679179,1
17025,70,52037.66215219107,52037.66215219107,1
17074,70,134745.0451,64815.97313968374,1
17098,65,45996.09174912594,45996.09174912594,1
17145,60,40611.933952322455,40611.933952322455,1
17151,60,107927.66469930073,97008.37753425063,1
17165,65,57803.90747701655,57803.90747701655,1
17185,65,31117.061282082475,31117.061282082475,1
17192,65,46921.61373277077,46921.61373277077,1
17194,60,88164.96169961437,88164.96169961437,1
17219,60,63735.35522997372,23169.954588357716,1
17227,65,36651.959788676926,36651.959788676926,1
17238,60,16730.964697968888,16730.964697968888,1
17251,65,90360.22237584478,90360.22237584478,1
17260,60,133414.19080165937,133414.19080165937,1
17289,70,33543.59719120894,33543.59719120894,1
17345,65,42397.91950211305,42397.91950211305,1
17378,70,66784.5627131439,60164.081228599374,2
17464,65,72593.41529804538,23000.0,1
17468,65,85773.719767618,85773.719767618,1
17527,60,56686.87343296283,56686.87343296283,1
17540,70,54616.283500100966,55843.67474216146,1
17541,65,79557.82258461906,82202.40148541368,1
17561,65,14000.0,14000.0,1
17612,70,14290.0,14290.0,1
17614,60,73193.4322842529,74990.9293665917,1
17632,70,57462.53293499498,57462.53293499498,1
17635,70,58861.294828251586,58861.294828251586,1
17637,65,62146.932550283,62146.932550283,1
17640,70,63397.823324549514,15626.207822424545,1
17658,70,72373.21571056353,72373.21571056353,1
17661,70,26673.743519692292,26673.743519692292,1
17668,70,164610.40174231972,164610.40174231972,1
17686,65,75247.99695885518,75247.99695885518,1
17704,60,249835.3082620443,50617.276524189474,1
17713,65,42358.674943290294,42358.674943290294,1
17774,70,83951.16753206027,83951.16753206027,1
17778,60,37711.83963560238,38970.618564208235,1
17784,60,57642.27225821763,56827.41687033271,1
17803,60,35981.5214745303,35981.5214745303,1
17824,65,140672.6634453071,91863.7067655663,1
17856,70,68003.76846506116,68003.76846506116,1
17886,65,17692.065262422064,17692.065262422064,1
17887,65,115084.81044626936,115084.81044626936,1
17889,70,12560.262359283988,12560.262359283988,1
17893,60,75300.0211856093,75300.0211856093,1
17947,60,30617.530418166367,31321.54764728453,1
18002,60,78873.62951367846,78873.62951367846,1
18011,65,17000.0,17000.0,1
18028,65,9999.894089655303,9999.894089655303,1
18060,70,14000.0,14000.0,1
18063,70,34851.87169086535,34851.87169086535,1
18087,65,96620.75922799698,96620.75922799698,1
18121,70,70694.0099735595,39330.99373083438,1
18152,60,98088.567148,69401.70884406265,1
18160,65,5499.994483725433,5499.994483725433,1
18205,60,61200.83463689421,36343.27048444096,1
18209,60,59360.998487351215,59360.998487351215,1
18212,60,130699.57601430305,93567.01482667917,1
18241,70,12999.779219897926,12999.779219897926,1
18262,60,65139.711141303625,31473.503515636447,1
18267,65,93316.286670274,93316.286670274,1
18281,60,15000.0,15000.0,1
18400,70,44901.158485922126,46932.47603231268,2
18403,60,200258.1528734725,43324.83328787366,1
18503,65,24812.537031440934,24812.537031440934,1
18604,70,44747.73447778492,44747.73447778492,1
18636,65,71854.65341228172,71854.65341228172,1
18667,70,5500.0,5500.0,1
18691,60,29826.523412061786,29826.523412061786,1
18718,60,49249.716705406914,22000.0,1
18724,70,54403.53553177401,54403.53553177401,1
18743,65,43287.493166909386,43287.493166909386,1
18745,60,58905.94068011703,41588.660563568155,1
18839,65,109171.50957416286,109171.50957416286,1
18847,65,51453.21433476,51453.21433476,1
18848,60,50988.05767181435,25000.0,1
18863,60,58167.19093218427,58167.19093218427,1
18869,65,33519.72418419196,33519.72418419196,1
18890,70,28108.160487198387,28108.160487198387,1
18973,60,82291.60776727338,82291.60776727338,1
18991,70,144120.64605099504,153312.67504963602,1
19083,70,54634.075895095324,54634.075895095324,1
19118,60,61580.78916672243,61580.78916672243,1
19122,60,45953.66369883275,45953.66369883275,1
19133,70,56611.763403641424,56611.763403641424,1
19222,70,22414.0,22414.0,1
19223,70,19618.861536149165,19618.861536149165,1
19244,60,47686.805580754524,24000.0,1
19281,70,25672.502167111877,25672.502167111877,1
19394,65,38790.128743037254,38790.128743037254,1
19423,60,73759.25186412183,73759.25186412183,1
19458,60,24321.533486660537,21004.705194933784,1
19475,65,3974.206589428614,4547.516257570503,1
19490,60,23599.64582304501,23599.64582304501,1
19515,60,30107.59709075163,30107.59709075163,1
19527,65,47337.787012207795,47337.787012207795,1
19621,65,36185.54947319421,36185.54947319421,1
19638,60,69883.33771349033,69883.33771349033,1
19646,65,24570.946142657373,26000.0,1
19698,65,63987.10430934803,63987.10430934803,1
19732,70,59869.372859089955,59869.372859089955,1
19778,60,5905.227149814976,5905.227149814976,1
19833,65,94149.00300240154,94149.00300240154,1
19858,60,45934.525044199305,39300.117233892444,1
19894,65,29368.020353991506,29368.020353991506,1
19895,60,20096.76963218088,20096.76963218088,1
19916,65,44121.47359572994,44121.47359572994,1
19953,70,120548.32467605334,120548.32467605334,1
20018,70,16000.0,16000.0,1
20091,60,57669.85462008188,57669.85462008188,1
20162,70,5280.0,5280.0,1
20165,70,39785.98081004038,39785.98081004038,1
20274,60,47201.43715568961,26000.0,1
20307,70,39506.44435088307,39506.44435088307,1
20351,65,31844.03655013417,31844.03655013417,1
20396,65,71096.04942975956,71096.04942975956,1
20450,70,15000.0,15000.0,1
20496,60,68929.7433464928,50787.557112500945,1
20623,60,50471.0248166039,50792.50009939129,1
20626,60,40611.933952322455,36975.36643601217,1
20707,70,71050.75388760504,43887.70137637863,1
20754,60,69225.42183402207,69225.42183402207,1
20761,60,50242.45074372181,50242.45074372181,1
20792,60,92755.28970601295,35568.03444846451,1
20824,65,79127.95267382673,64295.814034697214,1
20852,70,92631.0939012496,92631.0939012496,1
20871,60,75474.07814847911,58861.294828251586,2
20909,70,22921.0,22921.0,1
20939,60,24312.134179016823,24985.340566336257,1
20966,60,39988.452972890016,39988.452972890016,1
20973,65,83494.19194716902,56808.663521811264,1
21019,60,62150.58091607086,46196.51324508929,1
21075,65,44034.61388536504,44034.61388536504,1
21136,60,39855.82606142168,27526.74245091852,1
21156,60,39557.78171405558,42114.29405288638,1
21200,60,83815.1000387559,83815.1000387559,1
21305,70,79952.13798088953,79952.13798088953,1
21313,60,39504.94040655735,39314.7859729773,1
21321,70,59057.679303415396,59057.679303415396,1
21332,70,50559.506649851835,50559.506649851835,1
21487,65,90241.3396932889,49918.60421594397,1
21511,60,99700.01215793799,99700.01215793799,1
21522,65,109363.3508233009,109363.3508233009,1
21528,65,35981.5214745303,35981.5214745303,1
21568,60,206874.38628264752,206874.38628264752,1
21607,60,121162.60915542908,116306.68230195834,1
21655,65,27488.878316539052,27488.878316539052,1
21694,60,50160.18365384724,50160.18365384724,1
21817,65,129692.00509999998,15000.0,1
21863,65,41465.76339450845,41465.76339450845,1
21894,60,105880.26331254882,106147.84655356487,1
21915,70,19200.0,19200.0,1
21921,65,72903.31788651786,72903.31788651786,1
21945,70,6250.0,6250.0,1
21948,70,42373.315648941534,42373.315648941534,1
22005,60,66694.02189540156,45942.404305714525,1
22063,65,70360.6305320963,70360.6305320963,1
22077,70,44753.85946500665,44753.85946500665,1
22123,70,40179.855141930115,40179.855141930115,1
22132,60,37946.29763997142,37946.29763997142,1
22197,65,25401.105226861466,25401.105226861466,1
22236,60,8002.962876953857,8002.962876953857,1
22239,65,37415.71659710646,37415.71659710646,1
22240,70,29667.66043804109,29667.66043804109,1
22282,65,34660.6378929149,34660.6378929149,1
22291,65,29174.44268323097,29174.44268323097,1
22451,60,83495.56945462553,88337.46223266878,1
22549,60,33167.39457481303,33167.39457481303,1
22553,65,31258.799667497995,31258.799667497995,1
22560,70,147708.09669522828,56949.254674454,1
22634,65,69401.70884406265,69401.70884406265,1
22637,65,53100.71590338371,53100.71590338371,1
22721,60,38450.8286196489,42793.32989769319,1
22753,60,79355.0325816012,10000.0,1
22770,60,61234.07088963366,38220.79410960583,1
22776,60,75546.19114373071,40611.933952322455,1
22846,65,40849.17067390089,40849.17067390089,1
22934,65,58204.21624506806,58204.21624506806,1
23154,65,46417.40949436535,51693.131691117866,1
23214,65,158051.03997225384,158051.03997225384,1
23215,65,11999.82177118392,11999.82177118392,1
23240,70,30107.59709075163,30107.59709075163,1
23243,60,35755.74072267872,35755.74072267872,1
23257,70,28945.391512753915,28945.391512753915,1
23298,65,41622.22284154075,41622.22284154075,1
23359,65,46717.3651548483,46717.3651548483,1
23402,65,33845.88617325395,33845.88617325395,1
23415,70,12000.0,12000.0,1
23474,60,25531.47708245216,25531.47708245216,1
23493,65,46609.10465910339,46609.10465910339,1
23500,65,18193.706362785386,18193.706362785386,1
23566,60,47154.812053645175,47154.812053645175,1
23599,60,50553.34598901422,50553.34598901422,1
23612,60,13723.666658205128,13723.666658205128,1
23658,70,25416.688070011896,25416.688070011896,1
23702,70,56306.39771655457,56306.39771655457,1
23719,60,37351.061396881436,37351.061396881436,1
23736,70,38699.359349259896,38699.359349259896,1
23742,60,95383.60794655,95383.60794655,1
23757,65,162036.7200842363,162036.7200842363,1
23800,60,72597.15475152293,60809.78904576364,1
23801,65,62163.900768316234,60420.81129868753,1
23805,65,153463.10225034977,96267.28578632142,1
23814,60,105445.87914631615,53011.09411364173,1
23871,70,51811.441010711445,51811.441010711445,3
23886,65,31160.43123848275,31160.43123848275,1
23894,65,20000.0,20000.0,1
23950,65,79506.87595187873,79506.87595187873,1
23957,60,203790.84035294113,203790.84035294113,1
23989,60,73903.4520262764,73903.4520262764,1
24004,60,74110.07178098027,63012.32516135934,1
24014,60,83704.37236315709,41969.37137930995,1
24018,65,66131.26662620476,66131.26662620476,1
24034,60,15159.528370376769,16556.496329681766,1
24063,65,75474.07814847911,75474.07814847911,1
24089,60,86779.18896681683,86779.18896681683,1
24090,60,97356.45652178295,33046.85029945041,1
24092,60,11215.09108885467,11215.09108885467,1
24116,65,24000.0,24000.0,1
24127,65,13599.752376819892,13599.752376819892,1
24131,70,91880.87108788357,91880.87108788357,1
24186,60,55790.49066528419,55790.49066528419,1
24223,60,105682.62724546157,59763.69939452643,1
24274,60,89337.10302742344,89337.10302742344,1
24279,65,59697.63198541702,59697.63198541702,1
24281,70,53010.741237225026,53010.741237225026,1
24404,60,75890.50716831557,75890.50716831557,1
24406,60,51548.13371724294,48416.358684657105,1
24418,65,205799.77706937282,205799.77706937282,1
24437,65,67400.65339808789,67400.65339808789,1
24443,60,65577.64086557513,42268.361176116254,1
24454,60,50864.482990395605,50864.482990395605,1
24476,65,24976.252515438242,24976.252515438242,1
24485,60,10225.235992177972,11999.821869482235,1
24509,65,5335.194341243633,5660.59690169051,1
24514,65,34203.66509671656,34203.66509671656,1
24530,70,21513.0,21513.0,1
24542,65,292015.2953712206,292015.2953712206,1
24614,65,73759.25186412183,73759.25186412183,1
24635,60,106193.89239026698,55507.71594374397,1
24649,60,71374.37456430099,29763.416518178543,1
24657,60,49535.98262427363,49535.98262427363,1
24679,70,8000.0,8000.0,1
24681,60,44506.53757420523,44506.53757420523,1
24684,70,27000.0,27000.0,1
24818,65,29770.978421699212,29770.978421699212,1
24835,65,31206.35365579167,31206.35365579167,1
24868,70,63485.84060069302,63485.84060069302,1
24879,65,82522.27924208569,43914.504321396846,1
24907,70,56207.259013468494,61931.11012975864,1
24909,65,30831.731422670488,16200.0,1
24939,70,40179.855141930115,40179.855141930115,1
24951,65,21468.319821450987,21468.319821450987,3
25051,60,44900.88186731619,44900.88186731619,1
25081,65,75374.2090144592,75012.54943569003,1
25088,65,7917.0,7917.0,1
25123,60,53332.16125506757,53332.16125506757,1
25166,70,107550.46111651506,49670.680381386446,1
25169,65,40999.981220256945,42003.120074702274,1
25171,60,38119.78269585346,38119.78269585346,1
25175,65,56541.8424552958,56541.8424552958,1
25184,65,61948.80571708171,61948.80571708171,1
25185,65,17752.554391845802,17752.554391845802,1
25193,70,39263.713907770354,39263.713907770354,1
25207,65,50364.128992215396,50364.128992215396,1
25299,70,66668.9090429382,66668.9090429382,1
25313,60,120593.30615440577,120593.30615440577,1
25386,65,67195.22756674548,67195.22756674548,1
25390,65,72819.93972839204,38606.43028464349,1
25393,60,144256.34693213002,144256.34693213002,1
25418,60,38815.1611529064,38815.1611529064,1
25422,70,32758.729355288076,32758.729355288076,1
25440,70,149709.78701250005,95212.8778907084,1
25463,65,55706.30323730997,55706.30323730997,1
25507,60,42903.06095662741,28428.70853371057,1
25516,60,21930.225400590567,21930.225400590567,1
25547,65,57861.38385537961,57861.38385537961,1
25640,60,71935.30982470578,79355.0325816012,1
25708,60,38582.8496875148,38582.8496875148,1
25730,65,42088.46596935862,46615.562024934676,1
25756,60,111288.86234690515,39049.25081885732,1
25786,60,58976.5484129473,57900.68732906056,1
25905,60,109193.64828192524,46978.73501850475,1
25969,65,12000.0,12000.0,1
25972,70,55588.45843842495,55588.45843842495,1
26011,60,101868.7185724008,101868.7185724008,1
26044,60,98012.03854755808,41807.68474268502,1
26186,60,36790.62602274452,36790.62602274452,1
26205,60,55929.17366868008,55929.17366868008,1
26211,70,11000.0,11000.0,1
26233,65,53587.435658982526,53587.435658982526,1
26248,70,36211.1886518463,36211.1886518463,1
26293,70,44145.8409292822,44145.8409292822,1
26325,65,67227.81871407523,41890.52900949617,1
26331,60,34512.57578517792,18000.0,1
26357,65,51134.39978791374,51134.39978791374,1
26372,60,55156.102466102995,55156.102466102995,1
26462,70,56297.09477479377,56297.09477479377,1
26526,65,51815.7563752796,51815.7563752796,1
26532,65,129091.31976310846,116196.82438719257,1
26601,65,49516.96519306905,49516.96519306905,1
26704,65,70694.0099735595,70694.0099735595,1
26720,60,73759.25186412183,40179.855141930115,1
26742,60,70057.3791916997,80363.49668977268,1
26871,65,41588.660563568155,41588.660563568155,1
26960,60,36065.02068726562,36065.02068726562,1
26981,60,13297.77576731538,13499.97602520311,1
27011,70,93503.99310889718,19900.0,1
27040,70,135809.37665428163,135809.37665428163,1
27042,65,27842.539665947468,27842.539665947468,1
27061,65,4680.291665110171,4680.291665110171,1
27075,65,54026.93189944874,59499.47595903225,1
27111,60,32294.8143154184,32294.8143154184,1
27128,60,20485.063836103174,22320.46204448779,1
27151,60,30180.408837332758,30180.408837332758,1
27248,65,115245.23366316388,115245.23366316388,1
27264,65,82570.69881360338,82570.69881360338,1
27272,60,48313.25192256168,48313.25192256168,1
27301,65,36271.140544387636,36271.140544387636,1
27306,70,63620.061054944796,59270.52160823994,1
27311,60,27567.466264848892,27567.466264848892,1
27325,60,47941.8888488666,28229.700739773954,1
27335,65,144680.24267114623,64513.17913214927,1
27347,65,107138.06070760466,107138.06070760466,1
27385,65,34601.340671147766,34601.340671147766,1
27403,60,226196.29339329834,109994.68260671485,1
27404,65,42903.06095662741,42903.06095662741,1
27412,60,87816.37255569833,44718.75511037845,1
27490,65,22000.0,22000.0,1
27510,65,53933.26842849725,53933.26842849725,1
27521,70,6988.044545685687,6988.044545685687,1
27541,65,45905.09784835811,45905.09784835811,1
27553,60,31376.59529735736,33393.17200966255,1
27574,60,37774.67092244315,37774.67092244315,1
27578,70,48401.95950751052,48401.95950751052,1
27625,70,48576.69335152883,48576.69335152883,1
27695,60,93402.94288272486,63699.970280933434,1
27724,60,72735.76240711041,72735.76240711041,1
27760,60,28491.934879879085,28491.934879879085,1
27762,70,70822.82114927973,70822.82114927973,1
27771,65,37279.89135132024,37279.89135132024,1
27799,70,41484.653832328324,41347.22564427596,1
27854,60,87161.02383455337,87161.02383455337,1
27876,60,68878.46950505598,27436.387124000445,1
27920,70,32483.761352952515,32483.761352952515,1
27930,65,18154.589997882384,18154.589997882384,1
28011,65,7200.0,7200.0,1
28012,70,24000.0,24000.0,1
28073,70,41009.03931519287,41274.269028675655,1
28130,65,80010.29796253292,80010.29796253292,1
28159,70,43258.744530988864,43258.744530988864,1
28163,60,18184.201641313808,19601.5536680637,1
28253,60,38312.822209893806,38312.822209893806,1
28357,65,22771.69053748747,15000.0,1
28391,70,29770.978421699212,29770.978421699212,1
28409,65,46384.1070764339,46384.1070764339,1
28424,60,41534.93112014879,41534.93112014879,1
28446,65,95962.54891989051,62284.95269351958,1
28453,70,43576.25110606088,43576.25110606088,1
